Time;V1;V2;V3;V4;V5;V6;V7;V8;V9;V10;V11;V12;V13;V14;V15;V16;V17;V18;V19;V20;V21;V22;V23;V24;V25;V26;V27;V28;Amount;Class
800;2.727733;-3.491174;0.87043;-0.353345;4.040489;-0.37448;-0.43485;0.496571;0.302085;2.040872;0.722268;1.163041;-0.131891;-0.597624;-1.547817;0.322381;-0.910584;0.122936;0.202077;-0.375076;-0.282541;0.089617;0.341823;-0.585446;0.277977;-0.380696;0.023383;-0.21199;1.13;0
854;-0.967149;-0.075684;2.696636;-2.276426;1.145646;1.189691;1.126138;2.09496;0.406663;0.899568;-0.228471;0.280185;-1.161821;0.841614;-0.515692;0.298329;-1.050426;-0.551793;0.276599;-0.882287;0.668634;-0.382892;0.817647;0.72211;0.019649;-0.730114;0.005994;-0.238786;11.89;0
875;-0.199456;1.712888;-1.824929;-0.049141;-0.358904;2.679675;1.037712;1.906446;0.199174;-1.228936;1.573836;-0.460244;0.607556;0.755916;0.399997;0.299926;1.03991;-0.757052;-1.691194;0.443012;0.750902;0.592594;0.294824;-0.766663;0.469746;-0.451752;-0.680234;0.02542;36.19;0
954;-0.718643;-0.439517;1.639017;-0.474832;-0.307593;-1.382326;-0.190476;-1.39852;1.125857;-1.442081;-0.299589;-0.114037;0.081858;-0.489468;-0.344613;0.884954;-1.512971;-1.635278;-1.104048;0.207033;0.566547;-0.129373;0.129807;-0.078454;0.62111;-0.07836;0.425491;-0.086391;179.32;0
995;0.888507;-1.915696;1.548459;0.893704;-0.290892;0.758743;-1.74128;-0.153147;-1.003544;1.33144;-0.533234;0.368515;-0.063973;0.339976;-0.556409;-0.657149;0.520165;1.576682;0.931642;-0.741248;-0.391177;-0.754195;-0.283889;-0.900986;-0.160327;0.680507;0.293217;-0.481934;16.75;0
1103;-1.119173;-1.31473;-2.51941;0.199648;2.589251;2.661307;0.005738;1.045477;-1.150772;-0.997048;1.520917;0.188427;0.285507;-0.985534;-0.060495;1.163867;-0.608722;-0.921644;0.049861;0.117869;-1.054378;-1.268126;0.307717;0.709158;0.290257;-0.237505;0.017093;-0.331182;32.14;0
1201;0.060486;-0.94979;-0.426208;1.967662;1.289998;0.888529;1.400194;-1.071698;1.097378;0.761391;-0.568375;0.60127;-1.444994;-0.159496;-0.255112;-1.400339;0.870427;-1.530138;-1.543737;0.385685;1.551043;1.033494;-0.452407;0.948051;0.199682;-0.714451;-0.211774;0.354882;5.84;0
1589;-2.47892;-1.517417;-0.140859;0.169526;-0.561779;-0.983329;1.006512;-1.815992;2.273956;0.235995;0.237089;1.646856;1.314626;-0.402409;0.677499;0.592463;-0.382978;1.423499;0.058518;-0.294134;-0.222255;0.090659;0.115282;-0.726489;0.419289;0.006389;0.544056;0.147952;3.32;0
1688;2.201097;-0.534363;-2.42553;-0.728332;-1.659565;0.337755;2.11071;-0.854643;0.876852;1.527384;-0.561025;-1.01627;-0.528862;0.904506;-1.217348;0.157629;0.006639;0.026092;-1.281536;0.297626;0.723173;0.060132;-0.145146;0.197805;0.170347;0.598681;-0.406316;-0.008903;289.48;0
1873;1.237945;2.339268;-0.39465;0.15193;1.700624;1.841945;-0.618096;-0.087047;1.377529;0.645847;0.962579;0.752772;-0.389767;0.454329;0.469085;-0.837361;0.424943;-0.104196;-0.474368;0.013644;-0.349209;-0.031534;-0.619188;-0.180458;0.137321;-0.002182;0.391645;0.412576;2.15;0
1900;-0.639907;-1.303441;1.338507;1.098317;1.207198;-1.330969;0.956333;-4.786878;-0.132325;0.056669;1.342817;-0.096226;0.800436;-0.639025;-0.051986;0.915611;1.058661;0.259894;0.195399;-0.159104;1.521406;0.876984;0.956376;0.312362;-0.314284;0.098845;-0.347449;-0.020353;1088.91;0
1962;-0.984841;-1.113676;-0.570294;-2.447955;1.024792;-0.020029;-1.257797;-1.275529;0.242727;2.336758;-0.668019;1.141119;0.556784;-0.543434;0.385193;-1.585893;-0.510288;0.365978;0.196569;-0.729196;-0.373757;0.102676;-0.617387;0.961585;0.106933;-0.013251;0.526542;0.233141;98.27;0
2008;1.187025;0.52542;0.385621;-0.945653;-0.065567;-0.303832;0.239964;-2.066457;0.227922;0.98734;0.577266;1.619391;1.888908;-0.017888;-1.274083;1.440196;-0.550142;0.179112;0.805552;0.163269;0.063422;1.114582;-0.254243;0.235103;-0.176657;-0.103176;0.185837;-0.012188;91.83;0
2100;-1.449222;-0.572439;0.396549;-0.915731;-0.363472;-0.819777;1.360711;1.41454;-0.110969;0.694658;0.67194;0.204161;-0.956566;-0.144835;0.793572;1.995997;0.419776;-1.265675;0.36687;-1.587009;1.685072;0.10498;-0.992646;-0.467;-0.555892;1.176093;0.358049;0.019948;78.51;0
2247;0.174462;-2.56949;0.001663;0.653606;2.375608;0.341268;1.113966;1.15846;1.502427;-0.654041;0.148725;0.6246;-0.930143;-0.258343;0.484167;-0.133616;-1.384823;-1.330784;0.417903;1.117339;-1.176774;-1.925789;-0.114137;-0.421176;0.155995;0.643679;0.084829;1.036644;22.67;0
2263;2.194728;-0.375856;-1.044825;0.818747;2.504012;-0.113954;0.117811;0.381491;1.177432;-1.159841;1.576103;1.213904;-1.178035;-0.327877;1.512619;-0.894392;-1.497082;-0.612338;-0.318991;0.924195;0.870517;0.912155;0.258816;-0.215878;-0.531693;0.918216;0.178785;-0.229088;59.63;0
2487;-1.651951;-0.441082;1.014809;0.213743;0.933372;0.875656;-0.342385;0.169014;-0.489158;-0.19282;1.568387;0.998257;0.098182;1.33402;-0.767791;-0.498409;0.295594;-0.428487;-0.698823;-0.778872;-0.028453;0.226995;-0.572157;-0.44392;-0.02237;1.413513;0.012488;0.181757;24.94;0
2513;0.648772;1.417924;-2.376421;-3.449666;1.38838;1.537489;-1.24359;0.69832;-1.860135;-1.543719;-0.849698;1.254203;-0.289756;-0.423843;-0.542328;0.868101;0.555527;-0.302425;0.029627;-1.097961;0.50659;-0.364969;-1.137801;0.463738;-0.190473;0.630358;-0.406611;0.174668;75.91;0
2671;0.545664;-1.951824;0.032968;-2.275724;0.375815;-1.672864;-0.289959;-1.138019;-0.119932;-0.260955;1.252831;-0.285103;-0.697487;0.297982;-1.633606;-0.27369;0.267086;0.191993;0.816275;0.910304;-0.264042;-0.184838;-0.242515;0.51572;-0.292425;-0.230642;0.437659;0.379489;31.48;0
2866;-0.259807;1.429413;2.112084;-0.269283;-1.84058;0.109816;-1.634653;1.540938;-1.320117;0.963039;0.536748;-0.501714;-0.093046;2.335762;-0.759474;-2.573232;-0.103997;-0.234837;0.659113;-0.117914;1.184305;-0.221576;-0.107152;0.768374;0.73077;0.432648;-0.106375;-0.02393;7.96;0
3089;-1.05239;-0.439247;-0.655534;-0.642087;-1.302045;-0.050658;-0.435561;0.160695;-0.023957;1.160151;0.268888;-1.114812;-1.020856;-0.802629;1.295217;0.347416;-0.483065;-0.571785;-0.172896;0.056075;-0.602699;-0.8939;-0.155816;-0.259103;0.851909;0.936489;0.03902;0.660364;8.97;0
3129;2.298854;-2.186739;-1.078255;0.077626;1.631731;0.290542;-2.249717;1.141943;-1.233453;-0.282785;-0.216836;-0.183388;1.454116;0.195009;0.258507;0.796578;1.345301;0.331558;-0.05831;0.028391;0.017132;0.6316;0.972841;0.704096;-0.154364;0.261533;-0.63465;-0.119134;7.57;0
3149;-1.235259;-2.534186;1.115529;-0.596545;1.807713;-0.000576;-1.645147;1.092934;1.332168;3.290213;-1.491938;-0.073326;-0.701263;0.244686;-0.670985;0.462594;1.457212;0.599615;-0.740929;-1.001814;0.67286;-0.321021;0.197658;1.026791;0.518619;-0.169101;-0.070967;-0.148003;142.07;0
3178;-3.603476;3.076492;0.266782;2.244932;1.504695;-1.284282;1.047479;0.685596;0.702865;1.477941;0.308682;-0.132166;-0.578299;-0.000653;0.111113;0.602524;0.072549;-0.679381;0.92191;0.614803;-0.608902;-0.625057;0.148981;-0.809158;-0.822352;0.673123;0.158849;0.278311;13.12;0
3406;1.179041;-0.546655;1.145625;-3.187397;0.527552;1.954817;0.909329;0.422372;0.676145;0.057333;0.334025;0.497306;-2.321424;0.049462;-0.066011;1.42198;-0.608009;-1.149071;1.298247;0.355635;0.082997;3.095177;0.194567;-0.297231;-0.614435;-0.624106;0.690338;0.405994;1.88;0
3468;-2.412542;1.350152;0.078133;0.499731;1.555993;2.521412;-0.368171;0.333743;1.129404;1.334152;2.054629;0.523076;-1.609693;-0.833825;-1.747309;-0.176085;-0.887834;0.151361;0.345856;0.024455;-0.758354;-0.83019;0.190622;-0.065969;-0.031769;0.069312;-0.025949;-0.411636;60.05;0
3557;1.279168;-3.225047;-3.586322;1.245775;-0.030229;0.747363;0.070313;-0.024943;0.380218;-0.541647;-0.667601;-0.054774;-0.59452;0.354491;-1.582623;1.522127;0.350819;-0.353348;-1.334906;-1.737051;-0.303396;-0.063206;-0.284775;0.501597;-0.554632;0.371838;-0.137007;-0.254212;321.11;0
3675;2.533061;4.293212;1.801669;1.066185;0.907519;0.815475;0.236631;0.624719;0.551482;0.366768;-1.619417;0.353303;-0.323276;-1.753746;0.997165;-0.125847;-1.076499;0.702311;0.535453;0.39778;1.905922;-1.656363;-0.590056;0.817482;0.195332;-0.052764;-0.263592;0.056304;105.6;0
3823;1.158012;1.275313;3.14574;1.187928;-0.232462;0.194295;0.560807;0.295389;1.528169;-0.303018;-1.182757;0.828477;0.660606;1.735924;0.660316;1.001453;-1.056589;-0.827579;1.330168;0.301217;0.969314;0.903096;1.522258;-1.055641;0.149518;0.306496;-0.253703;0.196291;13.4;0
3883;2.019252;-0.711912;1.958902;1.392185;-1.408364;1.30904;0.428113;-0.529555;-0.197967;-1.230837;1.643048;-0.780799;-1.46578;1.654518;-1.360922;-0.115321;-0.436455;-1.012865;-0.915981;-0.062689;0.476305;-0.203361;-0.100646;-0.408438;-0.024663;0.319729;0.714284;0.445027;3.06;0
4021;3.869096;-0.799667;-5.323675;-0.787651;1.243109;-3.229383;-1.667602;0.775561;0.615627;0.670568;-0.436745;0.933888;0.404084;-0.306063;-0.125449;1.803709;0.41618;-0.532;0.675136;0.753244;0.259543;0.588182;0.003408;0.698758;1.230947;0.274429;-0.425888;0.038062;27.07;0
4202;1.815183;1.000855;0.701143;-1.494107;1.809672;0.014863;-3.039424;0.383795;-1.208452;0.083567;1.411102;-0.595252;0.569219;1.019682;-0.661291;0.580167;1.243109;0.436618;-0.162287;0.879295;-1.153014;-0.679155;0.018066;-0.519728;0.191368;-0.092354;-0.165749;0.381012;26.08;0
4216;0.574618;0.901524;-0.684786;-2.819248;3.464063;-0.741594;-1.270942;1.489648;0.037205;0.164429;0.026382;1.43469;0.619868;-0.271634;0.980842;-0.074631;0.195689;-0.295365;0.997515;0.268478;-0.146405;-1.163285;-0.479338;0.486909;0.299537;-0.197429;0.569392;-0.595205;7.74;0
4249;3.116199;0.045776;-1.617208;-0.444896;0.41436;0.213938;-0.20137;-2.104396;2.435212;0.060423;-0.97418;0.174581;0.964233;0.019418;0.397288;-1.045633;0.407096;-0.074422;-0.947795;-1.154303;0.663276;-0.537111;0.100644;0.349872;0.252486;-0.056538;0.461069;-0.396351;75.68;0
4381;3.351812;-0.25118;0.205326;-1.034097;-1.395978;1.473195;1.180628;0.093102;0.846308;-0.88893;2.061344;0.073461;-1.145443;-0.643698;-1.015191;0.191468;0.825079;-0.41598;-0.36127;-0.964303;-0.332834;0.968745;-0.802961;0.474138;-0.468515;-0.67213;0.926433;-0.002538;528.45;0
4387;3.379105;0.700646;-0.20491;1.719485;-0.403248;0.045315;0.280606;-0.812634;-0.144594;1.821288;1.364132;-1.761804;0.489582;0.796981;0.099419;-0.710964;0.744896;0.85302;-1.280017;-0.527238;0.253211;0.415577;0.433866;0.481925;1.014129;0.674326;0.429151;0.344647;46.22;0
4392;-1.02968;-3.283147;0.788073;-0.338333;-0.13753;-0.459455;0.652627;-0.565971;0.240995;0.361125;-0.163107;0.66131;1.664554;-0.548037;-0.047411;0.39808;-0.494669;0.405764;0.265025;-0.181411;-0.742481;-1.163844;-0.168831;-0.260245;-0.730021;0.265164;0.097994;-0.106306;42.13;0
4556;-2.710336;-0.912305;0.105436;-1.393176;0.254927;-1.84635;-1.122133;0.7161;-0.073098;-0.200993;1.036734;0.104107;1.314259;0.763749;-0.044918;0.589892;0.729216;-1.278986;0.438013;0.657985;-0.804093;-1.742088;0.689511;-0.162153;0.148244;0.082607;0.247905;-0.096067;8.12;0
4581;-1.148725;-3.119074;-1.672426;-1.61772;0.699809;-0.125338;-0.097704;-1.658912;0.204871;-1.337039;0.145524;0.182406;1.786277;-0.030362;-0.474209;0.925518;0.867345;0.756991;0.268614;0.263674;1.655297;-0.231278;0.310766;-0.210706;0.387057;-0.331931;-0.40466;0.125844;269.38;0
4585;1.302101;0.775945;-0.850669;2.894124;0.550898;0.914129;0.071201;0.208431;-0.488908;1.619685;0.466339;-0.082148;0.201363;-0.006556;0.012591;0.483182;0.24722;0.495938;-0.427734;-0.117632;1.54426;0.786508;0.234133;0.137407;0.511495;0.063153;-0.040128;-0.075086;29.59;0
4682;0.24036;-1.439158;-1.094317;0.038637;1.122374;-1.098647;-0.947039;0.086223;0.494358;1.089877;1.817568;0.628944;-0.598179;-1.421669;-0.784201;0.080451;0.09737;0.911213;-0.365925;0.494314;-0.072442;-0.546132;-0.502131;-1.300009;-0.161835;0.053288;-0.386157;0.463177;13.9;0
4974;-0.472638;-2.98883;-2.57189;-1.039736;0.322444;-2.644442;-1.336254;-1.19944;0.533341;0.091645;-1.530027;0.827217;-2.459189;0.067458;-1.090905;1.175621;0.495522;-0.444124;-0.275034;-0.587053;-0.578037;0.774943;0.03352;0.294287;0.386608;-0.213414;0.571989;0.032704;36.44;0
5054;1.022939;-1.643251;-2.051183;0.246139;-3.020908;3.044739;-0.29108;0.238107;-0.042698;-1.309701;-0.345812;0.489183;-1.223028;-1.090007;-1.144358;1.277612;0.405705;-0.788765;0.707105;0.492732;-0.697812;0.091419;0.458471;1.050718;-0.545117;0.514545;-0.587452;0.811426;67.22;0
5179;-2.93807;-0.011614;-0.298714;2.763583;0.363445;0.465783;0.809933;-0.856248;0.104065;1.898235;0.049795;1.313897;-0.534385;0.069131;-0.964685;-0.916382;-1.622183;-0.06945;-1.186637;0.185359;0.283184;1.261993;0.062266;0.120377;0.868625;-0.553936;-0.098327;0.050076;40.81;0
5251;0.20528;-0.625045;2.169869;-0.483347;0.169688;-0.274693;-1.13214;2.665006;0.324844;-0.307622;0.361183;-0.702105;-0.361311;1.872178;0.374278;1.560628;0.348806;0.136958;-0.285853;0.412872;1.40233;-0.488673;-0.851704;-0.074627;-0.084734;-0.446172;-0.419943;-0.125024;202.19;0
5270;2.110992;-2.299561;-0.788691;1.045555;0.809368;1.870023;-0.268159;1.48034;-0.629967;-0.641947;-1.25366;-0.576921;-0.790083;-1.323971;0.399019;1.091561;0.994029;0.995694;-1.202584;0.661611;-0.520131;-0.043232;0.600977;0.044869;-0.25829;0.54466;0.403459;0.029372;58.91;0
5297;1.001166;-3.219423;-1.12372;1.754775;-0.448845;0.208168;1.670187;0.130039;0.483797;0.036456;0.955268;0.412637;0.295988;-0.131029;1.319078;-0.74074;0.83026;0.534681;-0.341479;-0.026635;0.135382;-0.471739;0.458649;0.323719;-0.33166;0.73702;0.067984;0.361122;21.63;0
5380;1.279029;-0.142096;-1.763743;-2.615822;0.358465;1.791602;-0.653983;-0.463781;0.808173;0.498898;-1.157046;0.665161;0.157018;-0.600078;-0.217907;-1.643638;0.304349;0.125233;-0.021521;-1.523123;0.098574;0.709453;-0.940412;0.697449;0.154661;0.136709;-0.011903;-0.054291;60.45;0
5388;3.044877;-1.274729;0.06611;-0.836546;0.817614;1.67766;-0.000969;0.64982;1.561353;-0.09381;-1.2548;0.521529;0.009315;-0.988706;0.628282;1.069936;0.107325;-0.107121;1.691373;-0.497515;1.205942;0.425389;0.068026;-0.041399;-0.821639;-0.483738;-0.472578;-0.927587;70.07;0
5431;-0.198979;-0.71648;1.800682;1.576743;-0.170858;-1.675113;-0.141078;0.963296;0.30021;-3.602086;-0.235801;-1.264654;0.723882;-0.749592;0.032827;0.191496;-0.361313;0.012816;-0.550847;0.611869;0.194886;-1.222874;0.495476;-0.101797;0.460074;0.647917;0.57044;-0.156376;4.74;0
5458;-1.343529;-0.546255;3.044051;-0.923011;0.982701;0.631793;-0.242862;0.352894;-0.661199;0.362092;1.953412;-1.180487;-0.48085;1.42199;0.262634;-0.390703;-0.118478;-0.331227;0.821927;-0.424943;-1.029152;0.498366;-0.381734;-0.838096;-0.310495;0.103648;-0.371587;-0.764798;185.7;0
5621;2.249554;0.474014;0.450953;0.658768;0.146772;2.31463;2.058913;-1.158026;-0.163231;1.095614;2.612474;-0.172939;1.02215;1.677027;0.725614;0.286255;0.605523;0.570307;-1.395378;-0.501622;0.539377;-1.072085;-0.831519;0.028626;0.678312;0.060343;-0.162004;0.170272;21.09;0
5737;2.213685;1.195217;0.231391;-1.007044;0.266189;-1.308205;0.369134;-0.199409;-1.30726;-0.881245;0.518293;-1.761379;-1.185634;-0.994491;0.519663;1.053925;0.310723;-1.219837;0.022233;0.057928;0.114828;-0.656085;-0.676336;-0.733152;-0.646071;0.75694;-0.001708;-0.369956;21.91;0
5794;1.018669;-0.016539;-0.800644;-0.562684;-3.983338;-1.291878;-1.957026;0.142836;0.750088;1.791003;-0.222962;0.268288;-0.321437;0.394873;0.08868;-1.777788;0.757217;0.007303;0.020477;0.851906;-0.643015;0.536898;-0.077509;-0.33387;0.068664;0.40905;0.214863;0.015624;102.21;0
5866;-0.382723;-0.8244;-0.548616;-0.735657;-1.528564;-1.066877;1.885241;0.395427;-2.315698;1.043609;0.179439;-0.064087;0.275801;-0.872234;-0.568354;0.121041;-0.466594;0.877078;0.593644;0.36267;0.763851;-0.903213;0.566983;0.535286;0.288019;-0.180452;-0.115293;-0.485543;101.57;0
5942;-0.06731;-0.227159;0.970054;0.974072;-1.524809;1.204257;0.330769;0.422902;1.077121;0.600965;0.361608;-0.895317;-1.871929;-0.641191;0.240977;0.060515;0.9119;-0.95399;-0.452428;1.350401;-0.238381;-0.26742;-0.684125;0.622738;0.344353;-0.769529;0.57476;-0.028115;11.57;0
6211;-2.559707;-0.85688;-0.455462;0.356244;0.348538;0.398233;-0.473232;0.91969;1.209857;-1.015356;1.515727;-0.536225;-0.51372;-1.957262;1.231514;1.326881;-0.551864;1.63352;-0.645772;0.319163;0.233418;0.546758;-0.679448;0.282584;-0.268689;-0.154719;0.022201;0.05605;110.43;0
6316;2.100246;-3.111617;-0.225046;0.21038;1.804898;-2.554577;1.663309;1.646647;-3.273688;0.393967;-1.222511;0.11863;0.653279;2.056555;0.149552;0.739109;0.154392;-0.904922;-1.694884;0.289404;0.095475;0.298948;-0.198126;0.740816;-0.642058;0.232189;0.666482;-0.163173;14.29;0
6337;2.03142;1.619067;-0.018274;3.630643;-0.113413;0.473458;-0.975576;1.254951;1.352809;0.476874;1.238354;-1.468589;-0.440248;1.064386;-0.36976;0.730921;-0.503232;-0.423941;0.258149;-0.169949;-0.227989;0.256842;0.416336;-1.006509;-0.237607;0.312379;-0.367973;-0.014931;507.43;0
6339;-2.627781;1.292949;-0.87215;2.54037;1.220651;-0.315047;2.117468;0.752481;1.080015;0.000704;-1.435272;-0.587366;-1.779708;-0.615618;0.737474;-0.380594;-0.104662;0.861785;-0.530068;-1.184569;-0.602506;0.570093;1.077357;0.993115;0.606662;-0.600749;0.211224;-0.555533;9.56;0
6374;1.621883;3.169818;-0.093219;-2.743366;0.944589;-0.129327;0.105695;-1.446668;-0.369057;1.06156;-0.470514;-0.250756;-0.881849;0.283446;-1.270462;0.599229;1.729068;1.219708;0.820602;0.12342;0.398482;0.941056;0.044508;-0.517791;1.087985;-0.318184;-0.29558;0.014821;47.43;0
6395;0.717998;3.675264;-3.029303;-0.559642;0.243053;-1.093237;1.236893;1.461748;-1.360997;-0.303196;0.017378;-0.286803;-1.321315;-0.373982;-0.337558;-0.416927;0.418046;0.300283;0.404536;0.041967;-0.900755;-0.893181;-0.428356;0.183488;-0.8439;-1.447785;-0.062451;-0.210687;10.25;0
6454;-2.06285;-2.304515;0.848742;3.515578;0.842088;0.483183;3.793703;1.02438;-0.971535;-0.206074;0.439369;-0.25835;0.446356;0.918114;-0.902505;-0.085692;0.173662;0.278154;0.950252;0.520944;0.667755;0.239937;-0.503744;-0.405951;-0.383753;0.169736;-0.532931;0.029223;928.94;0
6793;-2.4217;-0.850242;3.571175;-0.745918;0.389402;1.41711;0.213314;-0.254392;-0.88437;-0.636345;0.016323;1.355464;0.082596;-0.317606;-0.120552;0.515021;1.194287;1.501811;-0.717562;0.244748;-0.633349;0.694453;0.840744;0.189101;-0.900857;-0.839905;0.549923;-0.039731;5.17;0
6799;0.658312;4.074964;-0.813586;3.034599;-0.146347;-0.833815;-0.130072;0.085389;1.397662;-0.401848;0.198566;0.949069;-1.529002;-0.176984;1.124297;0.085136;-2.225649;-1.149209;0.155662;0.217316;-0.860338;0.552854;-0.792975;0.010901;-0.285157;-0.224614;0.549704;-0.07894;72.71;0
6813;-0.845523;-0.340153;0.584494;-0.535384;0.589691;-2.217667;-1.333117;0.128041;-0.543944;-0.07349;0.061249;-0.626704;-1.602449;-0.625571;0.5732;0.288289;-0.156576;-1.448861;0.143864;0.884384;1.013712;-0.114716;0.110181;0.693878;-0.331713;-0.439849;0.490354;-0.147626;11.0;0
6846;3.4789;0.152485;1.30588;-0.262277;2.046351;-0.383142;-0.159507;-0.471009;0.945855;-0.112859;-1.531162;-1.016823;-0.725862;0.589737;-1.709841;1.165479;-0.449748;-1.616459;-0.411852;-0.191069;0.058582;-0.156314;0.806953;1.503632;-0.621679;0.329729;0.38467;0.090266;19.47;0
6931;1.787567;-2.901555;1.953125;1.296271;0.702394;1.025861;-1.294853;-2.030161;-0.186467;-0.16183;0.606638;-0.399217;4e-05;2.130955;-0.57303;-0.31117;-0.757489;-0.715058;0.986597;0.655724;-1.400061;0.593519;-0.108154;0.537908;0.864765;0.188105;1.098334;0.550195;65.39;0
7038;0.853702;-0.010001;-0.379125;-0.058094;0.3508;-0.53997;-0.241841;-1.278686;0.010583;1.097267;0.847532;1.224889;-0.674993;-0.262889;-1.374149;-0.903088;-1.334638;-0.601516;0.622883;1.002142;-0.019335;0.154098;-0.680262;-0.072924;0.596372;-0.359517;0.084612;-0.044012;207.86;0
7046;0.950004;3.072257;-2.703009;0.772367;-1.160882;-1.97174;3.579408;-1.028744;-1.778535;1.727941;1.389506;-2.096036;0.306217;-0.273901;0.953043;-0.787951;-0.208415;0.31968;1.634899;-0.416272;0.436246;0.787774;0.318115;0.935042;0.126564;0.07558;0.674515;0.178413;378.08;0
7062;2.525191;1.955863;0.42352;2.306427;2.003908;1.035113;0.138301;-2.291718;-1.311777;-1.307219;1.904009;0.092751;0.27295;-0.014135;-0.540045;-0.979539;0.576415;0.846511;0.55267;-0.304243;0.456189;0.079106;0.054454;-1.035199;-0.057328;0.330993;-0.003944;0.516408;3.3;0
7184;1.58071;-1.325273;0.214229;1.147497;-1.891727;1.902413;-0.696573;-1.274787;1.372407;1.702613;0.43905;-0.294973;0.481012;0.259801;0.059062;1.424541;-0.146316;0.763233;1.503797;-0.581437;-0.574859;-0.26896;0.281652;-0.354146;0.464102;0.148803;0.244108;0.132847;49.48;0
7274;0.904545;-0.955627;-0.501956;0.270976;-2.304367;0.046621;-0.27005;1.408027;-0.221295;0.825167;1.459742;1.196385;-1.386801;-0.277018;0.102879;0.585732;0.667061;0.738678;1.485371;-1.035271;-0.471416;-1.269697;0.348745;-0.140831;-0.520785;-1.654024;0.329387;0.248962;295.67;0
7458;-1.981509;-2.226458;-0.181603;2.446408;0.562616;-2.115702;-0.520721;0.628243;0.280725;-0.883456;0.038462;0.981336;-0.294787;-0.366571;0.177328;0.95207;0.041486;-0.804764;-0.408154;1.42976;0.109113;-0.165914;0.311017;-0.169166;0.123955;1.131181;-0.725181;-0.282922;2.64;0
7814;5.900797;-1.742512;0.236957;1.314896;-1.165449;-0.402715;1.290018;-1.105472;1.936993;-0.269573;-1.459427;-1.443457;1.002415;0.089223;-2.642393;0.794329;0.982906;0.32323;-1.200332;2.462523;0.748121;-0.886287;0.17354;-0.45076;-0.314706;0.263492;-0.045082;0.11945;53.07;0
7815;-2.221206;-3.574667;0.566261;-0.971631;1.552957;0.221547;-0.121879;-0.768986;-0.190389;0.399547;1.000308;1.194686;-0.67499;-1.671026;0.318626;-0.164595;-0.452405;-0.616384;1.356135;0.172069;-0.970073;-1.317272;0.409731;0.424548;1.218618;0.550441;-0.088732;0.11619;33.01;0
7829;-0.679458;-0.416738;0.502913;2.881707;-2.273514;-1.056919;1.985021;1.512729;-0.252671;-1.713968;0.774314;-2.300426;-0.811009;-0.515505;-0.509101;1.444301;-1.630497;0.504752;0.551997;-0.244586;-0.928412;-0.623192;0.82642;-0.00132;-0.706246;-0.354033;-0.009997;0.586276;61.67;0
7853;-3.29672;2.342491;-0.308705;0.982159;1.377293;0.795885;-0.401963;1.483316;1.276694;-0.004551;0.020639;0.616154;-0.498795;-1.910953;0.759679;-0.597993;-1.379102;0.035841;0.412233;1.34817;0.990685;0.506241;-0.495726;-0.083327;-0.141554;-0.457597;-0.287153;-0.411642;10.4;0
7904;0.980656;0.344897;0.600261;-0.233421;1.182955;-1.186923;-0.321958;0.133167;-0.036415;0.662845;-0.043527;0.70503;-0.522874;-0.462965;0.174513;1.780887;-0.448071;0.743348;-0.373405;0.472789;0.87888;-0.174133;-0.17471;0.859693;-0.673141;-0.259819;0.066119;0.717276;3.84;0
7949;0.224665;2.093593;-0.410397;-2.799561;0.212862;0.054085;-1.122013;1.448009;0.302008;-0.721365;0.507559;1.678315;0.086614;-0.90033;0.564845;0.118867;-0.776928;1.996055;0.311693;-0.570716;-0.697914;0.128287;0.482128;-0.272313;0.391095;0.980071;0.142759;0.379404;1.88;0
8027;1.422289;1.586721;0.989459;-1.886158;-2.847409;-0.283668;-0.485394;-0.861426;1.046498;-1.523042;-0.324318;0.235071;-0.588261;0.611902;-0.67263;1.584047;-0.527831;-0.027582;0.813815;-0.666231;-0.292871;0.484991;-0.055144;0.626863;0.389914;-0.155761;-0.401851;0.318659;143.25;0
8116;-3.461178;-1.215978;-0.927439;2.484192;-2.328158;0.839087;-2.159627;0.320558;-0.049874;0.306521;0.471102;-0.647787;-1.969017;-0.695806;-1.037316;-0.913211;0.959277;-0.926807;0.523455;0.640534;1.528776;-0.025781;-0.793487;-0.167177;-0.362802;-0.031199;0.015012;-0.379065;173.48;0
8331;2.100166;-1.583947;0.130318;2.540325;0.381111;0.001022;-2.650965;-1.704478;0.816347;2.496993;-0.920639;-0.98828;1.107902;-0.340892;0.800218;-0.369666;-1.310944;-1.370213;-0.507197;0.305012;0.632531;-0.495369;0.196367;-0.153982;-0.645962;0.909598;-0.099323;-0.298611;52.14;0
8886;-1.644499;-1.517649;-2.431845;0.191103;-0.271253;-0.241334;0.764595;-0.383541;-0.177431;-0.687423;-0.806022;1.455626;0.456164;-2.051936;0.502698;-1.400545;1.276997;-0.753319;1.239303;0.87419;-0.046027;-0.321198;-0.314677;-0.463939;-0.200618;-0.176849;0.482194;0.206259;14.86;0
8896;-0.36056;-3.240517;-0.538565;-2.443747;1.053716;-1.047811;-2.174346;0.083411;1.029253;-0.658879;-1.327001;1.69014;0.113119;0.9915;0.192215;0.927178;-0.71297;0.896143;0.091111;0.551901;0.824049;0.556149;1.304618;-0.88774;-0.362904;0.007684;0.231467;-0.686548;2.9;0
8931;1.746564;-0.214069;0.876908;-1.473505;-0.044138;0.066243;0.493397;-1.95522;0.41346;-0.128538;2.30894;-0.43399;-0.120406;-1.032944;0.190907;0.232833;-1.089849;0.406979;0.540138;-0.929879;-0.362213;-0.018873;0.605841;-0.403462;0.033332;-0.649589;-0.307722;-0.496814;77.09;0
8955;0.43947;-5.294723;-1.54094;-2.235751;-0.164149;-0.326076;-0.630616;0.755808;-0.297944;1.801003;0.094544;0.031968;-0.339798;-0.453364;0.372771;1.784619;-0.138998;0.193456;0.670868;-0.585694;0.105164;-1.831841;0.708963;-1.083514;0.842278;0.953071;0.391138;0.262673;6.35;0
8981;0.577288;0.753149;-0.463352;-2.287358;-3.298318;-1.137805;1.155016;0.95464;0.031675;-1.711121;1.252422;1.359673;-0.797968;0.756973;-1.185956;-0.415905;1.269155;0.320417;1.716701;-0.665934;-0.236235;-0.254267;0.015845;0.156041;0.343901;-0.372033;-0.020555;0.392742;11.39;0
9463;1.488399;-0.145646;-3.611655;2.948059;1.184957;0.232123;-2.147021;1.253232;-2.738766;0.929108;-1.098718;0.771378;-1.83248;0.76057;0.968767;1.186633;-0.632572;0.60427;0.325715;0.177105;0.506569;0.382806;0.182524;-0.19213;0.394766;-0.084479;0.025264;0.706929;13.74;0
9729;0.766142;0.545591;-2.045792;2.995083;-0.845822;0.504082;0.731831;2.827754;1.263151;-0.423317;-0.16532;-0.174911;1.532341;-1.056376;-0.150191;0.080325;-0.536835;-1.307918;-0.052338;-0.084909;0.502549;0.131671;-0.222278;0.66132;-0.002205;-1.637778;-0.369493;-0.110324;24.62;0
9742;-0.73516;1.558638;-1.650777;-1.521603;-0.499524;-0.430082;0.401184;0.54589;-1.430098;-0.329323;0.582529;-0.742063;-0.009942;0.515868;-0.124239;-0.072534;-0.479371;0.828457;1.540107;-0.340866;0.152888;-0.734792;-0.529609;-0.442298;1.374653;-0.0836;0.080887;-0.286014;10.61;0
9865;-0.394615;0.073915;0.173644;0.057596;-1.426295;1.258987;0.43952;-0.026259;-1.226029;-1.011082;1.520687;-0.822881;-1.576663;-1.092779;-0.390485;-0.244657;0.969027;0.327091;0.887475;-0.229453;0.35799;-0.537184;-0.575287;-0.157181;0.060597;-0.037819;0.377884;-0.253407;34.82;0
9946;0.343163;2.552619;0.523448;-1.754411;-2.075767;0.371086;1.383635;-1.856479;-0.53182;-0.181379;-0.594544;0.953821;-1.015107;0.233018;-2.257294;-0.73373;-0.403709;-1.210216;0.237929;0.529001;0.819827;-1.403021;1.314694;0.74286;0.377318;-0.204105;-0.096245;0.149137;13.03;0
9995;-1.816334;0.805966;-0.064644;0.048362;2.08155;-1.687526;0.077156;0.516423;-2.022246;-0.979616;-0.390578;-0.353333;0.262301;-0.742887;0.513429;0.339338;0.363752;0.281768;0.186896;-0.129299;0.330374;0.395545;0.236055;0.542913;0.57129;-0.851945;0.632176;-0.066259;94.83;0
10037;1.872217;-1.579829;-0.557716;2.397812;1.147773;1.798734;-3.04532;0.715725;0.464378;-0.501128;-0.787792;-0.392553;0.24315;-0.964508;-0.918533;0.196025;0.083706;-1.094031;-1.59764;-0.5144;0.154652;0.447696;-0.830069;0.083153;-0.026583;0.267213;0.361226;-0.44708;155.49;0
10429;0.492875;-0.68124;-0.552444;1.601781;1.170554;1.040094;0.546894;-1.563655;0.347115;-2.597388;-0.103025;0.615785;-0.747607;0.043839;0.088333;-1.373961;-0.114598;0.428551;-0.08085;-0.995038;0.301502;-0.096043;0.586122;-0.631202;0.10788;-0.931104;-0.333763;0.17317;38.97;0
10554;0.075814;-4.182033;1.101229;1.218301;-0.248785;1.352436;0.386394;-0.235704;-0.585193;-1.799965;-1.020245;0.089796;-1.064753;-0.684574;-0.756393;-2.199867;-0.448851;0.100738;-1.145974;-0.685238;0.874931;-0.252229;1.616374;0.357939;-0.296317;-0.811811;0.104573;-0.338508;66.28;0
10951;2.255368;-1.830789;0.341358;-0.205735;-2.348333;0.552669;-0.313335;0.063248;-0.795844;0.457028;-1.445477;0.395546;-0.579332;1.947837;-0.322608;-0.265437;1.673324;-0.847717;-2.172441;0.8325;-0.684619;-0.778659;-0.962105;-0.175822;0.009361;-0.127444;-0.550659;0.245772;793.76;0
10983;-0.304222;-0.929124;-0.484258;1.861993;2.950822;-3.089177;-1.053798;0.680135;-0.812736;1.465827;0.283853;-0.310793;-1.88224;-0.583066;-0.373229;1.032556;2.381171;0.347344;-0.492723;-0.504509;0.293528;0.239309;0.362177;-0.317175;0.760992;0.593666;-0.386509;0.233048;5.7;0
11095;-0.425721;0.675053;1.972882;0.98827;0.632762;1.473183;-0.45754;1.068927;0.626278;3.610514;0.704009;-0.351955;-0.486634;-1.134278;-0.777441;0.205423;-0.779777;0.679586;-1.128978;1.406584;-1.387496;-1.182372;-0.706057;0.81208;0.605237;-0.023476;-0.69611;-0.097948;5.21;0
11241;-1.015026;-1.568125;2.964462;0.64356;0.238769;0.100848;1.797994;-0.588503;-1.803098;1.097763;-1.141824;-0.717096;-0.476423;-0.852904;-0.215565;-1.13639;-0.941419;-0.481738;-0.29763;0.494766;-0.2165;0.559315;0.706417;0.89447;0.357528;0.145977;-0.642424;0.094228;93.93;0
11294;0.598981;-2.426037;-1.861071;-0.093881;-0.445604;0.489782;-1.150686;0.289619;-0.499899;-0.47102;-0.667982;0.711879;1.435581;-0.006686;-0.447628;-1.550984;0.01507;0.657104;0.239529;-0.618702;1.366072;0.417008;-1.336452;-0.540849;0.473358;-0.32898;-0.118522;-0.096285;613.89;0
11354;0.531478;-3.53543;0.80899;0.52209;-2.771488;0.738711;-2.16811;0.732745;-1.73237;-2.072158;-0.081946;0.094203;-0.462658;0.117505;-0.956823;1.026221;-1.974788;-0.233962;0.402415;-0.461725;-0.58698;0.841093;0.038894;1.046806;-0.019468;-0.330008;-0.075935;-0.023357;22.4;0
11491;-1.369254;-1.301802;4.685733;0.479317;1.625351;2.595249;-1.830646;-0.166317;0.795619;0.678345;1.760887;0.300224;0.212734;0.307141;1.057312;-1.444677;0.021537;0.734415;-0.098524;-1.613743;-1.200965;0.036251;0.265121;-0.054701;0.493044;0.431812;0.09088;-0.422807;441.53;0
11591;-0.416503;3.104974;0.44311;-0.698833;-1.409631;-0.706478;-0.053767;-0.45154;-0.419845;-1.493253;-2.869223;-0.999539;1.504356;0.885049;-0.739311;0.678219;1.70618;-0.080593;-1.053921;-0.32862;-0.700375;-0.374394;-0.868462;0.477472;-0.079197;0.603806;-0.358588;-1.120245;38.27;0
11638;-1.356224;0.199015;0.194318;-1.030381;0.804265;-0.672136;2.061855;0.89797;0.551424;-0.789823;0.473871;0.69875;-1.054597;-1.594068;0.501487;0.510757;-0.535056;0.985448;-0.10813;1.510365;0.51015;0.311172;0.26532;1.117075;-0.849375;0.544225;0.333499;-0.04153;11.93;0
11722;-1.444493;1.355472;-0.064158;-1.345608;1.113751;-1.111876;2.724015;-0.161482;1.324491;1.05577;0.712838;0.318959;-0.629703;0.928876;0.598097;1.448502;0.909201;-0.767429;-0.873251;1.267574;-0.105977;0.56226;-0.298193;-0.099364;0.952872;0.302115;-0.085489;-0.328137;7.49;0
11986;-3.443301;-1.827094;0.760174;-1.254666;0.511138;-1.403024;0.796287;-1.374532;1.34307;0.410683;-0.70638;0.733001;-0.547828;-0.867347;0.830778;-0.543651;1.243636;-0.743105;1.126726;1.24847;-0.744624;-0.833537;1.05835;0.15978;-0.106223;0.160634;0.124086;-0.28215;85.12;0
12194;-0.520275;-2.992068;1.159898;-0.197106;0.698563;-1.378537;-1.226745;1.68392;-1.174311;-0.922681;-0.336214;0.351688;-1.637597;0.395587;-0.506391;0.836589;-0.760965;-0.661918;-0.129579;0.47913;0.871696;-0.049847;-0.892741;0.441305;0.548228;-0.703102;-1.288753;-0.301898;8.39;0
12301;-3.389316;-2.382464;-1.859598;-0.430813;1.907645;-2.442847;-1.095114;-1.242687;0.290406;-1.769975;0.35965;0.293156;-0.281039;1.66226;-0.190853;1.241887;0.133325;0.106394;-0.932736;-0.126995;0.301904;0.191062;0.553268;0.963983;-0.188626;-0.278359;0.001206;0.313783;37.41;0
12476;-0.972491;-0.438037;-0.01999;-0.811442;-1.043533;0.587452;1.076038;-0.062463;1.183533;0.321345;-0.010227;-1.791948;1.086856;-0.756332;-0.162736;-1.166671;0.284506;-0.127916;-0.861325;0.085311;-0.854324;0.346536;-0.071982;0.012163;-1.398869;-0.349744;0.314862;0.355009;356.09;0
12519;-1.264755;-3.719843;-3.406942;-0.91659;0.277014;2.663783;1.641228;0.432899;0.716124;0.455909;1.753042;1.136376;0.781732;-0.79609;0.469765;0.127095;0.606841;0.24071;-0.004376;0.429431;-0.171806;-0.253654;0.792056;0.493721;-0.037863;0.035054;-0.910539;0.112569;20.9;0
12573;1.981195;-2.011401;-0.296068;0.48447;-0.260645;2.748594;-0.806076;0.591698;0.824863;1.729209;0.124698;-1.297253;1.104982;-0.973311;-0.23056;-0.02554;0.669533;-0.977867;0.037105;-0.002538;1.546831;0.454332;0.806309;-0.472303;-0.957674;0.38142;0.013188;-0.107828;237.7;0
12648;-2.049123;-1.284404;-1.34306;2.026203;-2.4886;-1.11365;1.756319;0.251844;-2.011656;-2.626412;0.898448;1.036705;-0.638449;-0.314468;0.407217;-0.926126;0.94535;-0.602692;-0.166758;-0.595285;-0.236019;-0.691339;-0.166003;-0.903743;0.392786;-0.165297;-0.315642;0.109184;5.36;0
12700;-1.554313;-2.555201;0.532158;0.0545;0.44514;-0.341965;-0.294655;-3.45113;0.699262;0.218857;0.479263;-0.062079;-1.114015;1.224763;-0.242771;0.242593;-0.692627;1.06734;0.794973;-0.045403;-1.24665;1.452991;-0.037704;-0.413871;-0.119183;-1.221662;0.616251;0.362408;14.87;0
12752;-0.813972;-3.943972;-2.481135;-0.03839;1.776726;1.660345;0.875712;-0.785991;-0.922224;1.089277;0.728001;-1.580651;2.135809;-1.059731;1.006649;-1.018712;0.12966;0.312134;-0.788939;-1.031622;0.333165;-0.449553;0.55342;-0.415561;0.633811;0.618456;-0.514866;0.548285;4.01;0
12795;-1.20128;0.231101;-0.753599;-1.257539;1.949341;0.595021;1.410379;0.402586;0.681155;-0.368068;-0.772937;-0.075271;0.176182;-0.464003;-0.020686;0.346303;1.254876;0.523815;0.802915;0.467957;0.269316;0.293595;0.313616;0.594825;0.121331;-0.439722;0.86445;-0.249484;36.95;0
12882;2.600047;-0.190642;1.479482;-0.246759;2.613319;0.198906;-1.847392;-0.079821;0.657089;-1.650359;0.225213;-1.475232;-1.57788;0.946709;-0.130206;1.922908;1.347826;-0.214453;-0.086102;-0.689817;0.962838;-0.397827;-0.08273;-0.044818;-0.535649;-0.412756;0.516908;-0.501091;106.71;0
12984;-2.290206;1.077722;-1.001263;1.760278;-2.397732;-0.321457;0.549784;0.658883;0.598909;-0.91802;-0.046875;1.106903;2.42798;0.608993;0.298952;-0.169725;0.173578;0.247664;0.688669;0.448649;-0.296031;0.07055;-0.526702;-0.372621;0.348295;0.315976;0.045435;0.102195;37.07;0
13109;-0.809839;-2.191037;-2.856453;1.543195;2.297506;1.587141;1.761517;1.265579;-0.171714;0.130783;-0.71055;-0.50058;-0.116381;-0.469727;1.478305;-0.073504;-0.477195;-0.398897;-0.516716;-0.821733;0.31243;-0.777054;0.216501;-0.541253;-0.810991;-0.252782;-0.57423;-0.592481;208.63;0
13155;0.577527;1.044666;0.408875;1.444523;0.305079;-1.407158;-0.705225;0.652958;1.3977;-0.440831;0.963518;-1.020773;-2.859472;-0.192483;-0.560719;1.256527;0.8703;-1.554227;0.620275;-0.118031;0.169977;0.774413;-0.698877;-0.254794;-0.15969;0.011704;-0.183524;0.091393;10.76;0
13298;1.648308;2.375696;-0.865659;1.398934;2.258776;0.659564;-1.320161;-0.817529;0.511339;0.421238;-2.035709;0.66424;1.366348;0.889219;0.935877;1.118349;0.441148;0.869767;-0.663662;0.221746;-0.014625;-0.588518;0.39191;0.559519;-0.969246;0.163126;0.27448;0.073508;46.43;0
13302;-0.811471;0.183631;-0.260687;0.69016;-0.4948;0.478762;0.603534;-0.590818;0.303668;1.484494;1.393893;-0.031927;-2.247951;1.528493;-0.754003;-0.533528;0.422587;0.15303;1.32435;-0.116282;0.226272;0.058747;0.67856;-0.542925;0.182047;0.073405;0.044117;-0.043874;15.01;0
13433;-3.810294;-1.32519;-1.082103;0.639714;-0.682505;0.077685;0.15547;1.991414;-1.077852;-0.345266;-2.24313;0.524965;0.24688;1.642972;0.029885;0.61563;0.647164;-0.614914;-0.074786;0.502646;0.429439;-0.045993;-0.522249;-0.077677;0.128601;-0.122859;-0.439397;0.590712;56.97;0
13557;-0.362703;-0.01901;3.001339;0.417545;-1.627076;1.06768;-0.415857;-0.16314;0.3857;1.419501;-0.136801;-0.102758;0.778747;1.334609;-0.733246;-2.588314;-0.837614;0.00106;-0.358956;0.354724;0.391733;-0.505198;-0.268693;-0.233145;0.065586;0.06087;0.443009;0.025441;70.5;0
13578;2.566456;-1.407972;-2.33269;-0.521977;1.120849;0.064871;-0.012744;-0.063536;2.126582;-0.036062;0.979985;1.155087;0.624138;-0.633257;-0.347894;-0.873624;0.708533;-0.39157;-0.960711;-0.314768;0.660163;-1.832529;-0.400985;0.21607;-0.486647;1.139186;-0.038415;0.182447;79.33;0
13844;0.480265;-1.696011;4.298578;0.188853;0.759977;-0.690922;-2.081165;0.656752;-1.579201;0.459433;-1.19215;-0.387498;1.463846;1.755883;-0.627477;0.951496;0.112893;1.258715;0.126562;-0.444267;-1.674053;0.762769;0.64341;1.122961;0.70325;0.634802;0.113083;0.381713;6.65;0
13864;0.391015;0.91204;-0.569861;0.376152;-1.491473;0.14304;0.491549;1.522294;0.753117;-0.037643;0.452214;-1.55013;0.946442;-0.699321;0.625378;-0.438998;0.961688;0.56411;-0.130391;-0.499099;-1.10172;0.103954;0.023919;-0.397708;0.472528;0.470606;0.397916;-0.022953;8.72;0
14005;-2.142885;-0.510557;0.297004;0.969099;-2.936509;-2.097498;1.964821;-1.022504;0.891863;0.487663;0.341935;-1.073361;1.752371;-1.575085;-0.462492;-0.166292;-0.002397;-0.964184;-1.093013;-0.609772;0.145751;-1.253018;-0.236942;0.193605;0.121706;0.235442;0.352899;-0.130133;11.51;0
14057;-2.34306;1.814815;-0.847943;0.212364;0.623038;0.834911;-0.896198;-0.540379;1.848071;0.677228;0.353165;0.440836;-0.119268;0.117867;0.472488;-0.803402;0.481738;-1.078023;-0.606434;1.624778;0.07458;-1.377568;0.391471;-0.009349;-0.302039;0.828823;0.432004;-0.11996;23.14;0
14106;-0.034819;-1.035392;-0.911117;3.059329;0.780255;1.174745;-1.037237;-1.858714;0.748314;0.789574;-0.335676;-0.641219;-0.427071;1.427168;-0.489414;-0.944559;0.373316;0.210454;-1.592892;-0.475583;-0.752214;-0.231878;-0.308065;-0.284324;-0.181931;0.473948;0.279449;0.139287;37.74;0
14128;-2.851439;-0.860232;-1.165093;-1.647933;-1.311993;-0.853297;0.203977;-0.302683;-0.038253;0.093536;-0.454605;1.280552;-0.362786;0.64708;-0.01504;-2.186638;-0.489513;0.112865;-0.925046;0.850921;-0.254462;-0.059377;-0.136337;0.030753;-0.00798;0.682915;-0.267858;0.106199;95.79;0
14235;1.453656;-1.250064;0.9279;1.141355;-1.589203;-1.1697;3.518888;0.725436;0.414873;-3.540557;-1.581528;-1.148972;1.288702;-0.060762;1.316415;-0.309572;-0.795492;0.435095;-0.109591;0.136076;-0.613339;-0.154772;-0.70127;1.110077;-0.572488;0.700234;-0.016921;0.564943;9.28;0
14308;-1.72096;-2.207917;-2.110308;0.011434;0.955098;-0.80427;1.353855;-0.383446;-0.344861;0.739137;-0.086063;1.018038;-0.643804;0.289709;-0.688397;0.419737;0.673736;-0.120395;0.276417;-0.263636;0.419015;1.039634;0.509961;-0.042115;0.443623;0.377261;0.539827;-0.209471;3.0;0
14429;-0.118082;1.138955;0.569804;0.073048;2.611823;-0.063821;-0.126777;2.144177;1.291184;-2.057615;0.955861;-0.418719;0.783508;0.520847;-0.671141;0.227228;-0.756905;-0.543766;-0.272264;0.159498;-0.660868;-1.202088;-0.687013;-0.042192;0.654854;0.304991;-0.53957;-0.077668;840.18;0
14534;-3.747245;3.511281;-3.278584;-1.083858;-0.633086;0.307128;0.039103;0.18828;-1.753878;-0.571505;-0.445223;1.304459;-0.855509;0.151665;-0.23405;-0.722174;-0.30902;0.428104;0.371969;0.206062;0.146729;0.15285;0.878424;-0.231051;0.888719;-0.114297;-0.451208;0.314942;6.07;0
14539;-0.837914;-0.931253;0.433028;1.517467;-1.163902;2.168604;1.47657;-0.071696;-0.586658;-2.516454;-0.394349;0.510575;-0.838149;-0.273543;-0.025999;-1.247513;-0.335018;0.499042;-0.78649;-1.343523;0.738314;0.464854;0.138171;0.253393;-0.178716;0.993076;0.216491;0.216648;116.1;0
14660;-2.382428;-1.447258;1.302205;0.997035;0.462425;2.000491;-1.137625;-0.369042;0.440771;1.941423;1.641455;0.20058;1.106913;-0.701115;0.554932;-0.319011;0.295721;1.056279;0.349446;-0.049832;-0.645792;0.449615;-0.107164;-0.609926;0.716179;0.014512;-0.036092;-0.018784;34.71;0
14748;-4.597815;-1.55941;-1.904524;1.253765;0.926649;1.125952;0.748561;-1.568229;1.238024;0.544861;-0.146769;0.667756;0.389199;0.117829;0.029116;-1.159492;0.561143;0.616942;-0.072543;0.014922;-0.988591;0.643573;-0.018121;0.074082;0.748233;-0.506065;-0.670168;-0.064487;48.28;0
14748;0.986592;-1.445938;1.044901;0.310328;-0.45272;0.181277;-1.395644;-0.057495;-0.065162;-0.265135;0.379203;1.224387;-2.103256;-0.107648;0.213129;-0.665462;-1.358672;-0.702939;-0.176867;-0.243388;-0.565746;0.084172;1.05017;0.271953;-0.328689;0.219224;0.279584;-0.165498;33.04;0
14776;3.130261;2.584126;0.097592;-0.391351;2.844626;-1.212809;1.136894;0.47648;-0.910571;1.636605;0.566433;-0.040296;-0.849662;0.013463;-1.060438;0.123613;-0.643624;0.215419;-0.012885;-1.624632;-0.645116;0.177212;-0.844618;-0.517354;-0.521968;-0.057659;0.181169;-0.298442;18.59;0
15020;2.132473;-1.512971;2.433624;-0.024517;1.294325;2.253918;-0.374503;-0.090503;-0.28196;0.669911;-0.147435;-1.848228;-2.498021;1.014155;0.264427;-0.756926;-0.684099;-0.240075;-0.495397;-0.245697;0.01944;-0.237487;-0.798673;0.974706;0.56503;-0.460098;1.053743;-0.00818;66.42;0
15031;1.259297;-1.282512;-1.271362;0.685521;-0.476154;-0.309364;0.238861;0.325025;-0.453658;0.225804;0.714881;1.198045;-0.390507;-0.227732;0.288754;1.141957;-0.216107;-0.793806;-1.252847;1.252407;-1.251987;-1.086935;0.584822;0.952357;-0.285229;-0.431511;0.077504;0.192711;17.15;0
15183;-0.877536;-2.415813;4.272139;-2.777918;-2.147627;0.394228;-0.455006;-0.748105;-0.403073;0.520707;1.029189;-0.258532;-0.292489;-0.189806;0.601156;-0.910318;-1.733322;-1.502662;-0.85659;0.433916;1.162441;0.23673;-0.581238;1.371085;-0.381633;0.051046;0.848014;0.121968;190.46;0
15292;1.501486;0.238012;-3.590081;1.309565;1.870802;0.854379;0.856372;-1.43122;-0.528697;-0.326447;0.941643;2.5443;-0.485079;0.192314;-0.3088;-0.522207;0.955068;1.888104;-1.153586;-0.80052;-0.927082;-0.289902;-0.468304;0.348529;0.424503;0.08101;0.393445;-0.027179;77.68;0
15328;2.316514;-0.386307;-0.477551;3.515194;1.694865;0.101922;-0.226606;-0.076388;-0.528217;-1.261256;1.055689;-0.586665;1.128233;2.530824;-0.016128;0.757763;0.031942;-0.469481;-0.194564;0.697754;-0.994892;-0.535678;-0.284707;0.253509;-0.720678;-0.666719;-0.752778;0.105087;81.4;0
15450;0.196803;-2.237319;-2.54484;0.752076;-0.367799;1.550959;2.665885;0.312522;-1.937533;1.137372;-2.104371;-0.366988;0.366532;-1.038221;0.632785;0.617573;-0.13549;-0.105999;0.542994;-0.842507;0.034803;0.268196;0.687793;-0.047545;-0.231828;-0.168413;0.012235;-0.314634;15.48;0
15602;-2.379502;-1.814595;2.815092;-0.328916;0.533794;0.625671;1.749396;-0.150742;0.280169;0.012643;-1.175359;0.747001;2.337217;1.058201;-0.973364;0.464626;0.629277;0.18464;1.191747;0.217052;-0.099773;0.332253;0.491919;0.041583;-0.969304;0.491253;-0.025693;0.187065;23.23;0
15760;-1.043799;2.381975;-0.375169;-0.158954;-0.157648;1.334889;-1.627318;0.292184;0.692207;-1.827443;-0.504768;0.763967;0.482754;-0.277034;-1.643432;-0.551482;0.425079;0.093815;-0.383553;0.223513;0.991037;-0.508113;-0.097532;0.565481;-0.43718;-1.24995;-0.035621;-0.472462;5.57;0
15774;3.250258;-0.213416;-0.239244;1.07471;0.768426;0.61497;0.227406;0.974205;1.598234;0.643041;-0.791874;0.428397;0.500422;-0.048549;-1.019144;0.524033;0.415796;-2.11812;-0.140231;-0.272635;-0.209876;0.180006;0.23832;0.010483;-0.341878;-0.118978;-0.3457;0.08414;19.5;0
15809;-0.215751;-0.094084;0.68929;-0.29677;-1.36443;-0.030407;0.901592;0.969673;0.896441;0.134534;-0.714504;-0.544327;0.231114;-1.249678;-0.591781;0.707017;-0.033445;-0.13922;1.514909;0.81253;-0.218065;-0.058484;0.223325;-0.092003;-0.390111;0.015459;0.320759;0.195204;6.99;0
15825;-6.553274;-0.087219;0.012744;1.303519;-1.561176;0.118667;-0.578118;1.070272;0.840296;1.942803;0.927355;-1.138592;-0.288253;1.815244;0.96589;0.398688;0.070051;1.48777;-0.336208;0.590329;0.462783;0.136721;-0.631566;0.340944;-0.223645;0.324073;-0.137679;0.0346;237.37;0
16088;-2.934401;2.142702;-0.87658;-0.17728;1.168992;-0.06278;1.493471;1.246338;0.275613;0.3827;0.129052;-0.660315;-0.653663;0.223634;1.836619;-0.01848;0.706106;-0.177942;-0.517629;-0.587;0.681658;0.902569;-0.589389;-0.382067;-1.068229;-0.102256;0.47035;0.002141;35.72;0
16187;-0.897675;-2.078221;-1.877537;2.504141;1.343908;-1.6881;1.347367;0.641528;-1.988807;-1.197351;-0.119589;-1.491491;-0.255584;0.642474;-0.837593;0.517843;0.437562;1.373497;-0.115626;-0.213358;-1.429682;0.318622;-1.27275;0.963999;-0.523417;-0.189806;0.411578;-0.349408;42.77;0
16226;1.949859;-0.955764;0.274455;2.464967;-0.627293;-1.31109;-0.113618;0.474028;0.258155;-1.861266;-0.210074;2.052811;-0.211515;-1.428872;-0.086615;-0.056682;1.466317;0.02639;-0.35384;-0.649674;0.037791;0.264209;0.914171;0.00513;0.69933;0.299412;-0.095522;-0.014472;23.62;0
16240;-0.602589;-0.56231;0.592039;-0.398841;-0.983787;1.004928;1.206708;2.362124;0.073614;1.468081;-0.38814;-1.004377;-0.12044;-0.606578;-0.489441;0.365457;0.100519;-0.294958;-0.559629;-0.43157;1.563204;-0.637351;-0.425455;0.466501;0.155053;-0.025064;-0.242634;0.65417;44.54;0
16320;1.986142;-3.247634;1.07002;-0.045054;1.633642;-1.654964;-2.999222;0.982508;1.082861;0.02065;-0.226772;-0.281114;0.580548;0.405977;0.427888;0.07566;0.539599;0.121311;-1.150285;0.510597;-0.46505;-0.535931;-0.001575;-0.488984;-0.26643;0.866187;-0.223349;-0.022399;1335.84;0
16792;-1.096017;-1.854925;2.908218;0.038236;-0.937062;-0.517617;1.673409;-0.955749;0.574226;-0.853727;1.435341;0.695525;0.258071;-0.144539;0.244705;-1.319406;-0.12577;0.031559;1.280027;-0.000385;0.099648;0.346719;0.324123;-0.02651;-0.340796;0.304604;0.010781;-0.091186;21.11;0
16878;-3.90037;1.540747;-3.262391;0.057268;0.126468;-1.376638;1.089271;-2.167026;-0.19286;-0.694435;-1.779507;0.015169;-0.526251;0.438812;-0.807691;-0.503679;0.258391;0.01288;0.436078;0.802662;0.734392;-1.143115;-0.612186;-0.240145;0.397908;0.398968;0.128881;-0.533361;12.48;0
16905;-8.138007;6.699796;-3.149892;4.055953;-1.573169;-4.702237;3.563125;-3.278422;-2.090286;3.791892;-2.893672;3.056218;4.034665;-4.82882;3.681339;5.436486;-3.1001;-3.9414;-2.23899;1.674727;3.350691;-4.290681;-3.366178;3.109335;4.368392;4.806406;3.698559;3.900548;29.17;1
16906;-1.028544;1.045169;-0.082253;-1.275349;-0.048553;-0.588766;-1.35872;-0.236971;2.103967;1.505195;1.319937;-0.575423;-0.738618;2.028736;-0.575241;1.840805;0.303191;-0.488938;1.299326;-1.207139;0.344966;-0.256602;-0.535509;-0.214416;0.044657;0.036956;-0.179245;0.120556;73.3;0
17183;0.602643;1.351126;1.819524;-1.47391;-1.97433;-0.186508;0.302332;0.793443;0.883302;0.604272;2.359551;-0.137104;0.185307;0.494429;-0.140149;-1.694916;-0.401752;-1.145654;0.763305;0.222521;-0.777108;-0.549542;-0.580971;-0.693857;-0.583485;0.921301;-0.165989;0.144378;0.75;0
17414;0.440803;-1.289126;-0.168029;1.844656;0.315118;-0.520291;-2.522592;1.191151;0.323851;1.285924;1.31218;-0.592504;-0.919669;-0.420795;1.10953;1.375968;-0.575934;0.471451;0.002637;0.650011;-0.059207;-0.102388;-1.806024;0.644352;-0.277455;-0.274368;0.114085;-0.157037;36.45;0
17474;-2.51746;-1.075653;-3.51064;1.617498;0.180282;-1.879725;-0.956645;-1.438064;0.450845;0.357284;-0.989732;-0.241912;-0.439805;-0.615306;-0.60495;0.560466;0.531399;0.079669;-1.3628;0.088078;-0.915126;-0.155265;-0.050386;0.295539;-0.643134;-0.56307;0.413243;-0.080743;18.96;0
17534;-0.754833;-3.363353;-1.92947;1.592979;0.547064;-0.226756;1.348593;0.918012;0.0173;-0.821918;-0.476262;0.396641;-0.540092;-0.724732;-1.421737;0.040117;0.370791;1.398126;-0.746385;-1.039459;-0.790253;0.094017;1.439039;-0.86545;-0.360137;-0.045937;0.097303;-0.438702;7.47;0
17588;5.165115;1.342247;0.51614;-0.028517;0.268359;-1.255332;-0.025917;1.400276;-0.031845;2.037369;1.073965;-1.01632;2.299005;-0.400535;1.175751;-1.468763;1.242116;-0.028017;-0.292415;-0.798497;0.799466;0.334904;-0.338253;-0.129621;0.356243;-0.128673;-0.011154;0.040691;70.93;0
17714;-2.474874;1.627208;0.461218;2.756657;2.997249;-0.826621;-0.094572;0.774397;-2.437241;-0.336244;-0.233629;1.079636;-1.253212;-0.360062;0.442537;0.008988;-0.016094;-1.271634;-0.79075;0.709574;0.615023;0.695957;-0.321317;-0.13269;0.304082;-0.06778;0.094855;0.164087;35.91;0
17820;1.218411;1.605183;1.035505;0.038094;1.653116;1.004892;0.04608;0.544713;-1.056592;0.966808;-0.49613;0.08196;-0.790931;0.124158;-1.068227;-0.646764;-0.87522;0.270826;-1.483893;-0.40038;1.293718;0.750095;-0.239284;0.243331;0.535157;0.969034;-0.718359;-0.745036;2.22;0
17990;-4.158518;2.505078;-1.159324;1.295284;0.103556;1.290673;-0.098573;-0.108045;-0.64502;1.271795;-0.083;-0.567653;-0.563354;0.517191;0.268772;1.056301;-0.010088;0.063774;-0.731634;-0.59024;0.664351;-0.170726;0.183198;-0.088532;0.073931;-0.387594;-0.092712;-0.012137;12.56;0
18069;1.614394;0.460248;0.412424;-1.901843;0.22973;-1.723591;1.214487;-0.497402;0.445698;0.09683;-1.124288;-0.302478;-0.463889;0.428036;0.728617;-0.576695;0.641774;-0.361923;-0.167197;-0.250891;-0.113655;-0.425455;0.536496;0.663092;-0.784748;-0.03001;-0.502663;0.57102;0.5;0
18132;-1.810035;2.423406;-1.408254;-0.256224;2.483795;2.106326;-0.777547;0.9848;-1.866852;-1.123413;-0.112863;1.165776;0.929817;0.136827;0.075308;-0.232728;-1.844505;0.519477;1.277835;-0.184997;-0.750343;-0.567191;-0.52738;0.588089;-0.647747;-0.800164;-0.218089;0.049681;51.41;0
18419;0.714072;-0.616821;0.412537;-0.151266;1.241061;-0.658415;0.509989;0.744183;-0.623284;-0.649193;-1.21034;0.820225;-0.274212;0.203119;1.229945;0.226639;-0.025309;0.418003;-0.555227;0.923377;1.009988;-0.232126;0.276796;1.346172;0.246524;0.927569;-0.365949;0.162319;50.65;0
18420;-2.588475;-3.326928;0.10035;-0.022992;-1.646024;-0.779343;-1.429326;-0.339293;-0.76425;0.82813;0.756923;0.247572;-1.301229;2.444247;0.495349;-0.557185;0.553089;-1.005407;0.520844;-1.333779;0.446896;-0.711239;-0.063163;-1.358338;0.052914;-1.138674;-0.371379;0.34937;10.08;0
18486;0.497163;1.219054;-1.219499;-1.812209;1.359549;-1.165901;0.908963;3.075107;0.07843;0.671864;-0.841218;-0.584465;1.343678;-0.683534;0.268001;0.853559;0.181902;-0.39299;-0.80118;0.453389;0.573855;0.338149;0.175305;0.834095;-0.60277;0.07081;-0.394028;0.187643;74.45;0
18519;-1.841868;-3.390728;2.372857;1.069511;1.765065;0.094363;-0.4085;-1.746661;0.448435;1.507723;0.072533;0.572561;0.223093;-0.025379;0.175535;-0.250383;-0.328171;0.919317;-0.19177;1.134754;0.408497;0.736894;0.269801;0.48488;-0.178022;-0.657204;0.930136;-0.118393;4.84;0
18644;-1.464344;0.02445;-2.55551;1.530627;2.28245;2.655462;-0.060825;-0.226236;-0.760394;1.331831;-0.43333;0.024018;0.373703;-1.703865;0.113664;-1.645138;-1.054313;-0.822976;-0.037845;0.737901;0.856007;-1.097727;-0.614378;-0.106828;0.987885;-0.6821;-0.022586;-0.534381;7.77;0
19017;0.791873;1.38271;-0.193848;-0.98628;-0.504059;-2.027747;-0.459092;-0.867963;-0.681329;-0.948738;0.409692;1.738212;0.594803;-0.357597;0.789042;0.142675;-0.030249;-0.144783;1.286121;1.799318;-1.122333;0.006829;-0.336168;-0.156547;0.484423;-0.432914;0.481761;0.891935;61.92;0
19090;-0.909252;0.290968;-1.252787;-1.559225;-0.604742;-2.715659;-0.30221;0.507169;-0.798325;1.663569;0.858781;-0.02717;-1.21276;-0.852849;-0.14612;0.720489;-1.072898;0.19083;-2.172925;-0.342124;-0.896136;1.120287;0.276664;-0.053843;0.779279;-0.540298;0.304262;0.246158;11.79;0
19117;0.671744;3.671361;2.789645;-1.021897;-1.249705;0.377119;-1.255861;-2.269267;-0.479141;-1.028532;0.312229;1.67698;-0.036606;-0.690662;0.854075;1.275467;0.558861;-0.969268;-0.667223;0.696978;-0.646415;-1.066758;-0.096914;0.151198;-0.613197;0.131991;0.275382;0.278547;30.14;0
19215;-0.442141;-3.671057;0.923581;0.773608;0.475216;0.777221;0.39827;1.560427;-0.10626;0.738326;-0.694321;0.202883;0.758398;-1.128334;0.273863;0.496349;0.032676;-0.08267;0.19;-0.05622;0.255793;1.063608;0.481188;-0.329932;0.868605;-0.624796;0.217512;0.343326;14.22;0
19340;0.061613;-0.413349;-0.960459;-0.777177;1.061357;0.090054;0.677783;1.246486;1.396638;2.729397;-0.554425;-1.016477;-0.644659;-1.288036;0.086062;1.024759;1.265682;-0.110246;0.328597;-0.389544;-0.343818;-0.619059;-0.147884;-0.978218;-0.2705;0.509783;0.834387;0.369316;17.88;0
19360;0.797919;-0.239802;-0.40237;-0.120373;-0.658394;0.812413;-1.659994;0.368152;-1.163743;0.430609;2.427098;3.27375;0.264394;0.127417;-0.290314;0.441821;-1.699859;-0.271723;-0.963436;-1.699447;0.81361;-0.437172;0.616496;-0.316979;0.817549;0.65306;0.171009;0.262507;19.09;0
19568;-0.752536;-2.595298;2.830499;-1.454314;-0.145705;-1.484577;-0.749536;-0.319285;1.875925;-1.848872;0.987484;-1.422489;0.491778;0.69192;-0.281806;-0.834287;-0.312373;-1.285668;-0.041202;-0.347869;-0.022154;0.444646;-1.226807;-0.16211;0.186317;0.810546;-0.712169;0.009477;11.47;0
19608;-2.012297;-2.265958;-1.408876;2.880587;-2.784131;-1.236677;0.027217;0.902409;-1.4072;-0.265228;-0.181815;-1.946957;-1.431558;-0.730669;0.280308;-0.677486;0.610703;-0.000262;0.000411;0.830116;1.682669;0.365456;0.190474;0.347787;0.326818;-0.749845;-0.06968;-0.105504;52.13;0
19623;-1.108009;-1.732072;-2.644317;0.173942;2.13304;0.184864;-0.752324;0.441161;1.000106;2.460573;-0.565644;-2.043988;-1.021149;-1.936657;0.911924;-2.012913;0.96269;-0.519597;1.18198;-1.311061;1.240995;-0.075893;-0.809587;-0.724654;0.361219;-0.383285;-0.418514;0.24159;12.91;0
19844;2.260521;-2.17239;0.45942;1.702596;-2.109667;2.358232;-0.286299;1.1829;-0.573376;-0.135736;-1.447722;2.722285;-2.223386;0.116643;0.449003;-0.180832;0.64553;0.895253;0.158843;1.625185;0.091583;-0.549674;0.685251;0.391998;0.051375;-0.23596;-0.560001;0.047894;33.9;0
20022;0.156538;-0.456831;0.493597;0.770301;0.567196;0.765705;1.993966;-0.095719;-1.052054;1.536423;1.170798;2.112751;0.187664;0.46068;-0.66017;0.584482;-0.839647;0.349166;-0.12486;0.32555;-1.001495;-0.89562;-0.102603;-0.734841;0.303393;-0.276813;0.17266;0.037312;11.1;0
20057;-1.717552;-1.313129;1.025712;0.01053;0.378792;0.827581;-1.272522;-0.165954;1.398568;-0.95272;-0.705121;0.152572;1.779571;0.656781;-1.465024;-1.378479;-0.433834;-0.652711;-0.580016;-0.841203;0.492993;-0.055183;-0.221112;0.242317;-0.529784;0.392905;-0.829723;0.325214;3.32;0
20200;0.713043;0.279982;1.035665;-0.063001;0.113215;-1.40799;-2.877112;1.332508;0.039928;-0.297688;1.09481;0.439801;-0.694496;-0.970417;0.66318;1.148697;-1.942754;-0.332198;0.482176;0.186051;-0.822703;-0.152855;-0.522255;0.336943;-0.067048;0.15581;0.043458;0.691953;130.15;0
20229;0.843215;0.853515;2.693766;-0.959846;0.14494;0.581799;-0.752437;0.804058;-0.002164;-0.145117;0.864014;0.258412;-0.21498;-0.571677;2.431501;-0.080457;0.019067;0.105106;-0.216415;0.538814;-0.721386;-0.570435;0.401491;-0.079526;0.405962;-0.454671;-0.659017;-0.31057;70.06;0
20271;0.943998;0.736478;-2.574388;-0.569658;-1.346258;-1.552259;-0.416918;-0.157076;-0.354783;2.216496;1.399858;-1.74295;0.942791;-1.055478;-0.261034;-0.778815;0.980422;-0.333543;-0.468954;-0.366439;-0.297622;-0.183988;0.342249;0.028146;0.056609;-0.138342;-0.070175;0.158435;1025.59;0
20309;-1.976783;-0.979518;-1.796233;-1.361079;-0.40273;2.371117;-0.617588;0.487727;-0.689609;-0.243474;0.794016;1.454239;0.225241;-0.6997;-0.431888;-1.382983;-0.013958;-1.272739;-0.803892;-0.470445;-0.311453;0.180642;-0.184548;0.425451;-0.182391;-0.016238;0.310622;-0.33196;6.92;0
20347;-1.400662;0.222143;1.019927;-1.51595;1.387152;-1.325863;0.323326;0.269929;-0.24453;-1.965132;-0.194039;1.324581;-0.964743;-0.748179;0.736679;1.471727;0.475952;0.245584;-0.25047;1.530111;0.393419;0.770305;0.402569;-0.355066;0.121552;-0.084078;-0.261201;0.064481;24.21;0
20419;-1.389817;1.520773;-1.649495;3.032653;1.795915;-1.039319;-1.284821;0.605972;-3.59959;2.686361;0.036226;-1.208782;1.435255;-0.479392;-0.793404;1.050245;0.45304;0.441982;0.555787;-0.251711;0.228992;0.140445;0.126786;0.18838;-0.709291;-0.360761;-0.473052;-0.55479;27.31;0
20532;-0.773263;0.500827;-2.179448;0.466056;-0.530843;-1.939191;-1.467347;1.560646;-2.08906;0.337939;0.045026;0.332426;0.159431;-0.231379;1.351541;-0.344999;-0.292497;0.622356;-0.425585;-0.100594;-0.746727;-0.126443;0.043296;-0.213958;0.543977;-0.543716;-0.136228;-0.230098;146.07;0
20666;0.980892;2.946031;2.837425;2.151318;-2.103379;0.134136;-0.846364;-0.366346;0.38155;0.803584;-0.254121;-0.06268;-0.252927;0.120094;0.365202;0.827528;-2.111393;0.788545;0.017898;1.029002;-0.225869;-0.592878;0.475384;0.945595;-1.081043;0.368205;0.247717;0.006789;15.48;0
20695;0.50756;1.42917;-2.426113;-1.057568;-1.02457;0.078243;-0.820772;-0.717018;1.251055;-1.661475;-1.635682;-0.199047;-0.173465;-0.801702;-0.034217;-0.17441;1.133174;-0.695824;-0.461113;-0.046098;-1.002655;-0.536016;1.113036;0.33137;-0.01298;-0.579469;0.121368;0.353034;5.72;0
20713;0.661673;2.702844;-0.510421;-1.707277;2.606722;2.032611;2.619843;0.375812;1.449912;0.370963;-2.178107;-0.662306;0.537234;-0.124147;-0.714445;-0.521901;0.35152;0.659195;0.128032;0.598687;0.283356;0.155841;0.164774;-0.636971;0.395307;0.346818;-0.028661;-0.488518;202.7;0
20772;2.570337;-4.581754;-0.069645;-1.318445;-0.942419;1.052632;1.915035;-0.588499;-1.102698;0.110815;0.794006;-0.1012;-0.618851;-0.860552;0.792683;-0.564856;-1.09563;-0.959098;0.057452;-0.353282;-1.367928;0.194939;0.16573;1.108859;0.042404;0.116514;-0.334659;0.143048;20.59;0
20834;1.273337;-0.10275;1.996796;-0.529342;-0.084141;-1.03172;-2.080213;-1.033992;0.162104;-0.963222;-0.16454;-0.511577;1.478756;-1.675011;-0.41422;-0.194285;0.298955;0.300013;-0.647619;-0.527249;-0.181359;-0.16002;0.559539;0.611072;-0.243922;-0.419415;-0.162781;-0.011792;123.71;0
20846;-0.346513;-0.830403;-2.801893;0.12183;2.003959;1.181616;-2.402963;1.232326;-2.462823;0.818072;0.99924;1.063599;1.178288;0.528987;0.635385;-0.340729;0.152053;-0.595307;0.663796;0.303277;-0.481587;0.651655;-0.60053;-0.735931;0.571803;0.250034;0.275871;0.482994;103.89;0
21088;-2.378576;-0.486215;0.647367;-0.14433;-0.677116;-1.633876;-0.116334;-0.291775;-0.436528;-1.769949;-0.36713;-0.017365;-0.021859;-0.626292;0.353171;0.06409;1.107536;0.35138;-1.18944;-0.745362;0.388198;0.042363;-0.123508;-0.931013;-0.358241;-0.350899;-0.053488;-0.133428;31.66;0
21101;-1.463367;-1.66258;-1.324469;-1.027931;-0.178439;-0.93541;2.360378;-2.172995;0.856061;-0.970901;0.018827;-0.67562;0.029145;-1.653768;1.165196;1.425345;0.385988;-1.266597;0.909538;0.323495;-0.600537;-0.3502;-0.249373;-0.749019;0.876047;0.276986;0.096813;0.143283;25.5;0
21479;-0.580325;0.415425;0.967693;0.194555;1.146408;0.177551;0.815951;1.058425;-0.069247;1.41103;0.968119;-0.014961;-0.8422;0.548086;0.13467;2.014936;0.389068;0.455893;0.256621;-0.696632;-0.630487;-0.47163;0.176246;-0.59908;-0.109144;-0.385748;-0.144067;-0.051516;18.41;0
21542;1.546803;-3.398457;-1.34928;0.319048;2.412293;-1.485409;-0.050778;-0.4714;-0.414923;-0.701159;1.606445;-0.129886;-0.641846;-0.230785;2.825877;-1.048256;0.151423;-0.660811;0.466183;0.316142;0.279391;-0.519944;0.124503;0.092282;-0.127552;0.05345;-0.45206;-0.322355;32.37;0
21632;-0.123297;0.427946;2.394182;1.067233;-0.840862;1.435996;-0.575532;0.73762;-0.064618;-0.44776;-0.302503;-0.171551;-1.11998;0.444699;0.495024;0.414326;-0.681961;0.405588;-1.347013;0.960979;0.318204;0.345619;1.080311;0.050168;0.37862;-0.023959;0.801033;-0.188814;120.86;0
21956;-1.349582;-1.60506;-1.340465;2.158014;1.971091;3.051486;1.325681;1.339295;1.361132;0.1881;-1.000082;0.680318;-0.225912;0.41163;0.123106;0.194474;0.558561;0.313103;-0.051328;-1.524958;-0.773855;-0.447367;0.919496;0.448234;-0.161334;-0.303205;0.313663;-0.249672;10.03;0
22030;-1.499141;-1.135668;-3.697589;-0.446729;-0.33851;-0.371714;0.210707;0.27568;-0.319172;-0.315423;1.257268;-0.263875;0.02985;-1.040577;-0.364031;0.476811;-0.04186;0.323747;1.232315;-0.306598;0.419797;0.077449;-0.949184;-0.189558;0.049913;-0.154318;0.110921;-0.576101;38.99;0
22046;-0.205678;0.488608;-1.171162;1.795982;-1.172582;-0.846744;2.13738;-2.372221;0.029909;0.843067;-0.272828;-0.555369;-1.556475;0.903263;0.78777;-0.386159;-0.839396;0.039985;-0.127712;-1.498981;1.783407;-0.610913;0.211506;-0.158984;0.297073;-0.3153;-0.065757;0.510275;6.18;0
22126;1.665476;-0.133715;-0.374563;0.163631;0.394388;-0.152354;-2.102754;-2.286767;1.621334;0.281816;-0.474944;-1.336515;0.631355;-1.749398;-0.343613;0.488815;-0.586774;-0.980415;0.095555;-0.215859;-0.354213;-0.120259;0.429078;0.068632;-0.637195;0.573725;0.568675;-0.118259;7.45;0
22269;3.032488;1.553283;1.654354;-2.098793;-1.547444;-0.721305;0.515321;-0.750166;-0.301154;-1.552242;-0.387789;0.001491;-0.866047;-0.37128;-0.714525;-1.20412;-0.997095;1.251877;-0.936767;0.268908;-0.906784;-0.039268;0.042112;0.68679;0.318689;-0.343192;-0.318598;0.157691;31.61;0
22270;-0.471249;-1.947241;-1.880206;2.602245;0.701376;0.368101;-0.708489;-0.017659;-1.850175;-0.711013;-0.713007;1.2429;0.365339;-0.434847;-0.436503;2.986374;0.891326;-0.109153;-1.175651;-0.251808;0.030475;1.702182;-0.329912;-1.154463;-0.880555;-0.0349;0.267925;-0.365102;1.75;0
22319;-0.157249;-0.409621;-1.850356;3.297002;4.396514;-1.738798;0.503701;1.478168;1.455249;-0.828912;0.80922;-0.112571;0.74496;-0.735548;-0.18486;0.265736;1.681756;-0.111255;0.176612;-1.638517;-1.018677;-0.941113;0.844804;-0.156421;-0.006759;-1.024488;0.015119;0.015295;728.39;0
22380;-2.437186;1.267577;1.470473;0.949117;1.575729;0.443614;0.301062;0.396687;1.067154;-0.415115;-1.344994;-0.486781;1.224772;1.18702;2.037303;0.652426;0.973439;1.163265;-0.559247;0.702091;-0.198878;0.582239;0.194699;0.804405;-0.185403;-0.336752;-0.105004;0.167144;5.53;0
22479;3.711426;0.354876;-2.05659;0.197495;-0.094762;2.562858;0.621986;3.164555;-2.488332;0.212055;0.124092;-0.739663;1.023171;0.299198;0.25615;-0.974065;0.303558;-0.746711;-0.458558;-1.113994;-0.378683;-0.553367;-0.65692;0.041346;-0.681832;0.311058;-0.110982;0.028734;31.18;0
22615;-2.801956;0.466278;-0.250265;-0.315395;1.502039;-2.64285;1.202202;-1.724798;-0.193204;0.423854;0.274703;-1.696596;1.560377;-1.341803;-0.611515;-0.60173;-0.07629;-0.039886;0.041185;0.65343;0.495359;0.971813;0.595134;-0.179879;0.87955;0.232712;0.522333;-0.273944;191.01;0
22679;2.214742;1.646914;-0.219563;-0.588806;-1.2355;-1.534301;1.713343;0.194337;-0.074379;-2.491054;-0.590516;1.174688;0.75287;-1.202911;0.980802;-1.282352;-0.270204;0.142598;0.545958;-0.565028;-1.292114;-0.50258;0.28;-0.496928;0.087035;0.213847;-0.7485;0.266936;9.08;0
22735;-0.782405;-0.972799;0.348545;1.789196;-1.003871;-0.571926;2.410137;-0.48011;1.455516;1.207315;1.638875;0.489855;0.131015;2.078058;0.161543;1.291531;-0.868215;-0.19467;0.41583;-0.66016;-1.16257;0.746091;-0.40907;0.550533;-0.339398;-0.014119;0.666069;-0.675971;1.05;0
22933;-1.238765;-1.337117;-1.112271;0.045472;-0.056487;0.740717;0.009585;0.329219;-0.06582;-0.009046;0.936301;0.771934;-0.483767;-0.447792;1.168235;-0.966534;1.654238;0.229533;0.070721;0.018349;0.268689;0.159654;-0.483349;-0.293597;0.073828;0.123354;0.409525;-0.520244;16.99;0
23158;-2.234507;0.726315;-1.379762;2.446995;0.171138;1.204208;-0.682514;2.134493;0.13251;-1.131234;-0.44362;0.258559;-0.14466;-0.754207;1.7297;-0.156183;-0.90926;-0.488297;0.708572;0.831007;0.385978;-0.958588;-0.503601;-0.298424;1.293141;0.707312;0.014958;-0.038282;8.92;0
23227;4.629595;-0.528516;0.525691;0.119505;-1.734758;1.097213;-1.530019;2.209748;0.166685;1.128029;-0.088269;-0.787304;1.534283;1.120198;-1.367502;-0.117108;-0.750544;-0.057282;0.835571;1.515801;-1.577393;0.143083;0.723926;0.831879;-0.517597;-0.452916;-0.094834;-0.790566;1.09;0
23565;0.361909;1.671412;-1.332954;-0.515532;-0.372939;-2.229963;0.529259;0.114808;-0.562699;-2.205083;0.932176;-0.303675;-0.219928;-1.696024;-2.171337;0.426418;-0.188131;0.110265;-0.116602;-0.305835;1.100198;0.371224;0.35547;-0.638596;0.342136;0.600904;-0.004209;-0.259015;50.77;0
23642;-0.028503;0.369708;-2.033553;-0.783847;-0.149532;-0.87688;1.025298;1.075202;1.376953;-1.627539;0.101628;-0.485534;-0.034939;1.34153;1.802237;-1.12733;-0.117111;1.148294;1.341331;-0.99253;0.629231;0.423105;0.582862;0.99514;-0.475563;-0.432018;0.193847;-0.15555;45.18;0
23654;1.659128;-1.348397;1.873978;-0.986077;2.177922;-1.177421;-1.682075;0.306505;-0.921495;2.41078;1.44961;-0.402692;1.387174;-0.755946;-0.635463;0.766459;0.497754;1.391207;-0.89067;0.276282;-0.500237;-0.170594;0.116789;0.103132;0.2508;0.148319;0.493766;0.501905;183.73;0
23764;-1.339124;0.315404;0.757024;0.800087;-1.734817;-0.066715;1.409385;-1.2296;-0.583993;0.249474;0.597534;-0.396622;-0.253989;0.504298;-1.555644;1.105583;-0.599149;0.14238;-1.251741;-1.021184;0.059763;1.868133;-0.432562;0.014973;-0.34275;-0.419686;0.193559;-0.217824;6.16;0
23989;-0.0664;-1.83167;2.688929;-1.768181;-1.862747;0.044313;-0.135674;0.067041;-0.05653;-0.713599;0.277941;1.103729;-0.793013;-0.44974;-0.487625;-0.570844;-1.73019;1.00736;1.110551;0.582685;-1.448734;1.401182;-0.502489;0.174096;-0.085052;0.41536;0.111184;-0.172326;3.01;0
24066;0.039856;1.368186;1.203791;-1.092039;0.292478;-1.801072;-1.567213;-0.55108;-1.521858;0.208263;0.269162;2.011498;1.057858;-1.501389;-0.890526;-0.0222;-0.219024;-0.609069;-0.577055;0.351543;0.504077;0.243455;0.655352;0.012676;0.082239;-0.631208;0.010587;-0.6103;17.99;0
24081;-1.068684;-2.687073;-1.894897;1.950765;1.63821;-0.564607;-1.061876;-0.024696;1.89195;-0.107911;3.231875;-0.853551;-0.824408;0.181329;-0.712991;0.56136;-0.161089;1.891107;-2.174711;1.053172;-0.627775;-0.947615;0.266662;-0.322117;0.686431;-0.492341;-0.737284;0.025144;29.01;0
24105;2.269294;1.844173;0.165518;-1.28546;0.811198;0.79209;-1.179621;-0.963983;-0.050941;0.128995;-1.018832;-0.157518;0.357665;0.919884;0.768727;0.234904;-0.230936;-0.205563;-0.273976;0.82122;-0.269844;-0.720207;-0.17473;0.209944;-0.76644;-0.055041;-0.664005;0.003275;131.9;0
24132;-0.496376;0.285116;-1.513599;1.295041;0.467694;-0.81568;-1.157565;0.234625;0.857068;0.623157;-1.096325;0.224614;0.189676;-2.244469;-0.337051;-0.869753;-0.242375;-0.027579;0.98522;0.117473;-0.090217;-0.193656;0.00324;-0.298818;0.883826;-0.386039;0.44014;-0.36059;274.75;0
24153;-3.098608;-0.55469;-2.47393;-2.859477;-0.348279;-0.24631;0.696678;0.413724;-1.103236;-0.125847;-0.226272;-0.960648;0.27311;-1.099512;-1.482264;0.627112;-0.321537;0.446917;-0.259052;0.034006;0.872019;-0.069129;0.608814;0.261105;-0.997478;-0.348068;0.18894;0.301568;204.74;0
24207;-0.65792;1.050568;-0.655271;2.129124;0.983025;2.276863;1.061146;0.888061;0.732908;0.476613;1.452782;0.062284;-2.352966;1.198378;0.019611;1.341171;-1.158965;0.716127;-1.44793;-0.673193;0.331152;-0.594806;0.339174;1.410631;0.17038;-0.057856;0.330957;0.280067;50.14;0
24212;0.415898;0.614595;1.502115;-1.733729;1.191107;2.666739;2.096941;0.418733;0.826254;-0.082247;-2.493164;0.358121;0.719248;0.391719;-0.784548;1.338405;1.237492;-0.144012;-0.244582;-0.688562;-0.272467;-0.391488;-0.067207;0.402699;0.031394;-0.613044;0.323607;-0.184571;109.86;0
24340;-1.812312;2.03156;0.435118;-1.174479;-0.305089;-2.85461;-0.875796;1.995185;0.984956;-0.804745;-1.921967;-0.067231;-0.087115;0.455439;-0.236906;0.516242;1.188821;-1.686888;-0.160408;-0.021777;-0.440166;-1.431973;-0.038675;-0.115094;-0.068293;0.062724;0.245229;-0.635211;12.67;0
24352;-1.65846;2.015437;-2.08025;1.036086;-1.259102;0.171484;0.415266;2.658721;2.0455;-1.115615;-0.387723;0.630758;0.561632;0.903649;-0.184815;0.684056;1.180066;0.550925;-0.282224;-0.819438;0.154574;-1.556136;-0.376117;0.155894;0.018863;0.180396;0.347529;-0.35382;42.63;0
24623;-1.135205;0.339462;-0.708336;0.45398;-1.250128;3.899654;-0.812312;-0.431393;-0.664061;1.527793;2.182563;0.010325;0.450762;0.459137;0.759389;-0.332486;-1.039577;-0.764479;-0.59248;-0.196217;-0.072425;0.009906;0.004355;-0.195103;0.27135;-0.771491;-0.342257;0.506357;5.55;0
24709;2.31141;-1.778163;-0.195729;1.340882;1.262653;0.656866;0.014954;1.204381;-0.255313;0.795674;0.045949;-2.827172;0.273294;0.15157;-0.469903;-0.797169;0.327275;0.650333;-0.554073;-0.35231;-0.186542;1.146521;-0.18847;-0.112136;0.240092;0.11965;0.226528;0.045959;36.38;0
25038;-1.019958;-1.206811;-2.53056;-1.745133;-2.081097;0.044592;-1.845672;2.566374;-0.979774;1.220398;-1.165667;-0.940898;-0.411293;1.081495;0.624983;-0.050463;-0.383647;0.631942;0.579464;0.466268;-0.005619;-1.116787;-0.041085;-0.068151;-0.093357;0.099539;0.181152;-0.252806;37.82;0
25414;2.716778;-0.393949;1.09689;-0.337264;2.364342;1.765875;-1.402764;1.235386;-0.155851;0.094105;0.858489;1.428083;-0.400696;-0.364503;-1.461555;2.002704;-0.430397;0.161767;-0.479702;-0.007269;-0.20742;-0.153629;-0.345769;0.289921;0.365699;0.214008;0.529201;0.450856;438.43;0
25634;-1.269153;1.601379;-0.32539;-0.806251;-0.579453;0.310063;0.985795;0.903615;0.680529;0.335981;1.715168;0.525079;-0.082122;-0.005914;0.807876;-0.457277;-0.818634;0.759618;0.120745;0.776146;-1.15266;-0.013313;-0.840632;0.553143;-0.119392;0.056713;-1.447817;-0.061135;23.49;0
25689;0.563778;-1.059549;-2.079798;-1.506468;0.477154;0.963152;-1.849498;-2.11801;0.62126;-0.104417;-0.631464;-2.812656;0.134614;0.802821;1.172027;0.392284;2.186384;-0.411862;0.117855;-0.222365;-0.05201;0.26838;0.581356;1.286617;0.048597;0.172335;0.955961;0.004408;37.9;0
25906;-0.940173;-0.915187;-2.165232;0.916174;1.01836;-0.259705;0.75239;-0.61411;1.754827;1.351665;0.483494;-1.485059;-0.43704;-0.724275;-0.219514;0.342431;-0.233916;1.154801;-0.50918;-0.890378;-0.025878;-0.36747;0.345334;0.395554;0.602047;0.17071;0.339;0.788974;47.25;0
25992;1.400462;2.927647;1.682003;1.409133;-0.893486;0.290669;-0.848425;-0.440404;0.489217;-0.285882;0.179893;0.724602;0.875219;1.377898;-0.754917;-0.319402;-0.812915;0.136864;-0.619438;0.432778;0.087149;-0.792125;-0.174593;-0.669075;0.617066;0.12024;0.102497;0.30398;16.74;0
26103;-2.250635;-0.450436;-0.555028;-0.40835;-0.584659;0.587419;-2.397665;1.700757;-0.049382;-0.982594;0.603711;-0.560393;-0.344729;0.289691;-0.990617;1.315591;0.098832;-0.155672;0.04666;-0.0855;-0.742468;0.46496;-0.209523;-0.781379;0.544846;0.182478;-0.381068;-0.094219;9.94;0
26209;1.378576;-1.368086;1.817432;2.23225;0.232119;1.171193;-3.157826;-0.819425;-1.250924;0.658192;-0.448136;-2.66522;-0.970657;-1.092937;-0.033193;1.408153;0.636297;0.958668;-1.34836;-0.197954;-0.593927;-1.406964;-0.871023;-0.040954;-0.533013;0.755155;-0.116665;0.122078;232.34;0
26249;0.152045;1.073598;2.393955;-1.045694;-1.128135;-0.554189;1.804692;-0.051596;0.902952;-0.075828;0.661204;1.058797;0.541426;-0.175842;1.096625;2.35701;-0.141548;-0.558756;1.605032;-0.315023;1.186624;0.274888;0.650845;0.61026;0.221676;0.641731;0.138746;0.181822;7.6;0
26359;-1.317984;-0.367112;1.563897;2.197824;-1.423346;-0.590336;-2.372716;1.049928;-0.222146;0.362412;0.875237;0.726632;1.775917;-1.320355;-0.397458;-0.692597;0.190062;-1.768002;-0.473893;0.001135;-0.550639;-0.578822;0.767449;-0.126852;0.239973;-0.055722;0.668166;0.271104;4.52;0
26414;-0.394132;-2.674007;-0.785482;0.868379;-1.299339;-2.543552;-0.089822;-0.873082;0.927946;0.865127;0.748585;-0.811019;-1.15085;0.09246;1.001412;0.368246;0.841614;-1.048038;-0.326409;-0.198189;0.361727;0.17557;-0.064553;-0.117398;0.919158;-0.305715;0.610272;-0.342078;91.87;0
26499;2.921017;1.530781;-3.751749;-1.667465;1.718622;-0.494911;0.428899;0.382117;-0.517249;-0.541245;-1.634787;1.242575;-0.150303;-0.353652;-1.057759;0.087932;-0.840953;1.205466;0.586627;0.407948;-0.591713;0.835567;0.192605;0.548932;0.412285;0.622525;0.247481;0.537774;188.05;0
26593;0.198797;-1.562378;0.492624;2.883764;0.599136;1.287537;-1.638371;0.22704;1.270779;-0.148625;-1.442541;-0.773497;0.991344;-0.820117;-0.329904;-0.594044;0.1329;0.209967;-0.147541;0.57975;-1.390498;-0.494165;-0.622995;-0.016328;-0.326066;1.121287;0.292284;0.470027;16.83;0
26674;-1.44032;-0.194597;3.17828;-0.561158;-1.044571;0.636089;-0.696371;1.093761;0.374949;-0.248348;-0.683017;-0.606676;0.517045;-1.698931;-0.049672;-0.576245;-0.569557;0.142919;-0.348229;-0.275214;-0.085847;-0.265088;0.043071;0.63099;-0.19852;-0.013855;0.079539;-0.306549;17.22;0
26826;-2.419152;-0.387881;-0.033439;1.781267;1.254408;-1.30568;0.583742;0.83403;1.041477;1.492602;0.292837;-0.470838;0.566391;-0.750107;0.186919;0.156807;-0.68593;0.765024;-1.093231;1.549741;0.43734;-0.302828;-0.436561;-0.91794;-1.322104;0.244851;-0.406365;-0.004762;50.59;0
26956;0.915538;0.128075;-2.984621;0.276822;-0.968102;-2.512137;0.353712;0.796477;0.374394;0.105608;0.590384;-1.866518;-0.000735;-0.163376;-0.312812;-0.400896;1.486697;0.248269;0.072544;-0.429153;-0.253622;1.640501;-0.434412;0.290789;-0.040118;-0.159591;-0.313077;0.024665;11.45;0
26960;0.311898;-4.060558;-0.999067;0.601707;-2.641569;-0.16942;-0.581114;0.288934;-1.06787;0.260451;-1.055169;0.418581;-2.581682;-0.347121;1.124445;-0.852097;-0.096875;-0.231158;-0.452938;0.023873;-1.467235;-0.092144;-0.18893;-1.083497;-0.19202;0.26022;0.385841;0.052908;10.25;0
26983;1.28529;-0.849722;-0.257437;1.349714;1.011596;1.248625;0.283762;-1.944388;-0.451915;-1.17052;0.350722;0.524904;0.217538;-1.353348;1.138733;0.118754;-0.933254;-0.368441;1.675882;-1.239191;-1.640289;-0.125177;-0.273058;0.162652;-0.27283;-0.971357;0.282674;0.255905;123.89;0
27032;-2.921338;1.675968;-1.637963;1.271109;2.321799;-0.616935;-0.136771;0.216198;-1.458457;0.886566;0.984644;-0.443942;0.328543;0.030558;-0.169087;-0.963522;-0.115919;-0.987358;-0.176303;-0.070443;0.832129;-0.062272;-0.089525;0.549398;-0.405408;-0.25696;-0.246541;-0.109509;82.33;0
27407;-2.355908;1.919221;-3.85157;-0.415848;0.820095;-1.901747;-1.213317;0.115812;0.15311;0.556637;0.701361;0.709191;1.050806;-0.936112;-0.483652;-0.400393;-1.060157;-0.896237;-1.846218;-0.146745;-0.020406;0.974082;0.645121;-0.993174;0.799285;0.354566;-0.302522;0.142561;236.69;0
27569;2.166414;-1.984932;-0.127755;0.824965;-2.554525;-0.764045;1.478608;0.962188;-1.658897;-0.82041;-0.449028;-1.565215;-0.750929;0.895014;-0.556378;0.32835;-0.206997;0.146757;0.759639;-0.028204;0.433222;-0.459334;-1.31942;-1.400095;-1.397642;-0.428738;0.258781;0.208915;5.06;0
27766;0.576116;1.322635;-1.165163;0.718372;0.017494;0.453791;0.247202;-0.453285;0.273264;2.186063;-0.355789;0.68922;1.585507;1.036364;0.931296;-0.108883;-0.603496;-0.130789;-0.820022;0.762268;0.159112;0.571198;-0.340627;0.519109;-0.659816;0.271733;-0.120424;0.163563;15.58;0
27779;0.970132;-1.587273;2.696764;0.373257;-0.328918;1.672442;-2.294119;0.099741;-4.031491;0.457542;-1.303519;0.332144;-0.328028;-0.236795;-0.615164;-0.21653;0.419412;0.409979;0.076072;1.303155;-0.849784;-0.546481;0.381692;0.274142;1.241078;0.254856;-0.316046;0.156969;50.49;0
27788;-1.94724;-0.917941;0.172561;-0.218709;0.571933;-0.321404;0.636877;0.1373;0.840926;-0.589735;1.79513;-0.673781;-0.493332;1.523081;-1.339865;1.601794;1.645886;-0.072047;1.127953;0.863197;-0.196745;-0.596433;0.110725;-0.670118;0.511723;0.283778;0.136774;0.183133;8.26;0
27859;-1.982925;-0.827033;0.729064;0.370422;-1.119232;1.423007;-0.77324;-0.79794;-1.264036;0.086891;0.50351;0.419974;-0.721936;-0.125325;-1.204064;1.244308;-0.170436;-0.893748;-0.260131;-0.069081;-1.248811;0.266992;-0.493448;0.149059;0.159064;-0.248603;0.270505;0.070955;86.71;0
27929;1.862954;-0.08177;-0.15982;2.863908;-0.410199;1.275576;-0.368901;-1.3224;-1.099308;-0.311744;-1.624478;-0.862772;0.974475;-1.238471;0.596948;0.082562;-0.571186;0.206311;-0.175823;0.161533;0.680431;0.874244;1.295225;-0.330278;-0.002448;0.374971;-0.440987;-0.632943;207.88;0
28100;1.954836;1.462364;0.161537;-0.348939;-1.909715;-1.544965;0.000162;0.505224;1.45906;1.772826;1.271179;1.10406;-1.082153;1.147819;-1.252477;-0.882599;0.058264;0.155909;0.747071;1.18281;0.223079;-0.275997;1.661734;-0.109279;-0.304291;0.905726;-0.135457;-0.334623;13.8;0
28155;-2.192223;0.187731;-2.474972;1.783354;0.356044;1.683442;-0.993255;1.249238;0.301762;1.107167;0.69172;0.531781;0.576649;1.55955;-0.373018;0.723468;1.262516;0.014501;1.144715;-0.760869;0.530667;-0.281068;-0.019614;-0.163686;-0.663747;-0.24047;0.292499;-0.426808;35.09;0
28257;-2.564772;-0.488208;-1.550651;-0.809884;-1.858396;0.4125;2.225767;-0.693643;0.880969;0.584898;1.23818;0.370006;-0.805263;0.964838;0.082964;2.233038;0.424045;0.132076;-0.121232;0.614369;0.93219;0.457367;-0.624693;-0.811739;0.191176;-0.328245;0.629788;-0.35443;293.96;0
28274;-0.281756;1.403448;1.663808;-1.181467;0.653646;-1.584888;-1.861714;-0.209143;-1.155868;1.961362;-0.549778;-0.447748;-0.072392;-0.723295;-1.540716;1.211193;-0.141302;1.651182;1.628313;-0.673781;-0.270132;-0.007668;-0.165693;0.549668;0.415833;-0.083455;0.116901;-0.326519;492.21;0
28280;-1.628729;-1.658604;0.336288;4.722487;-0.985755;2.361906;0.060292;1.037164;1.008085;-1.041671;-0.407406;0.77743;-1.493668;-1.175949;0.155868;-1.134106;-1.797099;-1.001152;-1.418239;0.890198;-0.551231;0.489601;-0.708938;-0.64603;-0.360368;0.134837;-0.203807;0.342052;101.36;0
28385;-1.669345;-0.403586;-0.581745;0.836834;-4.285152;-0.147016;0.462876;1.152783;-0.20121;0.935728;-0.8089;1.201673;0.723962;-0.326284;-0.305357;-0.163924;-0.065;-0.804044;-0.741148;-0.093068;-0.08728;-1.170263;0.238401;0.056519;-0.944747;-0.504769;-0.331912;0.440294;80.65;0
28734;-2.510188;1.452702;0.754119;0.875869;1.145386;-2.564779;0.041104;0.325396;0.079386;0.686503;2.179525;1.600824;-0.174039;2.38735;-1.745648;-0.635025;0.647832;-1.42958;-0.396821;-0.667327;0.915362;-0.748325;0.346848;0.397755;0.345638;-0.222655;-0.00079;0.212253;9.2;0
28863;-0.983446;0.6457;0.783851;0.915223;0.731775;-0.919334;-0.246822;0.5429;1.589327;-0.161194;-0.49101;-0.529834;0.505133;-1.119806;0.167655;-0.804943;0.803469;0.077751;0.845766;-0.496454;-1.153354;-0.044371;0.6009;-0.506347;0.403122;0.713315;-0.015309;-0.327752;56.76;0
28865;-2.321655;-1.076706;3.026251;2.068366;1.91706;-1.246764;-0.477496;0.683139;-1.329185;-0.156326;-0.954316;0.820352;-0.201762;0.797925;0.350179;1.008839;1.107324;-1.626224;0.176677;-0.374205;0.005097;0.325312;0.237642;-0.167673;0.432598;0.556623;-0.863345;-0.304346;76.34;0
28941;-2.206032;-2.887415;0.26623;0.64909;-2.834364;-0.886714;-1.005943;0.89613;0.95434;1.096264;-0.639892;1.391486;0.476638;-0.078833;0.158056;0.99029;-0.600065;0.188303;-0.556777;0.743767;0.577624;-0.0935;0.131831;-0.310345;-0.082422;-0.485485;-0.678529;-0.21318;24.15;0
28965;0.511864;0.267785;-1.584386;1.229035;-0.853278;-0.572097;-1.027932;-1.224989;0.373951;1.016379;-0.311662;-0.230614;-0.074265;0.916386;0.448923;1.572389;-0.366621;-0.047193;-0.92202;1.041376;0.214824;0.057488;-0.63468;1.051941;-1.122434;0.914294;-0.913549;-0.241702;13.57;0
29192;-0.177637;-3.001108;-0.154702;-1.433167;0.231598;-0.322328;1.426594;2.33148;-0.284399;-1.460264;1.607073;1.401374;0.681013;-1.199589;0.224887;0.606947;-0.123379;-0.482043;-1.219775;-0.299479;0.773392;0.436719;-0.767941;0.558089;-0.637077;-0.210663;0.005876;0.435794;4.85;0
29288;0.875513;-0.637627;0.937424;1.467171;0.838954;-0.372354;-0.557766;0.376065;-1.253549;2.069898;0.302376;0.167276;0.482435;-0.229521;0.654438;-0.029406;0.590279;0.396389;0.408118;-0.661789;-1.130578;-0.897614;-1.262879;0.463522;0.668649;0.164375;0.42094;-0.447904;2.44;0
29334;-3.285615;1.769581;1.523445;-0.2662;-1.96878;-0.109655;2.63391;0.9185;-0.29675;1.335607;1.278222;-0.998467;0.158393;-0.852128;-0.870735;0.175345;-0.246294;0.249139;-0.325419;1.572939;0.783718;0.436588;0.040148;1.348354;-0.702298;0.020419;0.364555;0.103584;1.78;0
29467;-0.050733;0.762392;-2.418698;1.023874;0.645415;0.801233;0.819486;-0.856547;-0.950188;-0.216877;0.31101;-0.692866;-0.894141;-0.797505;-1.281112;-0.786912;0.431355;1.348282;0.811637;0.64064;-0.465676;0.756444;0.525226;0.214785;0.363975;0.45013;-0.511826;-0.420409;78.98;0
29529;3.977493;-3.770921;0.403097;-2.36547;-0.739052;-0.97276;-3.317861;-0.171222;1.255539;-0.772462;-0.16384;-1.41898;-0.449895;0.717177;-1.066803;1.215688;-0.350557;0.514962;-1.171171;-0.587004;-1.53945;-0.246846;0.704039;-0.204934;-0.531047;-0.560265;-0.366732;0.163688;41.33;0
29666;-0.795931;0.076781;-1.334855;0.964855;-2.510009;1.590731;1.085241;0.498611;0.050934;1.300386;-1.043363;-0.028516;-0.771324;-1.064285;-0.749064;-0.64226;-0.627024;-0.053033;0.33602;0.286815;-0.24857;-0.620017;0.509316;-0.878295;-0.583363;-0.258285;-0.520782;-0.126116;16.03;0
29777;1.538261;-0.822164;-0.835614;-3.113493;-0.98594;-1.609494;-0.075918;-2.097245;-0.794667;0.631077;1.645909;-0.148582;1.341547;0.288275;1.82998;-0.349575;0.934366;-1.916299;-0.044383;-0.307439;-0.622414;0.639921;-0.237664;-0.426713;0.949457;-0.449193;0.035583;-0.370244;20.14;0
29929;1.521213;-2.473531;1.297218;-0.3218;0.75984;0.838108;-1.73354;-1.022357;-1.631363;0.870884;1.030781;0.196506;0.719144;0.063544;-0.741014;-0.25725;0.24863;0.780895;-0.506976;-0.979583;-0.129781;1.238057;1.142674;0.097149;0.968689;-0.517625;0.370078;-0.184167;45.41;0
29945;1.617137;0.309587;1.146835;-2.351883;-2.452351;2.205551;1.607276;-0.81309;-0.559351;0.712231;1.123587;1.358085;0.006238;-0.905653;-0.484812;-2.69247;0.622113;0.787648;-0.448196;-0.228737;-1.11954;0.106405;-0.598253;0.568146;0.084885;-0.364045;0.45501;0.165149;25.87;0
29959;0.25499;-1.120706;-1.00401;0.968912;0.929132;-0.215884;-0.550537;-1.471578;1.309859;1.413857;0.963668;-0.006269;-0.569664;-0.698212;-0.223222;0.773455;-0.197412;1.111855;0.073378;-1.045414;-0.099929;-0.635693;-0.627209;-0.398874;-0.252004;-0.409591;-0.271875;-0.537193;4.43;0
30049;1.033868;-1.109974;-0.218341;0.168363;0.441062;0.277309;-0.655956;0.176238;0.072576;1.022971;-0.704317;-0.254458;-0.78818;0.330575;-0.334641;-0.824008;0.671549;-1.921708;-0.035528;-0.360017;-0.429682;-0.004209;0.465357;0.966039;0.536664;0.314258;0.044139;-0.2071;130.26;0
30131;1.293077;-0.055402;-0.789484;-1.024518;-0.300326;-1.267403;0.455236;-0.038158;-0.24821;-0.491926;0.290307;-0.18751;0.087576;-0.014131;1.641841;0.616751;-0.933896;0.17227;-0.732228;-0.287808;1.441183;-0.600298;0.861869;-0.939149;-0.821393;-0.189814;-0.297672;-0.061728;52.26;0
30304;1.16912;-1.35278;4.386472;2.106859;-2.206573;-0.66067;1.40711;1.744212;1.818557;-0.55578;1.1286;-1.824816;1.739481;0.046763;-1.5803;-0.384733;-0.796951;0.553174;0.407641;-0.405588;0.116872;0.515592;1.101442;-0.229035;0.630029;-0.124373;0.009219;-0.454168;49.35;0
30480;-2.248965;-0.104377;0.440321;-1.203266;-2.095829;2.105012;0.130635;-1.283604;-0.506001;0.477987;0.983224;0.686631;-0.024307;-0.213298;1.978688;-0.392529;0.790211;1.009313;0.966101;0.711435;0.156623;-0.036441;0.608206;0.246313;1.050661;-0.899222;-0.253722;-0.31428;116.32;0
30504;-3.3994;-1.296452;-1.247617;-4.234295;-0.499905;1.015481;0.041856;0.329351;-0.939151;2.585824;0.179723;-0.139285;1.123843;-0.27543;0.121672;-0.967303;-0.080406;0.505594;-0.207562;0.321332;-0.176524;-0.668133;0.445452;0.080015;0.301948;0.48424;-0.223863;0.479421;9.77;0
30587;-3.099488;-1.201538;2.016472;0.799362;-1.502417;0.576664;-0.874114;-0.997307;0.394499;-0.073267;2.034487;0.089528;0.234637;-0.0107;0.864952;1.231826;-0.232033;0.050875;0.461154;-0.482221;0.900692;0.143587;0.493952;0.290802;-0.604654;-0.83913;-0.528877;-0.436509;204.51;0
30605;-0.596812;1.447769;2.069767;-2.43857;-0.410587;-2.557506;1.385938;-1.993397;0.411522;0.485803;0.563637;-0.188757;0.510071;1.391634;0.008536;1.427887;-0.810799;-0.855418;-0.139116;0.258471;0.344264;-0.47187;-0.182435;0.078393;0.792792;0.046782;-1.202485;-0.176755;26.84;0
30611;1.088157;1.623782;2.725423;-1.158314;1.300531;-0.932909;0.142583;0.749487;-0.695468;1.065108;1.368432;0.136111;-0.486881;0.51792;0.731895;0.889902;0.671845;-0.098346;1.942305;1.015586;1.094572;-0.946843;-0.506793;0.395419;0.162625;0.651047;-0.152751;0.159875;125.57;0
30662;-2.223602;-3.225972;3.17287;-0.664632;-0.326769;2.332859;-0.289549;0.848013;-0.927432;-0.366939;0.224148;-1.288641;-0.219185;-0.115654;-0.869367;0.243298;1.584243;0.326612;0.001245;-0.629047;0.759636;0.54668;0.160318;-0.148794;-0.072976;0.753288;0.135506;-0.024737;99.65;0
30765;1.731742;1.022436;1.088649;-1.952071;-0.364614;0.566407;-0.443389;0.707021;1.541777;0.959258;-0.359094;0.00893;-0.827574;-1.028568;-1.243025;0.129432;0.502554;0.657586;0.558157;-1.001842;-0.291195;0.215014;-1.06131;-0.18336;-0.503886;-0.677877;0.081619;-0.18853;6.97;0
30853;-1.049437;2.149562;-0.508276;-0.631093;-0.363521;0.732342;1.263264;-1.51663;-0.526284;0.105237;1.008567;-0.587992;0.2624;-0.392269;2.34974;0.966202;-0.406254;-1.332441;0.935484;-0.8251;0.522585;-0.337788;-0.201168;-0.503238;-0.5927;-0.087779;-0.598696;0.258935;70.41;0
31049;-1.030873;2.424262;-0.285951;-1.9255;1.448495;0.246838;-0.335281;0.149469;-1.647061;1.452387;0.768189;0.04458;-0.263686;-0.873434;1.731259;-0.100608;1.172643;0.248178;-0.529087;0.299919;0.584307;0.915893;-0.339046;1.325965;0.59976;0.377329;-0.902541;-0.685276;54.02;0
31203;-1.700409;0.630257;-0.421034;0.300584;1.83485;-0.795276;1.266453;0.760859;0.162157;-0.939601;0.373394;-0.994813;0.31549;-0.754723;-0.968938;1.169536;0.289078;-1.23714;0.561857;1.157167;0.679652;-0.537651;0.351628;-0.04788;-0.039616;-0.198458;-0.031905;0.23089;34.66;0
31273;-3.745333;-2.099298;-0.589671;-1.674818;0.632269;0.46228;-0.594753;1.183071;0.934051;2.612137;-0.843056;0.483779;-0.975801;-1.78563;0.642058;-0.837114;-0.39237;0.223338;0.68852;0.662818;0.283027;-0.312971;0.126481;0.265672;-0.045049;0.529603;-0.463838;-0.313371;28.74;0
31317;0.377163;0.819867;1.892305;0.112808;0.238496;-2.015185;0.885659;0.797671;-0.259669;-0.250616;1.05118;0.031191;0.407499;-0.000841;1.043668;0.873792;1.077087;-0.963814;0.33819;0.999392;-0.990765;0.270035;0.911612;-0.128916;0.065562;-0.998455;-0.180147;-0.843454;29.11;0
31352;3.269702;-1.773807;0.021089;1.720051;0.366796;-2.115255;0.246799;1.19851;0.54084;0.658397;-0.789331;-1.272524;0.132147;1.995018;0.590771;1.140882;-0.175152;-1.212127;0.608196;-1.68349;-0.03132;0.630911;0.499817;0.971051;-1.01525;0.074533;-0.467608;0.711336;112.06;0
31380;-0.192196;-0.86333;1.486847;1.180969;2.020574;-0.957915;-1.188936;1.320182;-1.202069;0.095321;0.812904;0.946872;0.101395;0.198322;-0.199578;-0.95634;-1.260707;1.5208;-0.53498;-0.631671;0.071109;0.281498;-0.406252;-0.006838;-0.011462;0.219935;-0.622396;0.012337;78.8;0
31419;-3.678732;0.392732;1.04154;-0.046029;0.707229;0.275578;-0.11785;0.174789;0.641085;-1.085731;-1.098925;-0.499198;0.343801;0.708311;1.832294;-0.728346;-0.293151;-1.161008;1.729307;-0.850723;0.041826;-0.406049;0.406957;0.199768;-0.003374;-0.561479;0.468182;0.253681;34.66;0
31429;1.451668;-1.662234;-1.638969;-1.334007;2.150966;-2.067665;-2.726348;0.643251;-1.100737;0.998249;-0.843988;-0.345034;-0.258097;0.931407;0.615773;-0.029135;0.437591;-0.534813;-1.952729;0.440136;0.827592;-0.170893;-1.080904;-0.532145;0.777479;0.392399;0.183965;0.354967;3.53;0
31437;-3.238356;-2.253273;-2.572937;0.296032;-0.528337;0.188967;-0.932609;1.239616;0.285691;-0.1981;0.317932;0.800235;3.624449;-0.265231;-0.854392;0.382348;-0.637186;-0.017112;-0.691379;-0.143493;-0.479576;-0.464619;0.444086;1.073883;0.430362;-0.50198;-0.009937;-0.305081;69.52;0
31470;-2.427617;0.535788;-1.847361;-0.917921;-1.793085;-1.302764;-1.96648;0.514249;0.794436;0.663035;0.610545;1.072646;0.419708;-0.200962;-0.362067;-0.533484;-1.630203;-1.749217;-1.093546;-2.299635;0.089353;-0.239275;-0.472624;0.132367;-0.631409;0.795509;0.355438;-0.085844;98.04;0
31692;-0.534759;2.960298;-0.624327;0.355595;-0.873302;-1.123568;2.4669;1.476807;0.058574;-0.787594;0.241021;-0.451219;0.070907;-1.3308;-0.983679;0.091133;1.24405;0.659736;1.385548;0.594961;-0.060794;-0.184764;-0.386822;1.096087;-0.204581;-0.158203;0.006992;-0.01173;1043.79;0
31885;0.169545;1.880795;0.222835;-2.365705;-0.72666;1.748453;-1.951878;1.090651;-1.408993;-0.1932;-0.517703;0.12037;0.682295;0.199038;-0.107731;-1.808269;2.554758;-0.588607;-0.116079;0.909422;0.488971;0.299725;0.822645;-0.366454;0.544067;-0.078139;-0.151385;-0.231932;166.19;0
31943;-2.036895;0.953432;-0.958933;1.216311;2.264249;0.069601;3.19638;-0.702617;-1.361286;-0.23095;1.155475;0.685149;-0.530409;0.063654;-0.137168;0.683193;-0.428904;-0.856942;-0.775182;1.557264;1.311407;-0.49681;0.231513;-0.269616;-0.677411;-0.506476;0.663199;0.39213;1.92;0
31991;-0.610766;1.423991;1.081628;0.117168;1.066251;-1.182061;0.627707;-1.50414;1.702433;0.69017;0.161601;1.260629;-0.562196;-0.811937;0.67738;0.724591;-0.56165;0.776488;-0.500531;0.137086;0.444452;0.687467;-0.129723;-0.321559;0.881922;-0.171543;0.689233;0.439389;37.25;0
32059;1.324567;0.833255;-0.776805;3.206094;-0.82969;0.268489;-0.653395;0.072976;-0.894956;0.42555;0.217243;0.097791;0.738354;1.112601;0.66399;1.34848;-1.178499;-1.122132;-1.245164;0.486649;0.39605;-0.017983;0.620162;-0.173037;-0.021075;-0.346391;-0.403668;-0.042739;501.23;0
32217;1.591749;0.508327;0.408006;1.924607;1.165607;-1.934592;0.989887;-1.355545;0.791636;-0.102487;-0.140664;0.477019;0.823577;-0.73557;0.343389;0.514921;-0.726225;0.376014;0.498203;-0.868786;-0.754477;-0.614813;0.903424;0.409037;0.278832;0.147952;0.109089;0.164624;84.38;0
32230;2.37034;1.284609;0.197548;0.873985;-0.128822;0.528499;-0.809198;0.14892;0.080213;-0.313239;-0.717167;-0.894804;1.114081;2.743479;0.318873;-0.31566;-1.333938;0.019785;0.579696;-1.254087;-1.136827;0.279795;-0.629823;-1.249466;-0.229785;0.126767;0.057478;0.282022;54.22;0
32239;3.653366;-2.637268;2.638994;-0.10607;2.305681;1.492733;-1.757841;0.041191;-1.154445;0.433252;1.16921;-1.48718;-1.398162;0.397308;0.939373;-0.882609;-1.142277;0.048123;0.235872;0.967499;0.176666;-0.086495;-0.452524;-0.029444;-0.236929;-0.043221;0.345141;0.092911;127.78;0
32239;1.509284;0.07511;-1.452614;-0.966038;-0.410508;0.900099;0.088047;1.598084;-0.636033;0.30551;-0.63557;0.559349;-0.151333;-0.010998;-0.215512;-0.705562;-0.018068;-0.047369;-0.589908;0.431249;-0.146153;-0.331258;0.49294;-0.476209;-0.479355;0.083252;-0.42361;-0.190155;13.02;0
32321;-0.492636;-0.41004;3.354713;1.408221;-2.073667;2.88976;0.85809;0.651025;1.819816;0.230526;1.75136;-0.788857;0.286446;1.871384;-2.187686;-0.068162;-1.377967;0.108032;1.226145;0.971484;0.326044;1.019891;0.180088;-0.541711;0.799142;-0.536004;0.510386;-0.819528;67.84;0
32507;1.605662;-0.133498;-0.877468;-0.255847;-0.207716;-2.55806;1.57523;1.213743;3.788612;2.236581;-0.821482;-0.905114;0.661502;-2.181714;1.910981;-0.735217;-1.282847;-1.912767;0.623309;-0.18692;-0.457432;-0.225109;-1.163899;0.285631;0.307721;-0.506199;-0.369906;0.031168;22.74;0
32951;0.840097;-1.068174;-2.003486;1.729078;-0.409753;0.188869;0.607185;-0.532618;-0.399044;0.691611;0.349391;0.645006;0.47552;-0.264773;-0.838773;-0.666211;0.158038;-0.73436;-1.423165;1.834953;1.014132;-0.326937;1.095264;0.18301;-0.502544;0.590699;-0.053928;0.262398;32.15;0
33228;0.917416;0.630444;-0.307542;0.639169;-1.803653;-1.766856;-0.666388;1.870305;-0.475016;2.187197;0.090939;-0.135974;-0.847035;-0.406205;0.622875;-0.023241;-0.551023;-0.767137;-0.166982;0.251076;-0.883209;0.691705;-0.308699;0.526474;0.366882;-0.365409;-0.454571;-0.311498;114.74;0
33738;0.275577;-1.685015;4.91261;0.649356;0.858558;-0.210385;1.708982;1.113441;-1.852126;0.014239;-0.094872;0.235295;0.464167;-0.163891;-0.319965;-1.408212;0.286739;0.930312;-0.947037;-0.570274;-0.153088;0.362786;-0.633055;0.236304;0.489049;0.145648;-0.21399;0.056637;8.25;0
33833;-1.848505;-1.193569;1.37176;0.914227;2.016112;0.022053;1.43209;0.558651;-1.864907;0.03723;0.715561;-1.26041;0.278386;0.227078;1.262208;-0.861872;-0.314125;0.133243;1.182245;-0.234822;-0.295685;0.543186;-0.002805;0.109644;0.562361;-1.128507;-0.413932;0.147043;228.6;0
33866;-2.074788;-1.401212;0.930476;-1.23587;-1.499028;3.052194;0.323582;-2.099806;-0.992977;-0.460908;0.825581;-0.89196;0.275775;-0.192155;-0.885139;0.202222;-0.17958;0.009532;-0.373209;-1.224979;0.791319;-0.405418;0.549291;-0.340731;0.146342;0.208602;-0.381993;0.148856;17.56;0
34338;-0.25938;1.224628;1.220732;-1.381433;1.39234;-0.059504;1.491364;1.4527;-0.539504;0.419079;0.566684;1.624313;-1.082584;1.354962;-0.656815;0.24452;0.650891;1.558734;-1.127191;-0.715602;-0.178716;0.158341;0.693492;-0.565396;0.088916;0.569554;0.308903;0.041216;48.96;0
34481;0.220375;-0.290282;-1.142086;-1.430527;-0.787151;-0.084312;2.699165;2.160269;-0.077986;-0.264973;-1.065163;-0.641426;-0.927087;0.427959;-0.462968;0.771097;-0.491874;-1.700554;-0.128404;-0.288069;-0.431949;-0.998197;0.025445;0.36546;-0.484352;0.059243;-0.017516;-0.329787;4.05;0
34504;-1.39491;-1.06724;0.512327;1.557446;0.015888;1.356862;-0.684044;0.063431;0.709147;-0.420292;-1.174731;-0.19126;1.709741;0.47463;0.494409;0.146355;0.590343;1.188167;1.277749;1.203336;0.048913;-1.382722;1.562214;-0.156058;0.692456;0.083322;0.79766;0.397986;97.49;0
34586;0.755517;-0.916033;0.023778;-1.272925;-0.129086;-0.050253;-1.1256;0.087781;0.192964;-1.981328;-1.236098;0.244989;0.916668;0.453852;0.192964;0.037214;-0.381069;0.009907;0.690227;-0.040684;-0.58595;-0.42546;1.740298;0.243522;0.346685;0.768421;-0.087297;-0.014805;289.96;0
34651;3.987494;-0.263287;2.751691;-1.096047;0.015899;2.455426;-0.720135;-0.564846;0.727379;1.687771;-0.228967;-1.049261;-0.090451;-1.226864;0.504339;0.570587;-0.725838;-0.634344;-0.432277;0.844963;-0.026258;0.033962;0.267741;-0.002753;0.51423;0.139139;-0.31432;-0.177233;15.3;0
34841;-3.471445;2.536363;-0.144118;0.833274;0.702854;0.91068;-1.683566;-1.891765;-0.725344;-0.327759;2.17765;1.349272;-0.074053;0.203887;0.105349;0.177466;-0.943656;-0.448789;-0.150955;-0.066892;-0.104714;1.728146;-0.048489;-1.246596;-0.979089;-0.335314;-0.209706;-0.54181;6.26;0
34880;1.065377;-2.40918;-0.551198;-0.28791;-1.363372;1.121909;0.723106;-0.618892;-0.127872;1.697719;-0.030157;0.017428;2.103919;0.237008;0.838146;-0.845453;-1.44474;-0.418455;0.795914;-0.78009;2.099135;0.899836;-0.218834;0.294935;0.497419;-0.215068;-0.061753;0.133398;50.25;0
35421;-0.198651;0.898632;-1.738847;-0.469308;1.834754;-2.46386;-2.00628;2.024709;-0.45051;-0.01491;2.162934;-0.22405;0.01352;-1.069335;0.853407;-0.693609;-1.086763;1.260065;1.119669;0.430037;-0.347616;-0.78732;-0.104732;-0.381784;0.013037;-0.297837;0.124773;0.810599;293.6;0
35448;0.808778;0.546322;0.231422;-0.592508;0.744889;2.660333;1.558618;1.334024;-1.443393;0.792598;-0.014072;1.067432;-0.142118;0.86056;1.368177;1.485387;-1.545203;0.200921;-1.266099;-0.640497;-0.075245;0.630431;0.916961;0.527161;0.430367;0.47766;-0.160135;-0.077686;3.76;0
35569;-0.909894;-1.79753;0.462357;-3.232397;1.203104;-0.85309;-0.843505;-0.869523;-2.221413;0.170986;0.183188;0.912682;-0.791672;-1.945917;0.302855;2.840946;-0.875278;0.576627;0.114415;-0.295723;0.149253;-0.968792;0.198197;-1.133912;-0.622931;0.631584;-0.515399;-0.160799;6.3;0
35654;-0.354817;2.267691;-1.794398;-1.302972;-1.026491;0.007059;1.674798;-0.638281;-0.786057;0.542024;0.627687;1.957321;-0.254318;2.42892;0.298509;0.657768;0.686065;-0.623417;-0.297443;1.574328;0.189403;1.103786;0.529589;1.158427;0.942846;0.522973;0.373474;-0.004155;16.76;0
35670;0.182526;0.662955;0.704277;1.74782;-1.488388;-0.848096;-3.180727;2.590748;-2.779072;-1.009849;-0.27684;-0.422662;-1.64553;-0.026028;1.597978;-0.877404;-0.02715;0.093384;-0.404934;0.475475;0.75151;-0.36383;0.420208;-0.363555;-0.339037;-0.356936;0.487556;-0.024912;9.67;0
35923;-0.658186;-1.148379;0.372101;-0.695945;1.682145;-1.342254;-0.487633;-1.163985;-1.296165;1.378762;0.251835;2.181345;0.469961;-0.811234;1.079636;1.681089;-0.353573;0.763807;1.077042;-0.621638;1.392516;-0.413687;0.365959;0.287428;0.598933;0.035381;-0.170329;-0.121301;9.72;0
36176;-3.035056;-3.486785;1.550303;-2.628695;-1.547694;-1.578884;-1.613333;-0.801356;0.549686;-0.309856;-1.716908;0.649679;1.178889;0.603019;0.462048;-0.368607;-0.614509;0.945979;-1.107534;0.573722;-0.594769;0.734553;0.665221;-0.434673;-0.106445;0.34343;0.594375;0.684918;1.43;0
36272;-0.526134;0.126424;1.850676;-1.361352;0.256041;0.157311;1.66816;-0.461202;0.148178;1.098988;-0.886893;1.683499;1.189582;0.611108;-1.278971;0.383919;-0.089877;-1.125393;0.642067;-0.71209;0.310212;-0.402565;0.503089;-0.351763;0.962153;-0.572096;-0.201918;0.014646;80.12;0
36402;-2.832046;-0.34741;0.162362;0.580993;1.456214;-2.599963;2.071991;-1.566032;-0.026456;-1.502131;-1.695451;0.985946;-0.70436;1.97427;-1.54215;-0.007954;0.005979;0.6792;-1.858494;-1.340633;-0.130021;1.258753;0.285539;0.418031;0.154814;0.445419;0.417024;-0.429998;55.04;0
36538;1.203727;-2.053133;-1.544911;0.552849;-0.124987;-0.302927;-2.916658;-0.589637;1.248579;-0.732415;0.759745;-0.625561;-2.2329;1.720889;0.547563;0.173663;-0.978948;-0.122525;-0.597357;0.851221;0.231151;-0.410492;1.133829;-0.123231;0.980064;0.417179;-0.379891;-0.388629;2.59;0
36692;-3.707813;-2.075453;-1.234239;-0.347878;1.664706;1.426832;1.063668;-0.571547;-0.851321;0.495242;-1.37061;-0.815372;0.295704;-1.26664;0.585072;-0.377448;0.37866;0.306914;0.017338;0.237022;0.800573;0.638986;-0.827963;-0.080868;-0.036409;0.294057;0.949371;0.375946;294.65;0
36800;1.935876;1.232522;2.680813;-0.90867;-0.32475;0.860483;1.315172;-1.023677;0.700149;-0.08836;1.459906;-1.776081;1.235958;-0.249244;-0.667736;1.152138;-0.300044;-0.443524;-1.072073;-0.14188;1.178197;0.083496;0.165488;0.518172;-0.578684;0.40253;-0.70338;0.093752;412.25;0
36824;0.767648;-3.653352;0.269889;-1.921118;-1.712837;0.595139;0.393849;1.630286;-0.937825;0.587981;0.383143;-1.980472;-1.569973;-0.863268;0.312046;-0.152316;0.23526;1.281683;1.775071;-1.27238;0.628489;0.488735;-0.337127;0.115249;0.153983;-0.040434;-0.44011;-0.116026;10.74;0
37142;0.775108;0.273709;2.656692;0.592823;0.566358;-1.170861;0.719323;-1.338527;0.255199;0.316266;0.998598;-0.596143;-0.38866;0.722469;-0.840962;0.549174;-0.047532;0.21855;-0.590989;-0.232802;0.220178;-0.725555;0.560173;0.273438;-0.069278;-0.409471;0.879173;-0.143489;190.53;0
37269;-4.290404;-0.594266;0.772893;1.259776;0.323649;-2.089507;0.629908;-0.118892;0.118903;2.082458;-0.639589;1.264335;0.313118;1.368406;0.510683;0.530147;-1.239828;-0.493923;-0.656127;0.158014;0.739227;-1.320082;-1.02321;-0.381076;-0.314134;0.573467;-0.684644;0.230059;14.02;0
37294;-0.710769;0.590078;1.158141;1.90021;3.759407;1.405586;1.068191;-0.993631;0.178272;0.678976;-1.125941;-0.483146;-0.837419;-1.253922;0.534381;-0.087178;1.098731;-0.410697;-0.571793;-0.887493;-0.624219;-0.675891;0.134573;0.406596;0.646438;0.022427;-0.098958;-0.26044;43.45;0
37714;2.179449;-0.779148;1.437473;-1.507034;-1.25425;-0.577117;-1.364659;-0.199869;-0.475375;-0.381622;-0.334678;-0.659664;-1.689031;-0.050676;0.528486;-1.314148;-0.029852;0.721904;0.462756;0.04254;-0.539824;-0.2908;0.289073;0.068079;-0.70361;-0.255738;-0.211364;-0.049371;9.45;0
37880;-1.081286;0.237366;-1.82694;2.009043;-0.297549;-0.090494;1.478613;-1.048923;0.301254;-0.338628;1.105468;0.70264;-0.743964;-0.59659;0.295337;-0.718125;-0.33622;0.606082;0.724987;1.203746;0.112965;-0.143947;0.748234;0.262544;0.994016;0.062972;0.012437;0.240484;917.25;0
38048;-2.172221;-1.555;0.483496;-0.010389;-0.958595;-0.242801;0.249589;0.140315;0.387257;1.402499;2.177353;-0.842918;-0.576322;0.820662;-0.277651;0.636538;0.480998;0.067679;-0.364955;0.184495;0.839557;-0.348523;-0.272125;0.221899;-0.096208;0.059477;0.101946;-0.24526;21.24;0
38100;-1.311507;-0.355125;-1.847868;0.107732;-0.146629;0.914283;0.175174;0.432541;-1.623718;-1.575892;0.538532;1.832159;-1.840715;0.403106;-0.202641;0.280527;-1.015302;-0.324926;0.246487;0.45994;-0.225802;-1.538333;1.719943;0.689028;-0.708286;-0.226944;-0.095505;0.4197;40.03;0
38149;-0.203141;0.576115;-0.410218;1.338901;-0.202267;2.47161;0.692615;1.718596;0.883346;0.699523;-1.32198;-0.249051;0.998682;1.138782;1.04478;-0.707228;-1.373887;0.802306;0.309534;-0.32867;-0.149001;-0.459882;-0.373552;0.30794;0.202707;0.266616;0.296266;-0.540407;11.8;0
38225;-1.730172;-0.008992;0.986656;-0.698155;-1.153774;1.964958;-1.585753;-0.650428;-1.409508;-1.126201;-0.971336;0.931382;1.461759;-0.39422;0.367573;0.048459;0.458666;-0.44198;-1.177441;-0.799341;-1.457151;0.028479;-0.715693;-0.707578;0.095037;0.938901;0.56477;0.012597;540.22;0
38357;2.335944;0.387931;-1.528254;-3.0026;0.696168;-3.081877;-1.936268;1.975214;-1.015086;1.299058;-1.498092;-0.188067;-0.001625;-0.101983;0.434161;0.194496;0.966047;-0.484231;-0.106468;-0.422384;1.733468;-0.175213;0.365591;-0.362639;-0.079971;-0.60917;-0.232401;0.025132;561.11;0
38380;-0.196102;-1.875304;0.864599;1.070903;-0.245519;-0.390357;-0.16008;-0.910304;0.216166;-0.381134;-0.111753;0.034331;0.670308;0.38835;0.068706;0.522831;0.226317;2.12191;-0.52075;0.822298;-0.177853;-0.269533;-0.089082;0.138057;-0.327529;-0.597487;-0.714983;-0.700903;382.37;0
38637;-1.15336;-1.291867;-2.242537;0.56497;1.906766;-1.771169;1.903988;-0.233243;0.607705;0.663597;-0.262781;1.125815;-1.450022;-0.250208;0.582819;1.611834;0.672974;0.31811;-1.270857;-0.064899;-2.011085;-0.331264;1.131639;0.243033;0.68332;0.605216;-0.269774;-0.245084;139.03;0
38676;-2.60762;-1.261878;1.746413;-0.441593;-0.845009;1.26811;-1.479874;2.15004;0.192034;0.130541;-0.119343;0.237057;-0.165915;0.297041;0.862627;-1.998929;-1.108906;-0.069064;0.162724;-0.145726;0.111992;0.040622;-0.995697;-0.808182;0.280482;0.386294;0.119945;0.196863;12.97;0
38754;0.874671;-0.748327;-0.9833;0.953995;2.618695;0.025298;0.207192;3.504501;0.308116;-1.421498;-1.074889;1.488856;-0.585748;1.229342;-0.58145;1.075413;-0.328976;-0.373239;0.812013;-0.379312;0.335199;-0.753993;0.012126;-0.605353;-0.252553;0.818691;0.064821;-0.237853;114.64;0
38783;0.830249;2.080348;-1.530947;1.24426;0.430706;0.826182;-0.898688;2.056264;-1.300356;0.787949;-1.177076;-0.765451;0.365095;2.058253;0.5294;0.201125;-0.585918;-0.176625;0.025537;-0.969019;-0.177891;-0.176601;0.497232;0.667075;0.207081;0.926235;0.352808;-0.087285;32.77;0
38812;-1.614807;-0.882729;-2.147387;-2.077049;1.80444;-0.504186;-1.065213;-0.216074;-0.626042;-0.695744;0.115998;-1.276039;-2.620095;-0.458798;-0.215736;-0.896636;0.863733;1.048206;-2.093059;1.062876;-0.674438;-0.293444;-0.423298;1.199141;-0.405595;0.379389;0.745313;-0.134162;237.13;0
39138;-4.430842;-2.248358;-0.854824;0.101968;0.209326;-1.362364;0.610928;0.662702;-2.305409;0.964017;0.514099;-1.721833;-0.321908;2.071632;0.275607;0.1551;0.404898;0.696006;-0.380112;-0.150214;0.645411;-0.899178;-0.873282;-1.009104;0.50884;-0.561683;0.084662;0.321385;176.59;0
39272;0.730986;0.667047;-2.860494;-3.164139;-1.027303;-1.134813;0.931626;0.862338;-1.060664;-1.00218;-1.188537;1.252416;0.573265;-0.472201;0.750065;1.282843;0.866794;-0.545101;-0.7338;-0.399284;0.5617;-0.130676;0.887857;0.157492;1.090311;0.174289;-0.162636;0.11307;12.5;0
39387;-0.434267;2.059693;-0.808083;-0.105644;-0.313659;-2.018907;-0.986564;0.461054;-1.525781;0.353852;0.503189;0.902573;0.19867;0.844169;-1.331048;1.546212;-0.551371;-0.277237;1.431592;0.071386;0.374019;-1.430017;-0.530442;0.029208;0.57569;-0.17038;-0.290778;-0.148514;137.24;0
39477;0.585339;-2.451897;1.680225;-0.459294;-1.86374;-1.660633;1.71019;-1.149337;-0.035347;0.13258;0.985705;-0.252982;0.721591;-0.46462;-0.996276;-0.888621;-0.993072;-1.104967;-0.284709;-0.397758;-0.567889;-0.48883;0.637179;0.616959;-0.343491;0.245897;-0.074635;-0.236521;92.12;0
39509;3.74649;3.142963;-0.264955;0.768511;-0.103916;-1.94081;0.513904;0.329153;2.541742;-0.566816;-2.357388;0.305768;-0.604441;-0.978409;-0.610048;-0.736769;1.123008;0.221078;-1.317214;0.250924;-0.454391;0.242542;-0.582961;0.302786;-0.500365;-0.357796;0.340508;0.285861;0.52;0
39536;-0.122322;0.448256;-1.758053;-1.453738;0.287488;-1.357485;-0.309681;-0.551956;0.786133;1.593928;1.627196;1.068749;-2.740385;1.183817;-0.674613;-1.127837;0.002455;-3.332878;-0.04711;-0.517127;-0.265829;0.296572;-0.207715;0.505751;0.051404;0.270372;-0.2415;0.047605;110.1;0
39615;-1.071985;1.518631;0.361658;-0.528511;0.113097;-1.43273;0.420922;-1.102411;-2.519346;0.126561;0.736248;-0.17833;1.024929;-0.037184;-0.157737;0.215058;0.895798;-1.294501;0.504751;0.105169;-0.312564;0.009494;0.459473;-1.391308;-0.836897;0.360167;0.238594;0.332458;17.33;0
39736;-2.307278;2.268034;0.228223;-4.496801;1.885617;0.544144;2.515071;-0.320529;-1.719401;-0.369604;0.995252;-1.732452;0.69878;1.242638;1.530067;0.258471;-0.075853;0.077532;0.07013;-0.030478;0.446523;0.16185;0.209427;-0.004353;0.475775;0.146518;-0.433817;0.203827;8.77;0
39746;-0.679222;1.412629;2.974481;0.861655;-0.155805;0.491966;0.924378;0.425244;-1.478712;0.415643;-1.021299;-1.719832;1.476007;0.731933;1.062387;0.878995;1.875313;-2.204643;-0.660149;1.438712;-0.298231;0.446298;-0.587507;-0.552767;0.34618;0.214606;-0.007447;-1.078476;9.35;0
39860;0.243126;-0.461227;1.213989;-0.055528;-2.563711;0.542696;-0.876384;1.241646;-1.980682;-1.496693;0.822892;-1.07372;0.041286;0.40467;-0.538337;0.398356;0.993077;1.918717;-0.381513;1.481057;-0.703466;0.075338;0.318963;-0.537152;-0.079784;0.367672;-0.619669;0.353831;27.04;0
39930;0.033949;1.836618;0.481453;0.193883;4.94081;1.582744;-0.033197;-0.252175;-0.360725;2.762352;0.940118;0.111182;0.36959;0.53911;0.780684;0.796277;-0.157648;-0.744798;0.610093;0.616355;0.298934;0.847104;-1.356833;-0.747889;-0.150825;-0.360659;-0.227051;0.041201;68.04;0
40033;3.290757;0.170458;1.38665;-2.050672;-0.90304;-0.084189;0.152773;-0.043546;0.201631;-1.093408;-0.644578;-0.922209;2.206078;1.055098;-0.049333;-1.210513;-0.002345;0.406386;0.071933;-0.057987;1.72493;-1.52751;-0.754193;0.139311;-0.057497;0.159424;0.591187;0.081206;4.27;0
40126;0.903217;1.616539;-0.182915;0.635248;1.386868;-1.018483;0.815042;1.006676;-1.472279;0.691452;0.815472;1.033152;-1.80697;0.89939;0.302812;1.552434;0.000629;1.064938;1.630335;0.62836;-0.584388;0.593854;1.07225;0.203394;0.812133;-0.029573;0.104218;-0.662017;44.03;0
40255;-0.332862;1.805785;-0.093874;2.416905;-2.02586;2.961167;0.287039;0.134338;-0.295349;0.156618;-0.120923;-1.250863;0.396916;-0.378349;-0.902582;1.151565;-0.997011;0.225591;0.069431;0.603832;-0.527978;-1.565731;-0.115212;0.384876;-0.210916;0.558391;-0.053333;-0.160777;78.66;0
40367;-1.447793;-2.157251;2.525;-0.192576;0.388393;1.224509;2.340202;0.504046;0.192235;1.376667;-0.609858;-0.676528;1.13903;0.416017;-1.211822;-0.455694;-0.434473;-0.004298;-1.247688;-0.352055;-0.099332;-0.451201;0.435116;-0.245875;-0.621898;0.396049;0.10816;0.019227;540.62;0
40790;0.450012;1.104141;-2.449724;0.993126;-1.046473;0.222585;-0.291091;0.142782;0.718873;0.283934;-0.180376;-1.793137;0.174078;1.450591;0.656437;-0.682755;-0.49986;-0.476929;-0.171748;-1.260225;0.542113;0.52593;0.417144;0.844326;-0.406524;-0.270335;0.205763;-0.423425;6.59;0
40993;-1.838666;-0.584673;1.481598;-1.166282;-3.845236;0.130223;-2.155083;0.291251;0.121716;-0.605739;0.191638;-0.43074;0.033655;0.053479;0.01989;0.66668;0.179961;-1.107181;-0.466282;-1.455326;0.402973;0.446484;-0.223337;-0.56855;0.514486;0.354546;0.129742;0.437985;19.6;0
40997;0.280671;-0.03093;-0.147295;-0.039136;-0.340278;0.405239;0.256015;-1.234039;0.313441;-1.935194;-0.288655;0.01705;-1.454229;-0.464329;0.465563;-1.364227;-0.721019;-0.399516;-1.267433;-0.081643;-0.096277;-0.698352;0.062732;-0.873871;-0.499602;0.687074;0.091381;0.24634;49.03;0
41047;0.880457;-0.05013;-0.420149;-2.104504;-0.01909;-0.248795;-0.556995;0.195569;-0.091152;-1.850313;-0.787622;1.076981;1.378534;-0.586528;1.44031;-0.636983;-0.149062;0.086546;0.095723;-0.378823;-0.328345;-0.034562;-0.737069;0.133466;0.623264;0.20782;-0.398935;-0.132514;185.14;0
41048;-0.492082;-0.119542;-0.814873;1.189133;-0.252063;0.190539;-1.874998;1.749156;-1.165618;-0.169441;0.420813;0.128785;0.996183;0.825188;-0.227308;-0.894429;-0.334906;-0.021793;-0.348665;-0.408977;1.522478;-0.428599;0.070529;-0.417547;-0.104795;-0.149935;-0.591559;0.598549;20.98;0
41064;-1.299059;2.365699;0.252048;0.296974;0.385496;0.684175;-0.88237;0.2511;-0.925064;1.583674;0.590974;0.743491;1.201257;-0.220808;-0.218968;-0.07521;0.045213;-0.802137;0.111043;-0.609588;0.825078;0.610133;-0.314101;0.324397;-0.932647;-0.521837;0.290683;0.122038;199.93;0
41158;-4.331329;-2.633954;-0.045729;-1.661387;-0.321921;-0.946293;-0.454401;-0.942164;-1.505076;-1.732642;0.168942;1.005062;-0.050692;0.357746;1.599482;-0.380695;1.242571;0.893292;1.472384;-0.643028;1.256716;-0.055683;1.286887;-0.401223;0.389314;-0.963431;-0.523472;0.452871;1.81;0
41261;2.160482;-3.249654;-0.606201;-1.068644;0.145427;-2.153374;1.403357;1.807071;1.598562;2.105812;-1.629906;0.398352;-0.3379;-0.266541;0.00546;-0.681166;0.922075;-1.20167;-0.114735;0.514227;0.503099;-0.466691;-0.444745;-0.353144;-0.141105;0.548181;0.146121;-0.269277;5.05;0
41396;0.716436;-3.614592;-1.041013;0.156742;0.284755;-2.740605;-1.849228;0.908432;-1.666165;1.274762;-0.576283;-0.877646;-0.036438;1.136988;-0.74101;-0.767627;-1.147029;0.499724;0.819874;-2.322453;-0.078225;0.274868;0.308271;-0.402695;0.193209;-0.661534;0.403108;0.157758;55.87;0
41497;0.763854;1.57962;-2.857049;1.381888;0.001454;1.200905;0.423734;0.963477;0.997297;-1.380102;-0.840972;0.410558;1.60135;0.154208;0.659471;-0.552366;-0.064581;0.714592;-0.1652;0.462966;0.281083;0.416941;-0.179596;-0.446516;-0.324074;-0.497388;-0.412283;0.44303;3.99;0
41792;-3.114637;-1.608047;-1.072944;2.170929;-0.185671;-2.085289;2.743396;0.931222;-1.655444;-1.092845;1.78572;1.482926;-0.279895;1.381042;-0.226285;-1.037287;-0.280467;0.199937;0.326514;-0.202551;1.308856;-0.140526;0.494323;-0.001182;0.640085;0.051016;-0.262533;0.390736;5.69;0
41825;2.620685;-0.041317;-0.753566;-0.120458;-1.183242;0.638908;-0.226828;-1.290381;0.794183;-0.983026;0.140252;-0.301792;1.392665;1.345882;-0.758601;0.487552;-0.576076;1.397666;0.087024;1.119372;0.36512;0.470409;-0.85107;0.145895;0.231744;0.153577;-0.061429;0.33296;15.0;0
41827;-0.977173;-0.468461;0.248359;-1.867801;0.870335;-1.515293;-0.263258;0.820888;1.019341;0.416223;-0.265833;0.559104;-0.171214;-0.074619;0.071615;1.001019;1.831598;0.340682;0.206616;0.215066;-1.264373;1.12436;-0.091852;-0.447638;1.126522;0.721006;-0.35484;0.410628;105.34;0
41888;-0.633151;-1.803429;2.98426;0.40862;-0.340536;-1.493867;0.882523;1.69771;1.217184;0.028724;-0.549893;0.533545;-0.852968;1.29001;0.742284;0.363353;-0.47302;1.158164;-0.116572;-1.324482;1.013709;-1.497952;0.357289;-0.714094;0.369482;0.180733;-0.361196;0.504025;1.93;0
41899;-2.155109;1.203056;-0.910094;2.604533;-0.45208;-0.935204;0.637505;-0.52144;-1.195613;-0.012054;-0.107353;-0.355287;-2.024154;-0.314258;-1.064856;1.22687;-0.413396;-2.240145;1.164793;-1.431096;1.082714;0.868352;0.135876;0.304196;-0.121042;-0.131426;-0.2133;-0.761549;42.75;0
42020;-3.554544;-0.490511;-1.525834;-2.234303;0.756966;0.278196;1.747777;-2.24505;0.130707;-0.460049;0.786564;0.937956;0.521165;0.265501;-1.086017;-0.729693;1.488775;0.787869;0.501849;-0.869662;0.893216;1.031084;0.297368;0.236622;-0.449541;-0.130829;-0.30834;-0.140659;155.94;0
42161;2.186825;-0.681282;-1.058889;-1.285526;0.342502;-1.693827;-0.217218;0.48503;-0.710708;0.284226;-1.846502;-0.370845;0.707397;-0.738519;-0.082854;-0.648821;0.813371;0.491969;0.083689;0.213773;-0.990171;0.323377;-0.524104;0.435926;-0.736966;-0.742909;0.194512;-0.574984;24.72;0
42396;2.438865;0.132867;0.251551;0.937569;-0.913544;-0.80052;0.860719;0.08897;-1.025273;1.002475;0.254769;0.458521;-1.134514;0.579813;-1.01103;0.399196;-0.401237;0.449278;0.725937;-1.308911;0.272423;-0.22501;-0.224858;-0.636448;-0.066955;0.70614;0.031296;-0.570504;19.04;0
42501;-0.39278;0.976936;0.90884;0.288111;1.775909;-0.014206;0.880445;-1.791662;-0.001759;-0.049736;-0.494687;-0.22698;1.387789;0.299244;-1.171226;0.513567;0.63412;0.518434;0.094135;0.094984;0.738529;-1.122243;-0.021692;-0.504349;-0.046722;0.434513;-0.578646;-0.172064;60.5;0
42578;-1.3948;-1.929029;1.119801;-0.703928;-1.591129;-1.589648;-0.426089;0.7704;0.845282;-0.632315;0.459284;0.053192;-1.356122;0.503631;-0.004434;0.023457;-0.225914;-0.404138;0.894519;0.550858;0.001649;0.030573;0.473528;0.502177;0.827312;0.135564;0.691246;-0.141472;24.82;0
42699;-0.805236;1.240149;1.269839;0.382562;-1.373435;1.919552;-0.151335;0.681048;-0.704665;1.171397;0.835083;0.934238;0.650101;-1.295723;0.996524;-0.011841;-0.168622;0.637457;-0.965584;-0.396514;0.268119;-0.289838;0.856063;0.546589;-0.213825;0.702096;-0.119359;0.449038;266.6;0
42722;-0.751749;2.238247;1.483538;1.458114;0.972328;-2.270975;-0.023887;-1.694706;0.312088;-0.15127;-0.689431;-1.917499;0.697183;-1.899782;0.707096;-0.928201;-0.712629;1.496362;1.716602;-0.673782;0.398772;-1.001571;-1.162171;-0.249556;0.527643;0.526812;-0.027688;-0.393252;6.25;0
42742;-2.409726;-2.737192;-0.401114;-0.069638;2.466567;-0.270165;-1.544748;2.298276;-1.048525;0.691647;-1.376586;0.620827;1.000238;-1.077326;-0.107316;-2.33126;-2.112426;-1.577373;0.129569;-1.646241;-0.613269;-0.472813;-0.208117;-0.581094;-0.055509;0.264357;-0.209342;0.059135;30.65;0
42808;-0.639898;0.211457;3.120242;-0.194131;-0.746815;1.712479;-0.491961;0.943834;-1.197568;-0.018888;-0.290489;0.710097;-1.921966;0.489154;1.157141;0.500677;-1.245391;0.999552;-0.934391;1.172774;0.333106;-0.02871;-0.418536;-0.427917;0.983759;-0.016371;-0.004413;0.527147;45.08;0
42939;0.228549;-0.797515;-0.5157;0.906414;0.619693;-1.741541;1.845244;-2.19941;-0.406843;1.272696;1.33281;-0.559152;0.994198;0.656515;1.568813;0.874005;-0.969961;-0.108205;0.596728;1.416613;-0.729513;0.193985;-0.489466;-0.588949;-0.814313;0.01855;-0.362626;-0.050472;18.77;0
42978;1.915407;0.939669;0.185104;-0.314131;-1.595462;-0.125802;1.276769;1.024448;-0.340921;1.434235;0.87237;-0.021042;-0.169049;1.094163;0.437012;-0.3738;0.340343;-0.554038;1.037837;0.949265;-0.084967;-0.73776;0.155318;0.486733;0.703065;-0.724388;-0.541397;0.644136;0.5;0
43078;-0.042224;-2.37482;1.976699;1.692383;-1.232;0.196702;-0.729121;0.989893;0.68456;1.396147;-0.365175;-0.956444;-0.356747;-0.378331;-0.343234;-0.475866;0.111957;-1.016869;-0.840158;-0.203004;-0.430856;-1.713667;0.010191;0.434869;-0.259483;0.525864;-0.132895;-0.618846;26.01;0
43143;-3.143886;2.548063;0.875302;2.94797;1.612434;-1.053005;-0.02952;1.73386;-1.426677;-0.511545;-0.627536;-0.781025;0.762009;0.210296;1.41198;-0.569724;0.914161;0.319058;-0.39216;-0.031319;0.629037;-0.184078;-0.705606;0.049596;0.463613;-0.096259;0.573783;-0.280258;127.77;0
43242;0.619418;-3.051658;-3.363679;-1.197978;0.554753;-0.083052;1.194523;-0.692412;2.324498;-0.522708;-0.550536;0.278247;0.892259;-0.662985;1.371879;-0.320163;-1.05487;1.329344;0.812105;0.537915;0.478239;-0.660947;-0.735989;-0.413467;0.817319;0.52231;0.225261;0.509167;106.4;0
43508;-0.569065;-0.692606;0.02851;-1.705036;1.655257;0.766721;0.539823;1.041631;-2.021493;1.042375;-1.303578;2.608888;-1.939088;1.322701;0.22059;0.895491;1.51664;-0.3267;0.447292;0.122911;0.404187;-0.31417;0.276355;-0.537504;-0.18263;0.359361;0.487295;-0.223478;56.38;0
43511;2.602299;0.481332;1.321567;0.597841;1.549106;-0.601297;0.98189;-0.231616;0.200874;0.01961;0.82047;0.667325;-1.268196;-0.670975;1.102789;-0.812572;1.437144;0.560015;-0.366479;-2.389281;0.195798;-1.473724;-0.686763;-0.37553;-0.570055;0.049807;-0.230035;-0.079149;6.38;0
43621;2.717443;-1.457363;-2.00864;-1.755416;-2.833579;1.036558;0.652319;-0.612217;-0.363583;0.052719;1.006765;-0.829831;1.121244;1.141387;-0.720969;0.578013;0.010476;-0.008814;-0.211834;0.716956;0.308225;-0.230953;-0.440762;-0.542052;-0.620416;0.412152;-0.326595;0.551551;59.92;0
44002;2.785686;-1.729085;1.153546;-1.77966;-1.600417;0.542332;0.25711;-0.979358;-0.763175;-0.667455;-0.37488;0.778037;0.42599;-0.23126;-1.891189;-0.428;-0.610175;-1.380519;-1.022867;0.948585;1.456442;0.268095;0.562517;0.138234;-0.444056;-0.382026;-0.206077;0.219258;14.01;0
44528;-1.165096;0.114468;0.609132;-2.839872;0.428777;-0.755257;-0.215707;-2.21474;-0.242645;1.626275;-0.490695;0.58508;0.144482;1.522236;-0.893782;-1.744739;-0.565673;-0.150645;-0.810133;0.835274;0.956761;-0.319251;0.096871;0.465046;-1.263135;-0.722327;0.205502;-0.542646;56.27;0
44563;3.810217;-0.135475;1.80772;-0.472798;-2.291984;1.519514;-1.491935;0.693105;0.689384;1.224137;-0.692239;-1.699597;-0.976243;0.185639;0.177978;-0.292092;0.150397;-0.558338;-1.365045;0.358255;-0.71196;0.074391;0.94953;0.484276;-0.118346;-0.074271;0.408072;0.203679;39.74;0
44566;0.614338;-0.259727;-1.024816;0.023154;-1.404941;-0.965446;0.848371;-0.274928;0.860266;-0.039689;-0.439373;-0.302722;0.391288;0.164644;-0.077503;1.452693;1.599032;-0.85132;-0.292176;0.747712;-0.399915;-0.211807;-0.076329;-0.539444;0.337887;0.214717;-0.110587;-0.233241;7.66;0
44572;3.101442;1.215531;1.523799;-0.664655;2.019215;1.158338;-0.284973;-3.19884;-0.28932;-0.613478;-0.729877;-0.131122;1.140175;-0.713917;0.865295;-0.59313;-0.101631;-0.361478;0.538863;-1.077902;-0.162302;-1.419214;1.374407;-0.364617;0.127913;0.421168;-0.561795;-0.162793;8.68;0
44605;-1.050108;-0.952438;0.261008;2.044273;-0.697361;-0.941611;-2.05338;0.139673;0.314967;-0.661731;-0.138308;0.1269;2.195216;2.090336;-1.361947;-0.198748;-1.380548;-0.267415;-0.225835;-0.062042;-0.186915;0.058339;-0.123905;-0.337447;-0.196585;0.045526;0.389648;-0.030813;56.4;0
44625;-0.652264;0.282895;2.686736;1.93856;1.030212;-0.400378;-0.686617;1.427838;-1.513322;0.23523;0.822124;-0.0212;-0.370019;0.961183;-1.344162;0.017114;1.610016;0.845514;0.894416;-0.50486;-0.613692;-0.564873;0.732637;0.621657;-0.46117;-0.441636;0.443951;-0.190894;23.77;0
44717;0.464353;-1.146423;4.226935;2.808958;0.011128;-0.196317;1.046839;-1.505313;-0.252696;0.511579;0.717026;0.156289;0.812003;0.501478;0.683697;0.183676;-0.364332;0.019806;-0.53318;1.127574;0.418284;-0.953818;-0.530745;-0.813858;-0.296893;0.639117;0.204562;0.161665;9.39;0
44828;0.226161;-1.73934;2.342879;0.13607;-0.888312;0.470316;-2.386044;-0.797993;0.383811;-0.85004;-0.835465;-0.915794;1.750686;0.239972;-1.316693;1.367264;1.230265;-1.180068;-1.217712;0.151655;-0.054574;0.488307;-0.413103;-0.001806;0.14753;-0.17532;0.571509;-0.287644;8.3;0
44885;2.376883;-0.762632;0.745583;1.751023;-2.246609;-3.189886;-1.28661;0.574697;-2.561311;-1.26691;0.174846;-0.311879;-1.420746;-0.624304;-0.256386;-0.687785;0.518168;1.013526;0.925424;-0.112453;0.148793;0.193958;1.038885;-0.533673;0.429133;0.189832;-0.766354;0.100231;20.99;0
44894;-0.522652;-1.132864;3.524716;0.508571;0.371957;0.629161;0.160045;-2.995063;0.039007;0.176823;0.679074;-0.253129;1.697163;0.65634;0.012352;0.019353;-0.147649;0.323492;0.287451;-0.773784;-1.257812;-0.440814;-0.441084;-0.116817;-0.777578;0.247048;-0.369376;0.249729;347.98;0
45319;2.200999;-1.046431;0.931252;0.365903;2.057356;-0.116297;1.733091;-0.585081;-0.235026;1.032482;-0.938584;1.158363;0.162618;-0.054035;-0.601945;0.67761;0.810708;0.235969;0.984218;-0.805656;-1.158173;-0.111692;-0.144762;0.423248;0.081836;0.033949;0.008266;-0.021877;15.04;0
45827;1.357857;1.746016;-1.350998;-0.593688;-0.849108;0.400034;1.22997;0.462462;1.346795;0.170478;0.164245;-0.680524;0.04187;0.06522;0.515854;-0.61842;-0.651881;0.733761;-0.282671;-0.859021;-0.405072;0.115507;-0.4201;-0.197109;0.137833;-0.951871;-0.423089;0.022843;32.43;0
45896;-0.486115;-0.709599;-0.039303;-3.143668;0.144666;0.688309;1.852027;-0.61773;0.133828;-0.181811;1.257919;-0.232041;-0.55006;0.865332;-1.886299;0.074321;-0.270223;-0.018148;1.278285;0.583766;0.433805;-1.223057;0.687116;-0.459539;-0.490608;-0.32922;0.366957;0.029823;38.57;0
46142;1.206619;-1.416829;1.170125;0.974954;-2.047309;0.543766;0.247649;-1.49463;0.477811;-1.1417;-0.229788;-0.342441;-0.379339;0.283075;1.657055;0.874264;-0.476432;-0.450579;-0.882116;0.470427;0.33896;-0.821154;-0.759753;0.45606;0.284408;0.228643;-0.470452;0.042484;6.07;0
46321;-0.992867;-0.221424;1.267191;1.708873;-0.877602;-2.64979;-0.269384;-1.437606;-0.348662;-0.601047;-2.03826;1.581502;-0.745212;0.027425;-0.310424;-0.447404;-0.192586;0.291121;-0.242678;0.20258;0.725484;-0.786785;0.800649;0.079249;0.485397;0.77105;0.537827;-0.034043;2.35;0
46427;4.512901;-0.089686;-1.67915;-2.096377;0.520417;-1.391144;1.0357;-1.868415;0.645253;1.04747;-2.547575;0.668514;-0.944903;1.388222;-0.164947;-0.142438;0.451066;0.52326;0.320211;0.619185;-0.521547;0.358326;0.141727;0.294195;-0.296441;0.332381;-0.339585;-0.049942;7.1;0
46482;-5.265448;-2.323305;-1.631234;0.056228;1.076328;0.462645;-1.125215;-0.703312;0.568518;-1.275997;0.337029;-0.914361;0.401638;-0.776116;2.441155;-1.00339;0.444643;0.320399;-0.390037;-0.61025;0.490545;1.12714;0.105603;0.161445;-0.450629;0.238309;0.559907;-0.040214;47.97;0
46525;1.242239;-0.786243;-0.495378;1.478139;0.817209;0.285596;-1.221955;1.307428;-1.487269;2.022268;0.128647;0.403472;1.03818;-1.578682;-1.247509;0.843288;-1.357573;0.681256;0.17431;-1.409624;1.107065;0.425663;-0.045674;-0.741016;1.12087;-0.974458;-0.329701;0.061402;37.75;0
46613;-3.510962;-0.855924;0.827161;-0.440488;-2.753541;-1.030106;-1.442311;2.86065;0.292074;0.182728;0.21149;-0.991505;-1.035836;-0.754158;-0.961039;0.149527;-0.480564;0.08438;1.000646;0.536148;0.666421;0.08474;0.765487;0.796147;0.41625;0.517888;-0.945054;-0.14268;94.97;0
46785;-0.510031;-0.56781;1.020469;1.764207;-0.58057;1.00106;1.340217;0.093057;1.250464;-1.639105;0.519073;0.267967;-0.697361;0.15596;1.268093;-0.364356;-0.332086;-0.836294;0.295122;-0.033314;-0.953429;-0.739606;-0.145925;-0.121336;0.093485;0.452646;0.056469;-0.048336;38.29;0
46800;-0.236936;0.985164;0.233371;-0.129202;-1.284848;-0.321045;-1.04488;0.964216;1.032171;0.638529;-1.489042;1.36237;0.216091;0.676768;-1.426382;-0.261331;0.48409;-0.528507;-0.154467;0.651293;0.798724;0.533248;-0.450814;0.513895;-0.350613;0.279153;0.272434;0.327256;28.1;0
46889;2.869885;-0.033558;-1.239987;-0.675725;-0.376459;1.198016;1.230748;-1.069578;-0.01989;0.580742;-0.802948;-1.926757;-1.099921;-0.704349;0.440614;0.002061;-1.224273;1.15299;0.983304;0.338088;0.228196;-0.26099;0.31267;-0.213573;-0.401831;0.132244;-0.415141;0.662221;13.38;0
47027;-1.419697;1.854332;2.642784;1.845407;-0.103444;1.629328;0.174078;-2.439066;0.303858;-0.387004;0.451525;-0.988132;0.204365;3.549968;-0.561716;0.304085;0.587562;0.027495;0.405087;-0.046617;0.321528;-0.728238;-0.062962;0.345097;0.298016;0.247685;0.63403;0.812154;124.82;0
47055;2.480623;-0.290172;-1.598808;-1.25593;1.521566;0.390142;1.356157;2.253415;0.956399;1.113841;0.770581;0.164285;-0.288902;0.184875;-1.480688;-0.564398;-0.98897;-0.947102;-0.01647;0.168301;1.811773;0.520254;1.205703;0.616598;-0.427713;0.601722;0.547438;0.044151;8.34;0
47219;-2.368692;2.802631;1.986535;-0.959364;0.457427;0.758885;-1.380674;-0.658168;-1.30274;-0.585639;-0.242023;-0.382046;-1.602428;0.15571;0.469433;-0.4952;0.193579;-1.026358;-0.074691;1.094999;0.170009;0.957492;0.555335;0.538289;-0.450203;-0.025855;-0.070703;-0.340274;6.26;0
47245;2.556006;-1.067141;1.135623;-1.201675;2.006608;-0.789252;-0.785639;0.905263;0.471821;0.778866;-1.440923;0.221803;0.422765;-1.228049;0.496194;-0.221729;0.938418;-1.124722;-0.307806;-0.213392;0.450784;0.531861;0.205045;0.064284;-0.07017;0.184616;0.127389;-0.080363;77.52;0
47283;-0.994974;-1.601343;1.953302;-1.552485;-0.915324;1.206639;0.552946;0.238569;-2.218002;0.05209;0.366763;-0.072498;-0.568579;-1.375087;-0.008739;0.142897;-1.075117;0.692037;0.672902;0.577307;0.058464;1.712506;0.879168;-0.207106;0.331903;-0.150235;0.006226;0.048102;4.48;0
47357;0.073197;0.676834;-0.651094;0.287308;-1.905566;0.310105;-0.54439;1.233563;0.898592;-0.21911;0.072157;-1.65398;0.954047;-1.701772;1.872871;1.423222;0.187905;0.2602;0.703314;0.247996;-0.187582;-0.54614;-0.909534;-0.859087;0.917271;0.007716;0.262261;0.357128;1239.16;0
47384;-0.725938;2.089862;-0.195408;-0.658367;2.058235;-0.371966;-3.101754;1.185376;-0.473232;1.553865;-1.059414;0.625761;-0.217676;1.326562;-0.712063;-0.696409;-0.179514;1.549576;1.014907;-1.279493;0.256144;-0.337586;0.33786;-0.755055;0.125013;0.05614;0.340529;-0.236762;37.34;0
47836;2.430609;-2.65533;0.103114;0.763831;0.648168;-1.601028;-1.711602;0.380494;-0.145103;1.162065;-2.003307;-1.31148;-0.712858;1.173953;0.778582;-1.44462;-0.860605;0.483961;0.338489;-1.001819;-0.329104;-0.63409;0.053282;0.681019;-0.427219;0.300382;-0.662592;-0.040934;55.8;0
47844;2.051093;-0.610794;-0.699361;-2.393189;-0.975715;-0.625637;-1.390438;0.51146;-0.660905;-1.117132;0.602677;0.213464;-0.061915;0.008606;0.287881;1.241931;-1.073468;0.534485;-0.450874;-0.020502;0.096219;-0.638461;-0.136096;-0.502502;-0.13922;-0.243721;0.670786;-0.333605;9.85;0
47931;0.794828;-1.326653;0.36014;-1.524018;0.654196;-1.455602;-1.298541;1.492976;-0.095153;0.504529;-0.609801;-0.439957;1.162292;-1.156315;0.874085;-0.762564;-0.628479;1.67147;0.257911;-0.373226;-0.230238;1.005989;-0.184194;0.490575;0.678145;-0.058437;0.474837;0.549884;20.64;0
48140;-2.316143;-0.022868;2.404425;0.143242;1.202658;1.032781;0.835411;-0.437535;0.230922;2.153863;0.210432;2.38706;1.73815;-0.256424;-0.468719;1.30144;-0.71703;-0.813785;-0.465471;-0.721564;-1.527205;-0.797714;0.680215;0.557766;0.625639;0.162456;-0.418452;0.179084;17.46;0
48150;-1.464293;-0.252669;-1.938219;2.156946;0.214483;1.643172;0.40794;1.901182;0.779745;1.582084;0.172551;-0.109678;0.539348;1.374581;-1.270049;1.104352;-0.196812;-1.260187;0.121284;0.83447;-0.368969;-0.394126;-1.164177;0.27775;0.648479;-0.063213;0.580837;-0.117077;14.69;0
48373;-2.075724;2.05751;-0.97239;0.607473;-0.95607;1.238638;0.191159;-0.792349;1.379451;-0.901213;-1.149867;0.35749;-0.59547;-0.473989;-0.63063;0.488985;-0.386897;0.464428;1.131942;-1.141463;0.687548;0.907751;0.282951;0.238647;0.527112;0.076616;0.764381;0.021149;85.58;0
48380;-4.453879;-0.45754;-1.136275;-0.766935;-0.558943;3.326407;2.48075;0.14113;0.003403;1.829618;0.446221;0.558429;0.001303;-0.855961;-0.068038;1.079634;0.34431;-0.205012;0.946816;-0.142953;0.369419;0.278083;-0.896871;-0.710958;0.995333;-0.583308;-0.685966;-0.445463;16.87;0
48517;2.38957;2.108376;-0.122572;-2.045135;0.451058;-0.592341;1.447278;0.798724;-1.877749;1.103741;-0.856983;0.344245;-0.124481;-0.35576;0.609615;-1.601785;0.675303;0.249933;0.723313;-0.662983;-0.181012;-0.731413;-0.161654;-0.823129;0.10786;0.269732;0.274941;0.150047;152.36;0
48545;-0.709256;-0.815124;-0.184645;-0.849941;0.324465;0.813441;0.984256;-1.888621;1.386211;-1.052944;-1.50529;-0.016414;-0.174231;-0.271147;0.005731;-1.180092;-1.334945;1.028801;-0.028346;1.151741;0.061963;-0.058129;-0.041191;-0.401817;0.390882;-0.298291;0.367558;0.127128;1798.62;0
48550;-0.730063;1.332814;1.186195;0.009673;1.722919;-1.551202;-1.86413;1.694399;-1.669177;0.316366;-1.635948;-0.970669;-0.274214;0.718563;0.18572;0.26002;-0.235559;0.639709;0.715709;1.948488;-0.597989;-1.223079;0.992212;1.008219;-0.41943;-0.676072;0.145959;-0.584542;21.26;0
48705;2.847399;0.125587;0.070922;-3.277922;-0.330756;-0.242343;0.06383;0.616322;-0.514482;0.610652;0.016698;-0.100691;-0.95681;-2.108942;1.560262;-0.330362;-0.836935;1.273878;-0.529003;-0.229642;-0.519407;-0.144732;-0.340805;0.838608;0.121143;0.141674;0.468142;-0.24069;41.62;0
48736;-0.998178;2.722702;0.477354;-1.652985;-1.27999;-1.944874;0.360384;3.978157;-0.589392;-1.083856;1.645984;-1.837227;0.906594;0.172556;-0.032042;-0.680845;-0.953243;-0.762787;-1.194038;0.663437;-0.005122;0.055258;0.023699;0.022682;0.141762;0.165425;0.0798;-0.098637;58.51;0
49036;-1.708918;-2.825236;0.621657;-0.977329;3.606335;0.775698;-0.524882;2.526024;-0.037286;0.859643;0.061842;0.492682;0.796349;-0.658942;-0.49446;0.721014;-1.369169;0.753793;0.21023;0.987708;-0.167506;0.101498;-0.771857;0.789568;0.4101;0.213311;0.197888;-0.095408;501.33;0
49220;-0.508254;-2.283474;0.39056;-0.29552;0.290794;-0.452804;2.105911;0.037028;-1.439833;2.738434;1.838822;2.901286;-0.007764;-0.50412;0.390695;0.236604;-1.432713;-0.648901;-0.314059;0.702018;-0.560105;1.351771;0.30361;-0.570329;-0.325017;0.220584;-0.760039;-0.167181;29.25;0
49264;-2.278705;2.898707;1.082003;-0.007158;1.201283;-2.712594;0.053493;2.174848;-1.493254;1.578096;1.497798;0.184924;1.178398;0.734281;-1.571392;0.933397;-0.466448;1.401905;1.435187;0.619105;-0.058686;0.535123;-0.835237;-0.22535;-0.813892;0.207202;-0.262726;0.042055;9.55;0
49371;0.601494;-1.538549;-0.164708;-0.797432;0.770151;-0.891075;-1.533152;1.05833;-0.073673;0.266567;0.546612;0.346113;0.537409;-1.239735;-1.573341;-0.317272;0.317901;0.376423;1.312213;-1.355083;-0.822251;-0.842855;-1.112456;0.968221;-0.302005;0.719522;0.506151;0.460123;4.96;0
49514;-0.798641;-1.42876;2.506016;0.78834;0.307473;2.404842;-1.246748;0.325018;-0.92757;-0.216694;1.625981;-1.526388;-1.101777;0.182733;-0.131988;-0.004456;0.314838;0.425776;-0.568064;0.915755;1.139173;0.078276;-0.945534;1.282329;0.552142;0.409383;-0.278442;0.158033;30.36;0
49600;-1.059179;-1.785002;3.857846;0.247084;-0.264286;0.565872;2.820104;-1.924641;1.430703;0.447944;1.510599;-0.7978;-0.370229;0.472023;-0.85894;1.364879;-0.925304;-0.488884;0.552688;0.286642;0.643785;-0.047062;-0.185968;0.470687;-0.110362;0.459887;-0.022611;0.388811;16.9;0
49635;-1.228111;1.716812;1.086409;-0.45549;-3.819266;1.042893;-0.530952;-1.644007;-0.655968;-0.972987;1.22227;0.895888;1.391156;0.566423;-0.563497;-1.119385;-1.012286;-0.446355;-1.609393;-0.166364;-1.595283;1.343235;-0.15498;-0.969551;0.244092;0.280796;-0.451695;0.120264;675.2;0
49875;-0.277132;-2.438482;0.364267;0.984161;-1.417245;0.186975;-2.587376;0.055201;-1.181154;-0.430524;-1.902017;-1.422807;-0.376222;0.688592;0.840644;-0.065836;0.185751;0.34044;0.264862;-0.050138;0.602167;-0.317776;0.693523;0.823219;-0.311252;0.424237;-0.265631;-0.105316;470.97;0
49886;0.092788;-0.231161;0.963119;0.867956;0.504185;-0.221473;-0.753187;-0.539484;1.789019;-2.04833;-0.221479;-0.710701;-0.695597;0.559029;0.468883;-0.759477;-0.391299;1.468542;0.244224;0.208546;-0.282183;0.093844;0.933739;-0.16337;0.541159;-0.21056;0.135349;-0.058468;7.02;0
50069;-1.083951;-0.729526;-1.64256;-1.994394;-3.702183;0.04072;-2.275008;0.317975;0.46693;0.56367;-0.687571;0.572192;0.663513;0.700495;-0.080047;1.502029;0.745151;1.329203;-0.814334;-0.185584;-0.409079;0.1923;0.918804;0.440771;-0.055004;0.31783;-0.055496;0.264912;11.4;0
50324;-0.769594;1.523172;0.291959;0.024521;0.148833;0.346426;1.127465;1.68312;2.938648;-0.277876;1.214553;0.811023;-0.299009;-0.83557;0.065499;2.127064;-0.97522;0.301123;0.123733;-0.263283;0.5397;-0.77024;0.703452;0.060459;-0.062302;0.569642;-0.72728;0.178414;36.99;0
50399;-0.22897;-1.245171;-1.0843;1.33417;0.962498;-1.438548;-2.434017;1.0793;-2.164546;0.763676;-0.293395;-0.097974;0.508353;1.321047;-0.396308;0.194685;-1.617631;-0.353894;-0.761933;-0.742819;-0.114439;-1.097562;1.276766;0.613992;0.690315;-0.102964;-0.302362;0.439946;269.3;0
50483;-0.425715;0.448422;0.790065;1.571635;1.199924;1.034872;-1.748734;-0.77858;0.178542;0.220549;1.807356;0.131471;-0.064671;-1.127181;0.7629;0.44353;0.506736;0.481244;0.680044;0.40283;-0.292609;-0.163036;0.272324;0.028494;0.819792;0.673725;0.557352;0.002301;36.07;0
50656;-0.009402;-2.296204;-1.076803;0.59669;0.875454;1.512031;-0.005054;1.1507;0.484174;-1.011778;0.123594;0.129166;-0.794789;0.365531;0.711213;-0.081267;-1.645434;1.053749;0.140853;-0.114411;-0.979905;0.480101;0.281362;1.664647;0.700604;-0.164649;0.427879;-0.460487;12.54;0
50667;-1.389508;3.663918;-0.500614;-0.26127;1.372581;-0.241464;1.365631;-1.037716;-0.019395;0.308533;-0.008511;-1.211036;-0.695387;-0.643656;0.891749;-0.115261;-1.263388;0.177911;1.199132;-0.600537;0.658371;-0.945333;1.122758;0.588735;-0.170511;0.232233;0.012798;-0.064277;30.32;0
50733;1.888956;-0.684495;-2.806676;0.668274;2.265744;-0.675644;-0.096098;-1.309266;-0.448201;-0.687682;-0.366221;-0.062601;-1.648319;-1.639101;0.849884;0.083527;-0.595536;-0.325316;-1.250005;0.085285;0.746657;-0.071839;-0.700893;-0.767383;-0.309299;-0.496145;0.134422;-0.492524;12.9;0
50881;0.118815;-0.254839;-1.751601;1.217038;1.562643;-0.966739;-1.56948;0.504148;1.32018;1.894422;-0.168307;0.249475;-1.090975;-0.537305;0.039184;-1.17708;-0.265094;0.570467;-0.713143;0.042978;0.107757;-0.481941;0.572694;-1.023824;-0.474102;0.393031;-0.258589;-0.044399;81.75;0
50884;-1.052501;2.592725;0.555859;0.234481;0.321627;2.359758;0.216378;-0.919258;0.463038;-0.829399;0.29412;-0.077521;0.573243;-0.103712;-0.645372;0.591059;0.497271;-0.201333;-0.402854;0.399481;-0.861081;-1.393953;-0.039242;-1.016205;-0.774209;0.600312;0.554251;-0.387323;11.43;0
51202;0.601549;-1.284944;-1.291958;0.394618;-0.135775;-0.58152;-0.590069;-0.713796;-1.908165;-0.42238;-0.0474;-1.896306;1.12754;1.341432;-0.162247;-0.857123;-0.892228;-0.298292;0.387305;-0.013009;0.21089;0.16786;0.816577;0.362926;-0.485086;-0.012399;-0.105067;-0.030736;15.4;0
51343;-0.215019;2.614571;1.626299;-0.28472;0.2082;0.888908;1.394551;1.232827;-1.006305;-1.014821;-0.454167;1.53029;-0.616009;1.756886;0.096128;-0.301388;1.113232;-0.047159;0.209471;0.484954;0.45798;0.294632;0.722709;0.587046;-0.441323;-0.65221;-0.492606;0.048645;189.22;0
51382;-3.450961;-0.981845;-1.420373;-1.828235;-0.330187;-0.232133;1.049937;0.832584;-1.330405;-1.109245;-0.393738;-1.072439;-1.349984;-0.114455;-0.623364;0.039199;-1.323845;0.559947;0.334378;-0.200282;-0.02938;0.48271;-0.111891;-1.593408;-0.656155;0.018003;-0.680758;-0.039946;10.46;0
51992;0.594858;0.892038;0.704414;-0.177597;1.592261;-0.304028;-0.676078;-0.392449;-0.183274;0.122769;1.87744;0.081407;1.062324;-1.323468;1.473181;-0.660691;-0.339867;-0.186928;-0.535809;-0.144878;0.633546;0.563924;-0.756963;0.744832;-0.788941;-0.43359;-0.696516;-0.09093;3.78;0
52007;-2.058037;-1.260739;-1.130432;-0.891502;0.839498;-0.997117;0.956918;-1.883868;0.993752;-1.267584;2.057462;0.328573;1.090731;-1.243876;1.477724;0.536035;0.693933;-0.03126;-1.551396;0.223722;0.113769;-0.071404;0.826712;0.213764;-0.677894;0.045099;-0.31709;-0.126684;38.19;0
52078;1.752134;-2.615943;0.602059;-0.886968;-0.475886;-1.270498;0.32632;-0.824843;-0.46717;-0.114805;-0.460213;-0.440273;0.66404;0.750995;-0.119262;-0.408374;0.739461;0.120505;-0.625543;0.308103;0.211989;0.288326;-0.303342;0.986535;-0.026529;0.409472;0.658808;0.374077;19.28;0
52573;-0.541412;0.447248;-2.297529;2.106045;1.877241;1.004095;1.684844;2.361073;-0.328434;0.558724;0.88595;0.252064;-1.422895;0.689831;0.928101;0.947696;-2.561322;-0.320724;1.130638;0.942945;1.070739;0.135277;0.065068;-0.5905;0.229141;0.231451;1.069404;0.09306;71.32;0
52637;1.451137;0.837033;-0.664306;1.421211;-0.352793;-1.300587;0.904105;1.200183;-1.126924;-0.371772;-0.824365;-0.757517;0.464515;-0.573073;0.49962;-0.756664;2.308832;1.301626;-0.512515;0.816746;-0.369041;-1.852683;-0.703727;0.177303;0.183187;-0.760547;0.427466;-0.501765;53.31;0
53210;-1.298926;-2.546482;-1.257782;-2.334769;-1.255165;0.635151;0.668275;1.744073;0.787477;-2.311195;-0.313366;2.135627;0.499516;-1.117259;-0.461925;-0.13686;-0.297116;1.548045;0.133528;-0.023573;-1.154693;-1.079859;-0.233574;0.172658;-0.271262;-0.159416;-0.697257;0.04386;31.57;0
53486;0.066362;-0.801211;1.353681;-1.470528;0.035175;0.140477;1.63667;0.354669;1.305912;1.544018;-1.089264;-0.247903;0.834553;0.962584;0.36493;-0.933254;0.219463;-0.254358;0.039361;-1.075811;-0.133385;-0.533114;0.620113;-0.471943;-0.181347;0.101055;-0.44602;0.500857;30.22;0
53631;2.289975;1.807313;0.718016;-0.446258;-1.087304;1.021009;0.009102;-0.367747;-0.085687;0.380576;1.06023;0.90002;0.114949;-1.16887;-0.714573;0.874581;-0.306929;-0.66999;0.138768;0.536696;-0.42154;0.037714;0.228802;-0.774108;0.190983;0.678868;-0.443871;-0.152286;10.98;0
53738;-0.594582;0.768206;-1.84119;-0.839698;1.341964;-0.791239;-0.968645;1.127179;1.688021;0.393646;0.514213;-1.071702;-0.750168;-0.41654;-0.810803;-0.263605;1.816232;-0.389753;-1.091591;0.416418;-1.047974;0.192777;-0.475797;0.568125;0.100078;-0.072375;-0.114467;-0.126967;37.53;0
53864;-1.222093;-0.953722;-0.286803;0.520734;-1.116696;1.456592;0.239041;1.575388;-0.648489;-0.162948;0.708956;0.724065;-0.41836;0.464553;0.423982;-0.480269;1.088836;0.37449;0.652599;0.177108;0.443965;0.469532;-1.174828;0.139768;0.292119;0.243933;-0.336442;0.208507;124.2;0
53866;1.207329;-1.303719;-1.1462;-1.695891;-0.10921;-0.167783;-0.450714;-0.520893;-1.586681;0.973873;0.926023;-0.700034;1.099971;-1.910869;0.434815;-0.15716;1.792456;-0.072241;-0.090479;0.605364;-0.009391;0.485761;0.416678;0.240305;-0.500439;0.086281;0.249155;-0.282209;7.69;0
54321;1.16954;3.100463;1.454888;1.431115;1.346796;3.466954;0.739204;-0.798714;0.834805;1.112415;-0.867003;-1.369215;0.334361;0.925214;2.44162;-0.086376;0.38698;-1.074196;1.861329;-0.273807;-1.339458;0.133935;-0.267459;0.831269;0.901632;-0.287625;-0.114189;-0.389652;32.85;0
54482;-1.140061;-2.773192;1.940001;0.007512;-0.932839;-2.126855;0.066811;-1.760299;-0.155458;1.221388;-0.310906;-1.044433;-1.285735;2.29507;-0.151478;0.366677;0.764446;-0.130884;-0.312086;-1.218169;1.118711;0.35439;0.09842;-0.024227;0.328341;-0.222351;0.349916;-0.516437;157.21;0
54632;-3.941649;-0.372414;-2.156884;-0.413527;0.617378;3.250483;0.489642;-0.828726;-0.689363;0.382908;0.474137;-0.829431;1.608209;0.119333;-0.491357;0.484426;-0.918372;0.34193;0.781469;-0.663257;-0.541369;1.103781;-0.094858;0.192078;0.386253;-0.093717;0.238116;0.224329;70.68;0
54764;-1.259545;-2.803926;1.268321;0.049666;-1.293313;-0.148067;-1.503102;0.846013;0.034338;-1.409813;-0.332478;0.120339;1.079325;-0.023267;0.829706;-0.123394;-0.247553;0.827096;-0.324201;-2.220632;-0.459594;0.295826;-0.273734;0.214975;-0.551671;0.623313;0.524288;0.286934;236.09;0
54951;1.250851;2.004629;-1.223177;-0.522861;0.387249;0.316327;0.620275;-0.65955;-1.792822;0.531638;0.090814;2.857032;1.565999;0.052552;-0.032801;-0.024412;0.765141;1.475805;1.544565;0.351754;0.67735;-0.024158;0.374347;0.231198;-0.563715;-0.380983;-0.291959;-0.193143;14.12;0
55080;-1.581317;-0.282324;-0.361904;-2.813512;0.832801;-0.783705;-1.603676;1.158759;-1.972874;0.381502;-0.795717;2.718319;1.05894;0.225855;-0.599335;-2.724095;0.253691;-0.376395;0.581879;-0.04084;0.302585;0.329883;-0.548393;-0.859354;-0.362616;-0.08814;0.381373;-0.381017;2.13;0
55119;-0.091329;0.038241;0.068704;0.086935;-0.008168;-2.066612;1.182583;2.390938;0.05182;-0.508028;1.376325;-0.308634;-0.921262;-0.690774;-0.54309;-0.387767;0.070906;-0.523681;-1.051081;0.672741;0.787069;0.587272;0.082759;-0.01215;0.383228;-0.293741;-0.30147;0.287112;44.74;0
55141;-1.352096;4.520184;2.763075;-0.38546;0.096266;-0.682768;1.184435;0.079536;0.427799;-0.784023;0.977301;0.959825;0.286805;-1.069359;-0.173374;1.269003;-0.687075;-0.210454;1.129717;0.590241;-1.601399;1.115615;0.247122;0.706623;-0.601707;0.639506;-0.021964;-0.041483;57.05;0
55177;-3.837726;-1.296708;-1.495813;-1.285329;0.6627;-0.466364;0.421463;0.030639;1.483244;0.681912;1.28182;-1.231239;0.549354;-0.328985;0.94955;0.404852;0.982305;-0.794267;0.617949;-0.367152;-0.218804;-0.788289;0.825467;-0.078083;0.232182;0.188002;-0.333944;-0.662284;257.92;0
55305;-1.387188;2.755036;1.280472;1.62835;-0.337102;0.263126;0.374508;0.702848;0.925303;0.007338;0.692303;-2.073022;-1.320532;0.157458;0.38278;-0.934359;0.970101;-0.588207;-0.388436;-0.624876;0.087725;-1.180402;0.022346;-0.288327;0.758478;0.67162;0.141693;0.12271;196.81;0
55431;1.242607;-0.945966;-1.748972;1.020602;1.277584;1.511114;-0.287334;-0.633539;0.648901;-0.335232;-1.095753;0.040279;-1.155491;-0.948474;-0.768387;-0.331016;0.8763;-0.583199;-1.316667;-0.596567;0.940125;0.14927;-0.748966;0.590797;-0.36765;-1.306339;0.530003;0.096146;74.08;0
55655;-4.691992;-0.673977;-1.853296;3.533177;1.942175;0.273672;-0.758004;-0.720312;1.347477;1.912923;-0.469118;0.550827;0.683662;-1.282744;1.659594;-0.515096;0.231153;0.274597;0.960363;1.484616;-0.626604;-1.040607;0.408377;0.00835;-0.486971;0.454607;0.468146;0.458198;104.38;0
55703;0.421726;4.294043;0.06298;1.255456;-1.227583;0.296829;-0.028574;-0.684834;0.488885;0.821981;-0.695767;0.785424;0.759781;-0.412803;-0.835716;0.951696;-0.01131;-0.699597;1.389382;-0.106528;-0.258659;-0.179415;-0.560619;-0.384078;-0.380165;-0.440919;0.143801;0.276989;24.84;0
55807;-2.382835;-0.548686;0.052812;-0.843678;2.488542;0.531209;2.448529;-1.313237;-0.428622;0.563645;-0.24242;1.078901;2.24349;-1.270075;-0.680969;0.862383;0.946754;0.692746;0.896491;-0.200563;0.092781;1.303891;-0.425461;-0.525445;-0.085346;-0.28898;-0.056208;0.295623;5.32;0
55849;1.116462;-2.647663;-4.256801;-1.216221;-0.368813;-2.314057;0.274355;1.120746;0.953625;1.418091;1.098919;-0.317141;-0.279971;0.654925;1.051994;-0.677287;0.785648;0.965268;0.694418;0.234415;0.545818;0.002488;-0.319919;-0.032852;0.494106;-0.092825;-0.007155;-0.289589;39.51;0
55920;1.322922;0.21772;1.77099;-0.631914;2.802196;-2.191158;-1.678729;-0.54093;0.913165;0.450113;-1.482216;0.081321;-1.645628;-3.293916;1.35278;0.018691;-0.787727;-0.945708;0.441673;-1.211603;-0.819777;0.010381;-0.124558;-0.403554;0.526021;-0.009175;0.611036;-0.446442;144.58;0
55932;-0.405298;-0.568835;-3.210062;-0.876613;-0.350086;-1.970995;-2.128365;1.37255;-0.058598;-0.677475;-0.575312;0.823026;-0.175087;-1.111409;0.311737;-0.987724;0.252059;-1.096164;0.847842;-0.29585;0.582504;-0.288396;0.791538;0.549902;0.415338;-0.00826;-0.336639;0.169148;88.64;0
56088;-0.400853;0.365076;-0.200366;0.224472;1.026182;-0.476454;-1.793212;0.679847;-1.369787;-0.334658;-0.382376;1.191534;0.779722;1.366989;-1.184457;-0.541421;0.545924;-0.450205;-0.222192;-0.649618;-0.440765;1.083634;0.394213;-0.46414;-1.010762;-0.348206;0.18646;0.006093;115.67;0
56192;-1.642407;-0.501124;2.024699;-2.115092;1.018775;-2.469381;-0.47822;0.022891;-2.013576;0.887818;-1.320297;-0.888062;-0.379535;-0.20285;0.078177;-0.508985;-0.598869;-0.337115;-1.479864;-0.81108;0.264005;0.30478;-0.692008;0.169755;-0.097459;-0.051353;0.449882;0.213306;17.43;0
56193;-2.693888;3.562892;3.355868;0.989147;-0.48449;-0.897417;1.559591;1.013458;0.876637;0.771074;0.228853;0.218571;0.067676;0.186572;-1.254028;-0.607991;0.756959;1.063493;0.604861;-0.191851;-0.150895;-0.336962;0.927832;0.25611;-0.458761;-0.046638;-0.003612;0.041467;22.24;0
56217;3.241281;0.693153;-0.528205;0.199499;0.150226;-1.799771;-1.27912;-1.072719;0.476542;0.576482;-0.328819;0.653057;-0.646414;-0.113763;2.251118;0.33226;0.597184;-0.042282;0.307998;0.046375;0.190718;1.065567;0.647876;0.386083;0.210241;-0.809805;0.370683;0.476729;68.38;0
56229;-1.756889;-2.129689;-2.143753;0.826099;2.037063;0.668662;1.752966;-0.878681;0.631009;-1.150095;1.154053;0.156077;1.115371;-0.592226;0.251323;1.197247;-0.378023;0.352556;-1.146914;-0.956303;0.144828;0.13333;0.248288;0.95752;0.468021;0.168717;0.886904;-0.142289;14.59;0
56413;2.987202;-0.054534;1.968728;-1.554688;-0.394612;0.602082;0.212516;0.899181;0.917713;0.976558;-0.260626;-0.605823;0.684831;1.061385;0.71936;-0.04304;-1.186839;0.351009;-1.786199;-0.271507;0.922218;-0.298788;-1.446795;-0.82507;-0.259554;0.006631;-0.03697;0.01383;15.28;0
56511;-1.746025;-1.65336;1.326386;0.420298;-0.526214;-0.379857;0.58947;-2.56285;-1.038925;0.019135;0.488121;0.013062;-0.817272;-0.538987;-0.346951;-0.918352;0.484167;-0.739693;0.055911;0.071584;-0.182018;-1.503461;-0.53333;0.37082;0.999076;0.09419;-0.10188;-0.208944;51.78;0
56592;0.954121;-0.698545;-0.718378;1.914831;-1.541785;-2.506948;0.555489;0.067387;-2.114365;0.743936;0.137285;0.534433;-0.531049;-0.785342;1.633157;0.193134;1.669567;-0.210586;-0.135878;0.357725;-0.230727;0.098939;-0.004396;0.380019;-0.471178;-0.243707;0.088412;-0.288747;103.68;0
56793;-2.288724;-1.845062;-0.909764;-1.15192;2.213222;-0.295401;0.722425;0.752698;0.517441;-0.814879;-2.511143;-0.743045;-0.682312;0.640491;-0.467256;0.194337;0.199643;-0.010751;-0.204402;-0.200088;0.769921;-0.324996;1.016364;-0.662698;0.276634;0.012445;0.19612;0.437242;24.55;0
56808;0.95062;3.375315;-1.063262;-1.190755;-0.613472;0.457073;-0.520093;1.60995;1.267516;2.232977;-1.443849;-1.175266;-1.815237;-1.843426;-0.791529;-0.156098;0.53159;0.317173;0.459447;0.264124;1.012216;-0.226606;0.811791;0.158974;1.11512;-1.062702;0.533233;-0.037405;5.78;0
57179;-0.704895;-1.466095;-0.500326;1.08098;1.705973;1.098266;-2.904675;1.853421;0.337045;0.359771;0.411211;2.048947;-0.761504;-0.264007;0.267445;1.646021;-1.022188;-1.204775;-0.613566;-0.261235;-0.299278;-0.267074;-0.608567;-0.255931;0.477401;-0.264034;0.503211;0.813539;10.98;0
57629;-0.679407;0.919486;0.497263;-1.306052;-0.77987;2.352028;-0.739563;-0.105041;-1.684989;-0.365127;0.364721;0.195654;-1.731949;-0.488199;0.790859;0.224832;-0.061099;-0.499452;0.546678;0.996735;0.495411;-1.318033;-1.051765;0.8552;0.309132;-0.219899;0.131769;-0.443359;44.95;0
57757;1.119545;-0.829619;-0.834682;-0.261263;1.662647;1.507603;-1.11097;0.966617;0.214759;0.794343;-0.050043;0.938967;0.866236;-0.281988;1.927112;0.514963;-0.115856;0.009668;0.55257;0.428894;-0.633332;1.845918;-0.123097;-0.346785;-0.088616;-0.024529;-0.786969;0.032075;44.14;0
57872;-0.984826;-2.274055;-0.643766;2.16554;1.163168;0.239153;0.375097;-0.907177;-1.287221;1.025283;1.376736;0.217401;0.94236;-0.458848;1.459011;-1.963145;-0.782317;-0.36928;-2.165083;-0.506801;0.499664;-0.499543;0.077037;-0.131284;0.317968;-0.014671;-0.579805;0.05302;47.55;0
57909;-2.85489;0.071933;0.988331;-1.17061;-0.265236;-0.359371;0.261856;-0.477749;-1.746658;0.781144;0.540174;1.049814;-0.316838;0.370084;1.077527;-0.837344;0.358216;-1.177825;-0.065616;-0.371401;0.661676;0.481193;-0.779553;-0.232026;-0.287083;0.467393;0.38788;0.411478;72.38;0
57922;1.414546;0.423197;-2.218445;2.263108;-0.963301;-0.968102;-0.347751;1.677516;-0.058435;-0.994337;1.621701;0.088387;0.166508;1.065699;-0.633532;0.46224;0.325198;-0.606883;0.152101;0.312058;-0.2109;-0.157608;-0.549962;-0.511274;0.58655;-0.544884;-0.251813;-0.291004;33.41;0
58165;-2.304506;0.696424;-0.547663;-0.40681;-0.851182;1.82303;2.166851;0.002514;0.128748;1.335508;-2.48886;0.591242;0.99816;0.450963;-0.65277;0.259758;-0.272963;-1.169674;0.595946;-0.394275;0.800912;-1.97091;1.302009;-0.945141;-0.37656;0.353162;0.417255;-0.196691;49.28;0
58216;0.937209;-4.806439;-2.510671;-1.522106;-0.868804;0.241565;-0.804503;0.240017;-0.158484;-0.285898;1.788831;-1.088435;0.722431;-0.313437;-0.80884;-0.323075;-0.030951;1.159994;0.434677;-1.476144;-0.201776;-0.106727;-0.241894;-0.507981;-0.129173;0.981676;0.329907;-0.466825;30.95;0
58234;1.827343;-2.406283;0.183703;0.92726;1.519953;0.858624;-2.769909;-1.179432;0.43195;0.072457;-0.599296;-1.73747;1.894511;0.616176;-0.147095;0.409137;1.745536;-0.268497;-1.428253;0.237706;0.007545;0.086004;-0.196512;0.087757;-0.436495;-0.239094;-0.074049;0.483466;185.51;0
58340;-0.802213;1.38657;-2.908502;0.223002;0.271118;-0.764992;0.138126;0.552855;-0.919659;-2.317541;0.045361;-0.461713;0.219036;0.728648;-1.75108;0.826024;-0.553724;-0.055027;0.067487;-0.285146;0.275524;-0.392457;1.74231;0.172256;-0.178611;0.359141;-0.329987;-0.568153;283.87;0
58406;2.235588;-1.86784;1.363915;0.088716;-1.488869;-1.630409;1.464602;0.947325;0.044249;-0.415815;1.230507;-1.401536;1.36453;0.356492;1.232567;-0.406087;-0.992966;-0.822284;-0.220167;0.533495;-0.710863;1.044654;-0.220011;0.495546;-0.238141;0.702206;-0.067766;0.03995;5.56;0
58584;0.869478;0.081093;-1.965102;-1.02158;-0.297944;-0.512449;0.346079;0.910397;-0.583886;-0.422679;-2.13706;-2.085812;0.061315;1.016704;-0.942374;-0.538241;-1.013624;0.193797;0.860634;0.041447;-1.001988;1.290226;-0.637014;0.640397;-1.048525;0.68899;0.081044;0.824214;22.58;0
58657;-1.42693;-2.446383;-2.656594;0.212643;-0.130808;-0.382895;-0.452232;-1.39152;-0.326858;0.581163;-0.2384;0.30873;-0.144719;-2.2435;-1.05477;-0.215266;0.194271;0.583857;-0.980888;0.507338;0.194244;0.206717;-0.449687;0.244395;0.017359;-0.142768;-0.553219;0.37545;34.78;0
58730;2.662787;0.99567;-0.529056;-2.866035;-2.901805;0.275057;0.288155;1.239934;0.245254;-0.482246;1.048992;-1.741668;0.621537;0.035694;-0.379307;0.448361;-2.208285;-0.769615;-0.012083;1.949657;-0.551611;0.304765;0.170781;0.485953;-0.251738;0.530325;0.371437;0.406384;22.19;0
58891;-2.29626;1.341096;2.603772;0.380646;-0.221188;-0.960787;2.270244;-1.13774;1.115602;-1.677546;-0.609391;0.950001;0.500067;0.305539;-1.231569;-0.493884;-0.458878;-0.750735;0.695775;0.997201;-0.901126;-0.829835;-0.30443;0.319671;-0.680943;0.421333;0.280626;0.565507;487.55;0
58936;-0.804566;0.996204;1.093901;1.912094;1.048006;0.05321;-1.095159;0.018566;0.271526;0.35579;0.952016;1.436774;-0.613605;-1.411986;0.576304;0.760568;-0.853056;-0.416299;0.605933;-0.260039;0.551368;-0.832515;-0.090691;-0.671773;-0.355951;0.590854;0.074837;0.057148;46.34;0
59066;-0.472314;1.516323;-2.882694;-2.436909;-0.139926;1.586349;0.028283;-1.875562;0.63641;-0.182968;0.709909;-1.41856;-0.82107;0.22194;-0.88908;-0.414171;-0.069236;-1.176074;-0.135058;0.335839;1.097292;-0.471201;-0.036633;0.232643;0.188043;0.338202;0.076295;0.055029;9.89;0
59076;1.110186;2.435547;-2.008119;-0.507621;0.401081;-2.205039;0.820729;-0.163567;-0.038752;-0.70412;0.19255;0.295779;0.041785;0.888353;0.446337;-0.482416;-0.065665;0.31939;0.945608;0.10056;0.615803;1.440106;1.941677;0.007242;-0.922453;0.573241;0.568846;-0.000967;81.02;0
59112;2.105095;-2.301148;-0.577357;-1.171989;0.718628;-2.79548;0.30482;-1.144268;0.486377;0.185404;0.630878;1.849355;-1.844468;-0.20492;0.831642;2.074875;0.276478;0.637559;-0.602178;0.216668;-0.874746;-0.39497;0.43184;-0.344546;-0.083554;-0.11098;-0.292928;-0.025448;49.72;0
59731;1.982944;-1.634402;3.399913;-2.075697;-0.422791;1.677065;-0.317355;-0.48414;1.087177;-1.849917;1.340526;-0.45726;-0.325229;0.640278;-0.509915;-1.076434;0.509346;-1.203361;0.583052;-1.197041;0.120131;0.94829;-0.599654;0.007439;0.5957;-0.224833;-0.142553;-0.202119;52.26;0
59736;0.366309;1.28275;-1.397821;-2.845082;1.058441;-1.926623;-0.538644;0.121293;2.017107;0.766301;0.634551;0.614738;-0.973045;0.991843;-0.662882;0.697912;0.961946;0.740026;0.717553;0.821899;-0.235915;-0.520239;-0.118007;0.217932;-0.224862;-1.06822;0.024985;0.456278;498.61;0
59769;-0.616525;1.68528;-1.385637;-1.606787;2.061328;-0.485496;-0.363641;1.034398;1.281853;-0.109255;0.967711;2.378974;-0.583292;1.298765;-0.739972;-1.579667;-0.32414;0.74065;-1.118216;-1.765065;-0.63256;-0.692807;0.487881;-0.123126;0.760459;-0.207112;-0.231942;-0.173825;56.05;0
59778;-3.630669;-1.436613;2.326418;-0.274175;-2.052925;0.829278;0.64972;0.993555;-0.110593;-0.201358;-0.87892;-1.650377;-0.777583;1.125668;-0.99482;0.589196;-0.593038;-2.386308;1.045338;-0.003189;0.052142;-0.360264;0.661369;0.604994;0.559424;-0.15195;-0.051046;-0.093194;21.0;0
59849;-2.632584;-1.556923;0.31431;1.701775;-0.425893;-0.058771;0.577478;-2.731383;1.209133;1.128552;0.613634;-0.999091;0.707193;1.320982;-0.392525;2.378779;0.713264;-0.92713;-1.345334;-1.342621;-0.059298;-0.378656;-1.004736;0.208122;0.189297;-0.883711;-0.630203;-0.437064;1.76;0
59954;3.374978;-1.398329;1.61003;-2.092255;3.264872;-0.077473;2.587451;0.857199;0.553946;-0.494045;0.519152;0.56845;0.398812;-0.469566;0.051316;0.940197;-1.446713;-0.509516;0.292725;-0.531678;-0.179857;-0.52237;-0.888609;0.533256;-0.012556;0.021913;-0.152286;0.273981;25.84;0
60101;-3.65034;-3.046814;-1.07792;0.488038;0.28538;0.116288;-1.915619;0.295469;-0.717931;0.371935;1.166371;2.160714;0.020834;-0.364527;-1.268545;1.187501;0.631333;0.477448;-0.38974;0.171428;0.711321;1.124308;0.281379;0.766457;0.0035;0.525543;-0.048192;0.525556;234.85;0
60179;-1.599757;-2.469541;-0.13347;0.381891;0.001904;3.36989;2.169804;-0.616641;0.569092;-0.051173;-1.161156;-0.694105;-0.398041;-2.364508;-0.594213;-0.074553;0.103;0.367908;0.810003;0.678841;0.938903;-0.039013;-0.4054;-0.241422;0.254763;-0.447226;-0.299467;-0.73622;28.88;0
60284;2.161982;-2.427816;2.006604;2.444187;-0.306099;2.388231;-0.263551;-0.997685;-1.291566;3.595382;1.115083;2.421375;0.96331;-1.012561;0.133577;0.839196;0.366174;-0.776935;0.25713;0.796933;-0.245984;-0.143255;-0.49249;-0.271273;1.039465;0.917496;0.517679;0.510718;1.15;0
60343;0.338941;-0.77879;-0.19871;0.880865;1.80872;-0.902655;-0.122328;-0.024289;0.570731;0.622356;-0.876747;0.140637;0.834623;1.179711;0.021555;0.228819;0.293872;1.364651;1.44063;-0.138634;-0.140955;0.018272;0.105989;0.70563;0.260453;0.181814;0.174857;0.24359;15.68;0
60502;1.739688;0.198547;1.71581;0.962611;-1.245811;1.417681;1.054829;0.324412;1.876976;-1.154188;2.407456;-1.937583;-0.136696;-0.570662;-2.437143;1.792848;0.09733;-0.588059;0.910766;0.772698;-0.190699;0.658738;0.480272;-0.469432;0.774005;0.413736;-0.043794;0.419237;146.79;0
60582;0.988515;0.479908;0.604774;1.063007;1.328121;0.692325;1.046986;0.49968;0.854877;1.99991;-0.886241;1.584577;1.270557;0.391685;0.566605;-0.963839;0.132361;-0.701608;0.096797;-0.038215;0.365899;0.018059;-0.158136;-0.059965;-0.602719;-0.023959;-0.239122;0.123222;75.09;0
60588;2.795686;-1.149813;-1.54984;-1.242409;-0.331916;-0.005955;1.424206;-0.184775;1.26628;1.226863;-1.170109;-0.448988;-0.211961;0.241098;1.116989;1.054986;-0.975106;-0.975121;0.966058;-0.538386;0.231949;0.219984;-1.214693;-0.297307;-0.280933;-0.435944;-0.615871;0.198167;9.4;0
60603;0.506083;-1.107298;-0.004639;-0.743408;-0.984783;-1.187466;1.694724;-2.953824;-0.466013;0.139008;-0.276315;0.45404;0.166514;1.201059;-0.531104;0.386378;-0.580082;-0.150001;-0.093585;0.297445;-0.527997;0.732728;-0.337716;-0.604353;0.008639;0.26585;-0.272968;0.109622;14.18;0
60638;1.223723;-0.056066;1.50189;1.655953;-0.268922;0.620319;-0.05939;-0.539411;0.478971;-0.386687;1.089332;-1.632578;-0.58125;-1.929567;-1.588766;-0.79327;1.508483;0.759501;-0.892267;-0.696474;-0.103992;-0.769718;-0.729451;0.303738;0.698632;0.372322;0.026536;-0.329763;17.88;0
61059;-1.482281;-2.858105;1.030818;-2.842136;-0.014005;-0.38704;1.710662;-1.358594;0.717981;-1.355751;0.382149;-0.735719;-0.407482;0.348525;-0.705593;-0.231525;0.558658;-0.757088;-0.380503;-0.092558;-1.102764;-0.603164;0.338269;-0.163202;-0.931599;-0.084083;-0.028651;-0.039962;12.25;0
61279;1.073349;1.389832;-0.040782;-0.898882;-0.636886;-0.484815;-0.790154;2.495713;-0.385679;0.559286;1.733092;-1.471903;-0.631936;0.332913;-0.732432;-1.398836;0.892119;0.175074;-0.102965;-0.358602;-1.157158;0.078084;1.261308;-0.565746;1.569232;0.125141;-0.299996;-0.161604;1.58;0
61460;-0.842446;1.953717;-2.836489;-1.819749;1.585626;-1.000205;-0.388568;0.120582;0.70208;-0.64592;-0.286506;-1.576964;0.630088;-0.813486;1.081868;-2.863052;-0.31702;0.170822;-2.527334;-1.183532;-0.871986;-0.509597;0.16851;0.564365;-0.000155;-0.003065;0.668604;0.358345;104.1;0
61512;-0.953556;-1.352255;-2.691947;0.402627;-0.974076;1.349765;-0.235699;0.931933;0.450158;-0.869166;-0.479766;0.107059;0.331171;0.931837;-1.00522;-1.045608;0.048249;-0.026424;1.110768;0.263768;-0.193537;-0.167109;0.263428;-0.807927;0.612559;-0.318619;0.43846;-0.088921;218.24;0
61534;1.674711;-0.959295;-2.370791;-0.528684;0.243303;-1.001092;-0.663021;0.805801;0.714298;0.935196;-0.729145;0.57111;-1.040629;-1.333074;-0.335811;-0.331478;0.432957;0.270571;-0.088576;0.120878;0.436182;-0.794027;0.494061;-0.09013;-0.008344;0.160835;-0.175161;0.161234;3.4;0
61647;1.688166;1.88093;-0.750768;0.958878;0.791657;-0.992988;0.064222;0.419291;-1.183083;1.773946;-0.516833;-0.531291;0.513791;1.031954;1.517195;0.081445;1.016908;0.761118;0.770873;0.895894;-0.581207;-0.621238;0.825789;0.543098;-0.424152;-0.345655;0.233897;-0.359024;213.96;0
61891;3.222462;-0.482879;-0.549448;-0.084773;0.229018;1.054657;1.101567;-0.445299;1.353709;-0.429138;-1.405159;-1.412782;1.691233;-2.059458;0.136492;-1.142609;-0.151268;0.229308;0.120021;-1.428719;-0.102059;0.799479;-0.37075;0.558173;0.890937;0.374314;0.518593;0.608156;28.37;0
61943;3.095363;0.747665;-2.207871;-2.125451;1.115677;-0.17196;0.797669;-0.597157;0.445707;0.968424;-0.641798;-1.253345;-0.663673;-0.858723;0.167994;-0.268611;0.390278;0.87929;-1.25845;-0.539237;0.149663;-0.264168;-0.042821;0.260791;-0.100524;1.136132;0.13908;0.086155;208.03;0
62006;1.718765;-0.429688;1.563994;-2.059812;-0.548318;-0.136167;-0.770349;-2.354506;-0.17995;0.321319;-1.214692;0.377913;-0.718568;-0.124292;-0.102089;0.218043;0.591199;-0.924053;0.054333;0.878559;1.111268;-0.330311;0.578048;-0.536847;-0.376993;0.538707;-0.066391;-0.446718;35.06;0
62076;-3.424869;2.422412;-1.888291;0.061411;0.909225;1.393748;-0.872446;0.21921;-0.153413;0.481123;0.753349;0.119584;-0.022256;0.218953;0.879695;-0.497237;0.784022;-0.37146;-0.107078;0.417769;0.030763;-0.595477;-0.593853;0.097932;0.200017;-0.090684;-0.725307;0.333388;40.58;0
62120;3.493978;0.577838;-2.049544;-1.025012;0.950075;1.767222;-1.07063;0.407453;-0.092709;-0.802297;1.529798;0.394194;1.293105;-1.78336;0.357687;-0.941155;-0.193403;-0.923025;-0.565416;0.567767;0.063313;-0.637476;-0.945601;0.216937;0.309958;0.171276;-0.026883;0.082808;57.9;0
62241;1.720037;0.677444;0.153236;-0.68634;1.386006;-2.810035;0.100102;-0.006918;-0.961819;-0.14146;0.246072;1.552821;-0.45078;1.011193;1.676724;-0.633585;1.082282;0.460233;-0.326142;1.127845;-0.451881;-0.746999;-0.298339;-0.269525;0.174116;0.555341;-0.302886;0.261084;10.12;0
62376;-1.563427;0.70971;1.490597;1.40255;-2.552208;-0.15127;-1.970246;0.220672;1.258076;-1.105335;-0.667378;0.579596;1.738177;0.733418;1.776024;1.186193;-1.243314;1.02634;0.011476;-0.578619;1.330786;-0.929598;0.768963;0.229723;0.216467;-0.047302;-0.237656;1.03922;198.74;0
62622;1.351373;-1.230347;3.12283;1.147826;0.752484;-1.855652;-1.114344;-1.385628;1.00942;-1.242631;0.779161;0.414939;-1.044776;1.837181;0.275482;-1.509502;-0.99136;-0.260117;-1.997949;-0.655436;0.548139;-0.506727;0.077113;-0.901426;0.197969;0.273623;-0.128096;0.378083;6.16;0
62741;-2.092668;-1.071404;0.899643;2.622782;1.293752;-0.494435;-0.578938;-0.299916;1.083362;0.65492;-0.020045;2.355029;0.150527;0.684027;-0.043876;1.02583;0.393368;0.236496;0.281645;0.669078;-0.821116;-0.08327;-0.299078;-1.069576;0.64123;0.351799;-0.088242;0.361019;18.12;0
62835;1.136329;1.060795;2.405543;-0.379196;-0.517813;0.011041;1.29866;-0.723326;1.614511;-0.481475;1.055145;-0.262037;-1.66321;-0.696954;0.138895;1.21151;0.370689;-1.255415;0.47924;0.497998;1.083573;0.461261;0.619756;-0.391745;0.029433;0.128425;-0.150704;-0.117235;72.7;0
62946;-2.636727;-0.051306;-1.810206;-0.840428;-0.705994;-0.451957;-0.173891;0.841357;0.158755;-0.90744;-0.944336;2.369839;-0.928701;-1.018447;-0.525451;-0.303497;-0.222055;0.018103;0.395745;-0.08641;0.513257;-0.060798;0.333158;0.422794;-0.337047;0.093166;-0.533679;0.035402;15.43;0
63307;-1.646026;-2.307267;3.281206;0.663828;-0.917901;-1.343616;1.237265;0.098771;-1.871308;-1.228365;-0.873523;1.419645;-0.234865;-0.393768;0.111708;0.414927;-0.400364;-1.405454;-0.237972;-0.10835;0.160791;-0.725425;-0.491711;0.524738;0.375667;0.515093;-0.699541;-0.117637;106.3;0
63325;1.314362;2.970471;-2.790842;-0.726328;-1.374168;-1.411089;0.222593;-0.711377;0.641758;-1.559974;0.760682;-0.284946;0.229386;2.103582;-1.322305;-0.677205;-0.388898;0.05093;1.580954;-0.737646;0.472029;-0.389758;-0.127695;-0.780313;-1.281532;0.849054;0.329417;-0.43242;260.81;0
63541;2.022129;1.422064;-0.740797;-0.679847;0.968749;0.988162;-0.598131;-0.140342;0.600787;-2.042484;-0.000672;0.80679;1.161103;0.055703;-0.657987;0.245588;-0.793182;-1.61563;0.403899;1.225419;0.819157;-0.43328;-0.644971;0.895405;0.313048;-0.04365;0.679558;-0.141598;151.23;0
63553;0.564602;-0.204906;0.866585;-0.216984;3.199026;2.061297;-0.547096;-1.187034;1.659216;0.21093;0.965414;-0.203049;-0.701356;0.096644;0.705703;1.969268;-0.058648;1.423362;-0.348464;1.570371;-0.559703;-0.476031;0.078899;0.054891;0.783906;0.607772;0.041731;0.374625;1.81;0
63681;-0.628029;-0.743157;-2.403878;2.416904;-0.717308;-2.720434;-1.455912;-0.340528;1.140293;-2.773893;-0.855695;-1.412031;0.373818;1.334282;0.479629;1.128613;-1.358201;-0.042542;-1.013483;0.87017;-0.294429;-0.272697;0.384529;-0.944605;0.3963;-0.728771;-0.438082;0.126065;40.0;0
63748;-4.193989;0.073709;-1.379846;1.069631;-0.593837;-0.415733;2.969946;0.743397;0.097383;0.603738;0.462326;0.002041;-1.315543;-1.107948;-0.125834;-0.4331;0.953531;-0.075461;-1.115591;0.512742;-0.03805;0.64051;-1.533976;0.18518;-0.826144;0.237269;0.395989;-0.384974;154.94;0
63963;-0.477591;0.62531;-1.619743;1.218525;0.071247;0.993512;1.367036;-1.535431;-0.208743;0.596059;0.577417;-1.442455;0.939459;0.527402;0.371193;-1.150915;0.308413;1.603003;0.313898;0.464208;-0.915204;0.485119;-0.642508;0.776069;0.750065;-1.06885;0.828417;-0.035592;4.59;0
64018;0.970296;-3.787091;-0.448434;2.353153;-2.160726;-0.023363;0.73862;-0.022776;1.054001;-0.018046;-1.547864;0.240635;1.227967;0.505689;1.360603;-0.248432;1.09264;0.055492;0.574704;0.264876;0.522449;1.149626;1.030729;-0.2957;-0.287186;-0.379069;0.485402;-0.259241;98.04;0
64047;-0.687692;3.384365;2.16659;1.351597;-0.909857;-1.461203;-1.626104;-0.842423;-2.970442;0.170806;0.01651;0.802475;0.966024;0.929063;-0.360909;0.250499;0.118498;-1.351984;0.090658;-1.347208;-0.211078;-0.643056;-0.218037;0.596021;0.103665;-0.507541;0.538221;0.15385;90.12;0
64115;-0.114027;-1.6365;0.045406;-1.536596;-0.028613;-0.61546;-0.570016;-1.534582;0.21554;-0.221043;-2.036516;-0.204737;0.964622;0.828202;-1.316034;0.645018;-0.05197;-0.361879;-0.055818;-0.356362;-0.291544;-0.804084;1.018401;0.879846;0.671072;0.802305;-0.467124;-0.225763;5.38;0
64285;-0.431954;-0.273297;-0.679227;1.330083;-1.183621;0.42186;-1.219414;2.269699;0.990227;0.33546;1.51925;0.238648;-0.117728;-0.046344;0.560757;-0.08611;0.087882;1.633947;-0.284676;0.641235;-0.479364;-0.265805;-0.800537;0.024712;-0.321288;-0.138503;-0.225541;-0.183149;115.74;0
64401;-0.697327;-0.20968;-4.33533;1.510242;1.702469;-0.388566;0.148185;1.541991;-0.183108;0.322788;-1.323953;0.222248;0.235644;-1.317788;0.477992;1.581712;-0.621597;-0.752012;0.389032;-0.642169;-0.03486;0.839809;-0.339712;-0.454574;0.072253;-0.02378;0.482802;-0.424222;49.85;0
64498;0.077961;3.184551;0.7248;0.995648;-1.735468;-0.043813;-1.159861;-0.661695;-0.470374;1.508647;-0.17267;0.845906;-0.123101;-0.532285;0.681323;0.038685;-1.089368;-0.370061;-0.63855;0.129679;0.103708;-1.515409;0.124946;0.71391;-0.6782;-0.107929;-0.483014;0.549326;87.84;0
64508;-0.601754;-0.422454;1.212923;-0.207527;1.293387;-0.005483;-0.84116;-0.294825;0.274328;1.760784;0.015;0.098581;-0.073688;0.818412;-1.09947;-0.408327;-0.866677;1.299235;-0.025844;0.900856;0.717117;0.08203;-0.207525;0.711749;-0.096841;-0.708649;-0.221453;-0.017249;7.77;0
64674;2.744415;2.478118;-2.54703;0.845791;2.076533;-0.677295;-1.127432;-2.356473;1.434391;1.727392;-0.961378;-0.301579;-0.743917;1.790201;-1.37522;0.471597;-0.38662;-0.647648;0.064997;0.913201;0.737627;-0.243728;0.77458;-0.767613;-0.606728;0.140569;0.075622;-0.037375;41.48;0
64721;-4.372517;0.433639;-0.081128;0.04126;0.57678;1.106037;-0.307294;-1.84506;0.446148;-0.77953;1.906189;0.800951;0.240402;-1.164015;0.231095;0.626048;-0.77968;-0.080152;0.457195;0.731623;-0.837581;0.448942;-0.083377;-0.062067;0.251324;0.037361;0.215225;0.110112;2.57;0
64733;-1.134393;-1.934061;0.311442;-1.318885;-0.139682;-0.615064;0.078567;-1.292354;-0.794726;0.91592;-0.685529;0.166973;0.371088;-1.227221;0.167401;-0.661297;1.139898;1.134381;-0.672814;0.22844;0.326202;0.302572;0.431494;0.439702;-0.754155;-0.397953;-0.110019;0.134144;1.09;0
64778;-1.767;-0.036956;1.476549;-0.96608;0.389869;-1.317272;-0.274445;0.010034;1.28868;0.64161;-0.255189;-2.104201;0.915886;-1.500947;-0.335032;-0.815978;-0.626618;-0.481959;-0.823507;0.624296;0.887829;0.445766;-0.687052;0.47346;-0.046633;0.676088;0.004121;-0.226153;40.9;0
64901;0.357266;-0.47502;-1.0744;1.069286;-0.557978;2.98542;1.890804;-0.086519;1.502811;-0.617361;-0.683288;-0.336784;0.346433;-0.726368;1.306535;-1.434921;0.318518;-0.670785;0.030332;-0.175874;-0.172513;0.352901;0.153927;-0.176408;-0.294887;0.660781;0.066084;0.078036;172.59;0
65018;0.080432;-2.145442;-1.301794;-1.216265;-2.759774;-0.083466;0.995773;0.444749;-0.938062;-0.876125;-0.691951;-0.502;0.815836;0.919659;-0.019;-0.244272;0.48255;-1.548128;0.157678;1.321375;-0.134062;2.01759;-0.204546;-0.584763;-0.372187;-0.616262;-0.090803;0.030402;48.4;0
65053;3.093277;0.34886;-0.669311;-1.082406;-1.301368;-3.438161;-0.980961;0.857543;3.028423;-0.320604;-0.091161;0.155985;-0.744504;1.273544;1.11023;1.080747;1.044197;-0.926457;-0.014283;-1.214894;-0.299639;1.284694;-0.630903;0.958114;0.572487;-0.336515;-0.200945;0.337148;30.11;0
65136;3.734727;-0.231762;1.9595;1.139806;0.034573;1.688811;0.393751;0.380831;-0.050718;-1.066363;0.737116;0.049591;1.3365;-1.985511;0.789179;0.596183;0.566229;-0.742065;-2.20816;0.062317;0.382899;0.594285;0.279265;0.054517;-0.558517;0.230222;-0.048746;0.248108;25.0;0
65195;-1.577513;0.69261;1.596207;0.25998;-1.248148;1.684533;-0.87882;-1.236875;0.993268;-1.424317;0.183334;-1.920855;-0.261603;-1.146968;-1.001812;0.999003;-0.169178;-0.305027;0.259378;-0.352792;0.199758;-0.349363;0.834554;-0.108972;-0.28226;-0.227845;-0.216517;-0.0031;8.05;0
65611;-0.069025;0.0645;-0.012231;0.889615;-0.52011;0.628043;-0.499954;0.435588;0.750208;0.632146;-0.753699;-1.466804;-1.996804;-1.326539;-0.817108;-0.565846;1.447135;0.30012;2.070419;0.535456;0.705142;-0.270537;-0.379061;-0.358823;0.099843;-0.106629;0.357171;0.007973;23.74;0
65818;0.312794;-1.396408;1.559863;-1.675205;0.711267;0.860075;0.584205;0.806069;-0.817802;0.125678;0.013582;-0.933332;-0.40391;-0.822969;-1.176813;-0.133779;-1.08985;-0.037489;0.733747;-0.251409;-0.091174;0.827378;0.252122;-0.122924;0.334088;-0.498631;0.122243;-0.070053;62.34;0
66206;-1.625737;1.059218;-3.556724;0.85019;0.250133;2.892457;0.815406;-0.458454;-0.546679;0.120069;-1.374345;0.073811;0.523613;-0.203454;0.382448;-1.667049;-0.828466;-1.0345;-1.594452;1.871958;0.909799;0.855264;-0.143359;-0.960531;-0.939223;-0.493776;-0.029301;0.035917;17.24;0
66336;1.155345;-1.350209;1.215398;-0.86724;1.510695;-1.260526;-0.738416;-2.147242;0.024479;1.100099;1.226927;1.073103;0.048916;-0.37152;0.079278;0.896924;0.169132;1.142784;-0.338372;0.715106;0.426182;-0.612576;0.05644;0.609386;-0.0928;-0.254827;-0.095464;-0.010744;102.09;0
66412;-0.537039;-5.63243;-1.669337;-1.373975;0.455951;0.197209;-1.380038;1.459042;-2.107067;-0.123503;-0.496083;-1.577607;-1.894332;0.503266;1.218585;1.191613;0.053855;-0.925702;-0.168188;-0.758918;0.848728;-1.43934;0.510714;-0.165232;0.39347;0.064145;0.417238;0.052409;44.43;0
66545;-2.151888;-0.04743;2.688207;-0.64759;0.5371;2.639705;0.098752;0.155094;0.853075;0.9951;-0.441511;-0.655394;0.17655;-1.83958;0.531525;-0.928583;0.682728;1.51507;-0.269925;-2.042855;-0.444965;-1.319008;0.883906;-1.281433;0.865187;0.09702;-0.14711;-0.484452;53.28;0
66719;-0.615158;-1.228548;-1.58701;2.004132;-0.932959;2.921487;0.528932;-3.249678;-2.135321;-0.715485;-1.965072;-0.037989;0.091662;-0.4897;-1.191145;1.440659;0.118075;0.12707;-1.013518;-0.866221;1.134384;0.844313;0.759964;-0.600753;0.016572;-0.400212;0.290035;-0.211225;125.59;0
66828;-2.015465;0.391086;-1.267671;-0.447525;-1.786926;-0.466903;-0.801478;2.513601;-0.033866;-0.722287;-0.496831;-0.912085;-0.962577;1.321745;-0.430474;-0.196351;0.29737;0.878109;-0.733357;0.442334;-0.415504;0.979453;-0.474738;0.584115;-0.728305;-0.56292;0.474042;0.47412;15.03;0
67076;1.951461;3.188048;0.86926;3.195975;-0.519833;2.693501;1.002528;-0.519727;-0.788885;0.105247;1.735969;0.096507;0.511934;1.358331;-1.930497;-0.943283;0.836703;0.445097;0.7464;-0.19272;-0.381304;0.012461;-0.843458;-0.086775;-0.006686;-0.608599;0.196945;-0.217585;89.04;0
67143;3.638041;3.23799;1.015021;-2.858293;-0.953515;1.087499;0.782723;2.952438;0.58669;2.402234;0.643752;0.643872;-0.158476;1.608156;0.256969;-0.268028;0.101065;1.264829;0.595189;-0.431763;-0.29737;0.233173;-1.257067;-0.481159;-0.25044;0.484554;-0.645063;-0.045899;18.55;0
67163;0.407398;-0.555663;-0.653961;-2.125715;-0.180139;2.008635;-0.81956;0.499064;-2.474591;1.491089;1.151177;-0.739243;-1.903038;0.387524;2.529581;0.563012;0.564451;-0.036428;-0.100439;-0.54701;-0.375226;1.283287;0.382474;0.080759;0.176863;1.041343;-0.169502;0.069665;55.11;0
67254;0.14699;-1.699871;0.58082;1.950343;-1.421133;1.043862;1.391401;-0.191189;-1.878419;1.286846;0.138943;0.334308;0.637272;-0.618881;0.109045;-0.037394;-0.669851;-0.223918;0.757957;0.648966;1.372294;1.450149;-0.336302;-0.182207;0.957181;0.210788;-0.341781;-0.056724;12.57;0
67270;0.227248;0.741502;0.768024;2.307358;1.212634;0.426244;1.429302;0.268478;-0.706434;-1.405416;-2.65256;-0.103374;0.137825;0.177868;0.173079;-0.498671;-0.613115;0.25596;-0.542032;-0.24496;0.370929;0.48936;0.648638;0.067391;-0.609619;-1.257814;-0.478322;-0.186464;8.45;0
67579;2.235356;-0.91049;0.613603;-1.156109;-0.958607;2.958485;2.553908;-0.794033;0.520728;0.248163;0.090994;-1.127611;1.423017;2.43661;-0.025759;0.531246;0.73769;-0.231243;-0.287692;-0.325051;0.351992;-0.015623;-0.651491;0.194943;0.570387;0.278444;0.436575;0.303821;38.01;0
67780;2.193363;0.407773;-0.590878;0.167829;-0.452001;-0.683051;2.112582;0.122959;0.193758;0.985006;0.225237;-0.129473;-0.860348;-0.499342;0.313825;0.612337;0.084079;0.381001;-0.305393;0.775764;-1.390806;-0.311293;0.266644;-0.497975;0.469611;0.580905;0.151403;-0.342235;1.96;0
67815;-0.295524;-1.413289;0.782869;1.08131;0.022135;2.550037;-1.12924;2.442639;1.10531;2.363007;0.933552;0.462099;-0.253721;1.769523;-0.152173;-0.14305;0.125593;1.301837;-1.266643;1.21275;0.928407;-0.202674;-1.107557;-0.351401;0.340286;-0.318125;-1.025901;-0.679357;21.23;0
67823;0.42255;0.163698;2.143619;-0.255713;1.599984;2.760716;1.136978;-1.019361;0.06869;-1.745263;-0.017475;1.409606;0.993354;-2.329319;0.552248;-0.303947;-0.616417;-1.420019;-0.217223;-0.84768;-0.768077;-0.557703;0.302873;-0.447992;0.136156;0.431072;-0.004485;0.425279;2.98;0
67927;1.20266;-1.674715;-1.830488;0.282811;2.476996;1.832854;1.08074;0.684704;-0.069516;0.886746;-0.767227;1.637801;-0.908996;0.559106;-0.7129;-0.470141;-0.371474;-0.063859;1.316683;0.917169;-0.036538;0.469241;0.232606;-0.430011;1.078785;0.525031;-0.265337;-0.425679;106.58;0
68060;-2.288491;1.778758;-1.248491;0.085525;2.57187;-0.0754;-0.442119;-0.806513;-1.228737;1.250167;-0.081185;-0.552008;0.959519;0.631375;-0.675188;0.43114;0.226566;1.848499;1.228133;-0.075065;-0.52406;-0.09459;-0.691709;-0.383067;0.670932;0.631663;0.370693;0.238996;160.0;0
68459;2.294586;-1.290661;0.061156;-2.033655;-1.718878;0.345099;0.554107;-0.150016;-0.295707;0.582399;-0.329105;-0.611667;0.984556;0.368643;-1.186157;-1.401724;-0.278946;-0.327851;0.084944;0.717006;0.164952;-0.590128;0.10919;-0.177114;-0.303638;-0.287092;-0.264321;-0.127947;9.06;0
68471;3.312922;0.873707;-1.574898;-0.419419;-0.464934;-1.675491;-2.338253;2.402166;-0.071467;-1.381846;0.554117;0.049986;0.271229;0.431502;-0.039599;-0.661119;-0.761274;0.851531;-0.18717;0.514796;1.109865;0.813031;1.272993;-0.370775;0.025556;0.0368;0.126755;0.495745;62.96;0
68523;2.201813;-2.458047;-2.70314;0.087558;-0.727473;-0.581931;-2.372678;0.67649;-2.31023;0.366052;-0.07891;-0.52727;-0.188524;0.512287;-1.016299;-0.132596;-0.751277;0.731324;1.422829;0.025424;-0.711838;0.398108;0.416572;0.097532;-0.564306;0.089128;0.122303;-0.081833;127.57;0
68588;-2.498908;1.081431;1.670616;0.216433;0.561027;0.845547;-2.136156;0.937351;-1.029241;0.557417;-0.989942;1.210902;-0.651395;0.557189;1.311808;-0.683642;-0.568105;-1.207784;-0.209775;0.058017;-0.534828;0.185535;1.8222;-0.191319;0.721541;0.646072;-0.328361;-0.17866;128.21;0
68633;-3.911501;-1.941844;-3.34547;-2.387319;0.47681;-1.877527;0.472679;0.134307;0.459692;0.283785;0.598238;0.109684;-0.722239;-0.30751;-0.402156;0.233499;-0.311492;0.249319;-0.429969;0.524569;0.091894;-0.115691;0.084993;-0.43101;0.024553;-0.2007;-0.402908;0.292907;45.68;0
68651;1.312001;0.181836;-0.587598;1.140245;-0.754543;-0.376222;0.531271;3.257632;0.147443;-0.656613;-0.733635;0.064691;0.268397;-0.25019;-1.801804;0.153769;-0.257803;0.184529;0.765256;-0.834295;1.1361;0.329144;0.348448;-1.174573;-1.000817;0.461514;0.810878;0.409125;99.63;0
68704;-1.552369;1.500138;1.166006;0.253881;-0.863472;2.606622;-0.349616;-1.08007;-0.328308;-0.791641;-0.302317;0.646875;-2.792364;-1.296383;-1.043237;2.192986;1.328804;2.673198;-1.395993;-0.869955;-0.319968;-0.250805;-0.305234;-0.550904;-1.277744;0.133565;0.156739;0.534478;12.5;0
68749;0.48991;-0.61597;0.422717;-1.428648;-1.326459;-0.185304;2.12425;-1.829453;-0.718185;0.587221;-0.453196;0.168238;-0.564774;0.713189;0.112889;-0.659908;0.77479;-2.205835;-0.099878;1.612304;-0.532846;1.993762;0.142702;-0.222362;-0.290229;0.47039;0.020144;-0.828951;37.51;0
68804;2.92354;-2.050459;-0.564747;2.624671;-3.612744;1.394726;1.213973;2.056355;-1.967177;-0.647239;0.261967;0.312192;-0.697166;1.260185;0.583643;0.000193;0.235351;-1.361266;-0.063182;0.909126;0.109651;1.643469;-0.615196;0.584132;-0.438059;0.371513;0.483971;-0.653377;16.43;0
68862;-1.351063;0.589486;-1.637134;-0.42215;-1.741467;0.773448;-1.991908;-0.404084;-2.44292;-0.62237;-1.378709;0.270559;-0.978521;1.684609;0.312074;-0.832104;1.581657;-0.192121;0.407409;0.774184;-0.004535;-0.588437;0.551443;-0.042675;-0.230439;-0.321255;0.702969;-0.359409;11.02;0
68948;-0.806232;-1.724898;0.53924;-0.329939;1.246149;-0.389227;-0.223248;0.538208;-0.387356;-0.062212;0.05275;-0.133192;0.148282;-0.778237;-0.758329;1.717026;-0.119367;-0.300406;-0.489748;-0.110237;-0.758242;-0.186988;-0.509454;-0.923128;-0.107609;0.131844;0.600437;-0.368853;34.96;0
69252;0.46961;-0.969345;-1.472476;0.981227;2.071292;-0.186215;-1.17521;2.092467;1.58784;0.264149;1.122048;-0.883414;-1.440998;-1.645117;-0.529819;1.507074;0.388916;-0.742135;-0.147741;-1.251926;-0.305891;-0.647049;1.023055;0.059765;0.674095;-0.338335;-0.549899;-0.162744;55.77;0
69267;-2.600144;0.18925;0.421558;2.745282;1.910043;0.241931;0.503355;0.554035;-0.009404;1.222221;0.117687;1.751432;1.124757;0.371258;-0.63639;-1.369769;0.26278;-0.688566;0.065772;-0.398269;-1.446609;-1.350474;-0.844617;-0.276041;0.740889;-0.011353;0.013047;0.016754;189.67;0
69454;-1.54782;2.08397;0.232786;1.037076;1.304743;-2.70786;-0.047918;2.704674;1.07354;-1.213704;-0.660778;-0.886676;0.847037;-1.099401;0.505638;-0.134735;0.386389;0.57479;-0.216113;0.325747;-0.032202;1.228907;-0.198987;0.348295;1.161104;0.856561;-0.110845;0.063206;49.29;0
69722;-0.021528;-0.224063;0.24806;1.243076;-1.34648;1.279476;-1.104893;0.212073;-1.344356;-1.321404;-0.352964;1.647688;1.275166;0.558898;0.095829;0.041709;-0.663643;-0.705776;-0.160237;0.896131;-0.919536;-0.107828;-0.164317;-0.892088;0.888341;-0.207587;0.758116;0.182758;86.74;0
69835;-0.655887;-0.230457;-0.946881;-1.352303;-1.580087;-0.137445;2.091146;-0.792671;0.261464;-0.326483;0.321663;0.348028;-0.536137;-2.107131;-0.417137;-0.289365;-0.281816;-0.454518;0.664545;0.339814;1.792335;-0.787841;-0.703159;0.738818;0.327377;-0.299396;0.284923;-0.230206;88.23;0
70314;1.116395;1.005897;3.092864;0.193483;-2.449212;1.32595;0.061172;-2.750645;-0.824055;-1.8722;0.591503;-0.585568;0.169488;1.053721;-0.610108;-0.415814;-0.717917;0.837487;0.460604;0.361341;0.39503;-1.247713;0.13547;0.272675;-0.728872;-0.090541;-0.518011;-0.029712;1865.53;0
70581;5.32366;-0.182857;0.560892;-0.685812;-0.754812;0.536307;-0.525889;0.407651;-0.866508;0.72935;1.554015;0.559309;0.760244;0.157149;-0.485875;0.688394;0.330586;0.708228;0.409582;-0.12199;0.175254;0.160448;-0.34073;-0.127388;0.417087;0.330898;-0.736567;-0.020652;2.19;0
70629;0.12332;0.829467;-0.40085;1.069864;0.170207;-0.196204;-0.323894;-2.611347;0.769049;-2.083;-1.638257;0.788057;-0.155574;-1.834485;-0.002277;1.583326;-0.017138;-0.401164;-1.34124;0.510295;0.374676;0.257982;0.860645;-0.941746;-0.820421;0.327219;0.648654;0.005568;11.8;0
70667;-1.711338;1.595863;0.419049;1.201691;-1.340742;0.28274;1.997148;0.436321;-0.182492;0.861037;0.288707;1.71102;-0.573941;0.301919;1.210148;0.720209;-1.638665;-1.231122;0.33813;-0.689995;-0.368693;0.296283;-0.513558;-0.891172;0.172474;0.176509;-0.004951;-0.166832;302.2;0
70733;2.695569;-0.836985;-1.149437;2.389186;0.644902;0.287212;1.119981;1.78685;-1.574088;1.298818;0.2091;-1.292488;0.084892;0.101163;0.159803;0.770451;0.421655;0.738595;-0.690899;0.105663;-0.113792;0.770574;0.251023;0.41808;-0.773868;-0.390518;-0.015091;0.070197;19.53;0
70746;-3.168196;-5.935768;-0.56332;-2.994846;0.949564;1.983333;-0.211315;0.029698;0.057833;0.373082;-0.048094;-0.128603;-0.226823;0.511977;-0.316311;-0.302253;0.166393;-0.78947;1.603107;-0.166632;0.358937;0.645346;-0.063314;0.489947;1.010024;-0.12171;-0.137524;-0.34231;125.05;0
70914;-2.778371;-1.685014;3.631799;-0.825421;-0.604797;0.10333;-1.240191;0.276226;-0.837785;-1.934478;0.382548;1.373438;-1.057854;0.779933;-0.387226;0.905258;1.445636;1.085153;-0.017441;1.12296;-0.722396;-0.926907;-0.142265;0.635371;0.199775;0.689726;-0.33242;0.567784;46.76;0
70917;-1.230452;1.82102;-1.138745;1.916354;-1.799224;0.40326;-1.046882;1.139641;-1.638763;0.205676;-0.214127;0.749087;-2.315165;-2.30966;1.538724;0.902362;0.777232;0.352281;-0.168836;-2.18887;0.488664;-0.783737;0.046717;1.017035;-0.107131;-0.743436;0.015707;-0.290029;778.84;0
71166;-0.621629;-0.328413;-0.097437;-1.920172;1.955679;-1.658313;-0.607857;0.846746;-1.144885;-0.778447;-0.99879;0.491157;-0.916617;-0.442359;0.740501;-0.407682;0.93704;-0.162347;1.220395;-0.106802;1.528199;0.701757;0.429107;0.456982;-0.234631;0.12673;0.322707;0.130475;6.24;0
71300;-1.277192;-0.856695;-0.668718;1.214024;0.098496;-0.042568;0.618886;1.430993;2.200483;-1.220184;0.237796;1.473703;-2.295227;-0.075469;0.880627;-0.195118;-0.990803;0.368325;0.968951;0.201905;-1.090326;-0.444802;-1.180136;0.248573;-0.018355;-0.107371;-0.011239;-0.107077;207.0;0
71647;-0.131449;1.748538;-1.549847;1.680281;2.728864;1.954232;0.9281;0.027177;1.283623;0.721582;0.68224;-0.168141;-0.865189;-0.273558;0.670125;-1.376196;0.941673;-1.639703;-0.202143;-1.417227;0.378927;-1.05582;0.019529;1.45696;-0.378101;0.229477;0.418975;-0.162207;456.86;0
71681;0.465747;-0.445292;0.655838;0.029757;0.177483;0.590332;-0.909671;-2.628851;-2.265991;0.925878;-0.02826;-2.364054;1.3323;-0.326987;-0.055446;-1.180271;-0.187611;1.243393;-0.963085;0.580193;-0.607464;-0.989026;-0.521986;-0.33273;-0.170622;0.066222;0.275122;-0.498978;7.23;0
72129;2.014471;-3.890082;0.075073;-1.94848;0.273854;-1.417746;0.982943;1.449461;-0.257202;1.491405;1.100529;-0.352843;-1.804576;1.022272;1.079985;-0.371685;-0.615049;-0.175717;-1.438541;-0.091332;0.494391;0.674589;-0.474884;-0.06142;-1.042162;-0.735607;0.361095;-0.178783;107.16;0
72158;0.107817;-2.874173;1.395651;-0.102558;-1.281006;-1.275192;-1.136684;-0.234174;-0.177031;-0.220422;-0.222145;2.001639;0.400944;-1.652014;-1.34571;-0.931401;-2.037059;0.140246;-0.858432;-0.724544;0.2374;0.661956;0.141029;-0.940172;-0.478852;0.288366;0.07326;-0.079957;7.78;0
72190;-1.165795;0.454261;1.243973;2.141327;-0.53449;-0.966189;-0.768599;-0.995597;-0.342641;0.277416;0.489777;0.305491;1.143782;-0.269824;1.401357;0.717883;1.109498;-0.484219;0.250015;0.79425;1.362112;0.092298;0.672009;0.380934;-0.604398;-0.478036;-0.065454;-0.191006;34.65;0
72272;1.908559;-0.385721;1.380069;2.255405;-2.101148;1.349509;-1.807409;0.449763;-0.780278;1.905241;-1.593378;-0.824006;-1.539762;-0.193766;0.665346;-0.129894;-0.264733;-0.143441;-0.129611;-0.562738;1.232125;-0.67879;0.9517;-0.124106;0.270912;-0.57883;-0.460307;0.222734;22.54;0
72364;-1.664545;2.246556;-1.366487;0.36519;-1.804202;1.185799;-1.844342;0.271985;0.771774;2.373864;2.30728;1.330788;1.692556;-0.095047;0.432169;0.478666;-0.125108;1.342316;-0.768896;0.632586;-1.067109;-0.045331;-0.370729;-0.378298;0.017406;0.024842;0.394126;0.551595;0.9;0
72390;-3.253575;-1.538555;0.987851;-1.317678;1.072808;-4.574159;-1.15009;-0.84186;0.986965;1.267604;-0.212131;0.846414;-0.103412;-0.928221;-0.698858;-1.064286;0.256092;-0.226818;-0.327668;0.153711;0.547896;-0.114975;-1.776192;-0.365635;0.450635;-0.201439;0.102399;-0.023353;62.57;0
72507;2.281614;-0.805436;1.02456;2.538524;-0.339965;-0.088243;-0.041907;-1.479845;1.103901;-0.291455;-0.47795;0.155542;1.273827;2.066077;0.837173;1.152911;1.581578;-0.350818;1.380753;-0.305682;0.535365;-0.317118;0.033527;-0.484942;-0.218857;-0.391121;-0.101908;0.168856;41.06;0
72529;2.156614;-1.80019;-1.521805;1.23571;-0.533268;0.216359;-1.242537;0.607414;0.313119;0.097908;-0.251066;0.589281;0.230008;0.949445;1.031993;0.440819;-0.214219;0.573878;0.896887;-0.767199;0.85791;0.492412;-1.137243;-0.10305;0.058808;-0.190424;-0.454456;0.408923;304.48;0
72810;-1.614982;-1.170628;-0.461111;-1.224344;-0.971788;-1.259651;1.847625;-0.961347;0.619522;-0.104233;-0.94776;-0.997082;-0.472227;2.133074;-0.651012;0.365929;-0.033272;0.260749;1.409687;-0.539381;0.334863;-0.345608;0.26361;-0.879517;-1.057365;-0.359312;0.507207;-0.35301;82.82;0
72822;-0.848243;-3.542994;-2.178729;0.556377;-0.482023;-0.499332;-1.166296;0.186116;-0.428935;0.859138;-1.171887;-0.348477;-2.821139;0.62466;-0.62332;0.843237;0.813038;1.305165;-0.568746;0.687438;0.425461;0.388952;-0.567472;-0.824572;0.47368;0.757911;-0.005505;0.58506;1028.98;0
72873;-1.858009;-0.937234;1.03113;0.491383;1.613628;1.790228;0.218094;0.4944;-1.784083;-0.803426;0.061865;-0.054282;-1.10021;0.74179;-0.950584;0.290518;-0.260038;-1.693599;0.643638;0.89784;-0.763798;0.240361;0.202255;-0.675366;0.658639;0.153764;0.753078;-0.435379;38.88;0
73290;0.566917;-0.359733;1.024184;-0.834249;0.249026;0.563761;1.627101;1.20213;-1.813026;0.440253;0.136398;1.098181;0.62256;0.005793;0.48867;-0.881798;-0.734853;-0.386825;0.559631;0.545073;0.29803;-1.037855;-0.539084;-0.378265;0.338474;-0.077601;-0.828545;-0.000404;28.27;0
73306;3.307496;-0.505852;2.179848;0.564312;-1.578421;-0.644445;0.104716;2.571733;-0.986862;0.445752;0.248353;-0.533259;1.445792;1.51056;-0.099323;0.561666;-1.902;-1.196849;1.179372;-0.012468;-0.168102;1.435207;-0.731878;-0.28302;-0.457878;0.371792;0.125145;0.222493;25.11;0
73477;1.30062;3.448727;-0.325486;1.640785;1.471931;-0.22912;-0.461256;0.332279;-0.27063;0.508288;-0.014621;-0.015492;-1.378467;0.552907;1.92146;-0.682925;1.129204;1.034355;-0.000628;0.543521;0.489051;0.415384;-0.716642;-1.249809;0.288029;-0.0925;-0.54286;0.510032;17.13;0
73515;1.949663;2.901928;0.701719;-0.350674;2.430553;-0.283071;0.172291;-0.45618;-1.461464;-1.024411;-0.06475;1.436582;-0.08728;-0.173023;-1.406022;0.195583;0.185306;-1.085464;-0.644035;0.25361;-0.078996;-1.146718;0.236143;-0.314246;0.091254;-0.127268;-0.292966;-0.003383;1.21;0
73525;1.52847;-1.569056;1.51148;1.785742;0.732692;0.395;-0.706551;2.023539;-1.292858;0.359452;-1.207138;2.509084;-0.458153;1.782709;-0.802263;-0.670087;0.44961;0.277013;-0.740423;-0.453493;0.316457;-1.034558;-0.829534;-0.513167;-1.019347;0.457317;-0.110695;0.034101;23.8;0
73644;-0.070232;-3.80601;-1.118376;-2.422603;1.27998;-1.881542;-1.251003;1.29723;-0.466232;2.018535;-0.477116;-0.851932;0.371103;-1.240705;0.000943;1.47275;-0.438109;-1.097787;-0.020776;-0.695304;0.439775;1.140595;0.328483;0.477486;0.645419;-0.340077;0.249713;0.537994;1.49;0
73804;2.042514;-0.441617;-1.348007;3.219939;1.73468;-0.870775;0.749756;0.250376;0.900526;-0.408078;0.1845;0.148558;0.054833;-0.692832;0.59516;0.599296;0.56458;-0.419465;0.052664;-0.231467;0.453542;0.129427;1.091891;-0.548991;-0.555061;-0.5011;0.108818;-0.4962;65.24;0
73879;1.38281;0.381363;-1.071557;0.151439;-2.236115;1.397077;-0.733058;0.331419;0.317761;0.373114;-0.529516;-1.482873;-0.386813;2.708193;0.553968;0.896549;-0.522065;-0.836056;0.210882;-0.478667;-0.552972;0.403754;1.026047;0.612425;0.299051;0.321405;-0.219235;-0.33211;5.15;0
73919;2.736919;-1.758637;-0.507436;1.59369;2.622693;-0.076513;1.151574;0.082025;-0.999879;-1.917817;0.318012;-0.004356;0.583544;0.653875;0.066892;-0.658128;0.119897;-0.00578;-1.140675;0.109974;1.7557;0.279286;-0.999812;1.062549;0.014774;0.080268;-0.267533;-0.404158;8.66;0
73990;-0.96612;-1.672988;-1.294537;0.380428;1.566363;-1.110378;0.977366;0.243032;0.001022;0.365655;-0.117914;-0.277203;-0.693869;-2.517817;0.310677;0.27304;0.072711;1.70356;1.038051;1.246775;0.175332;0.782899;-0.845266;0.711759;0.700764;0.075707;-0.686201;-0.357968;12.13;0
74130;-3.459318;2.46782;-1.00654;-1.099402;0.724619;-1.055518;0.196232;-0.07122;-1.511508;0.326061;-0.125779;1.248523;-0.019209;0.988175;0.097775;0.177378;0.95123;-1.197386;-1.105767;0.225502;0.451174;0.814916;0.288362;-0.598864;-0.449113;-0.171731;-0.244751;-0.305057;24.35;0
74357;1.968239;-0.715564;1.350182;0.018345;-0.123136;0.978722;1.193899;-1.110048;-0.999874;0.216957;0.231414;-1.151177;0.709302;-0.972179;0.944923;0.107083;0.536426;-0.955607;1.035468;1.141279;0.033071;-0.631847;-0.672328;0.316865;-0.262919;0.291901;-0.2976;0.40682;33.46;0
74457;0.612051;0.875693;-0.125483;-2.641449;-1.795395;-0.668681;-0.684633;0.060559;-1.872894;0.886097;0.514846;-1.286883;-0.727314;-0.541342;-0.516192;-1.694934;-0.558825;0.501464;-0.271549;0.010403;-0.81901;0.362297;0.373644;-0.588369;0.358383;-0.671416;0.476304;0.501674;168.46;0
74591;-0.64729;-1.879429;0.483115;1.047509;-0.407334;0.699501;0.961883;2.141156;0.421722;-0.21415;0.742182;1.515725;-0.374597;2.458902;-0.413122;1.738568;0.497097;-0.12838;1.4849;-0.119184;0.561497;-1.011579;-1.070379;-0.503559;-0.310678;-0.949169;-0.159166;0.125583;13.93;0
74640;-0.538298;-0.368507;-0.811582;0.345146;0.668788;-0.81369;0.95543;-0.92109;-0.361088;1.372278;2.042703;-0.616801;-0.565698;1.599296;0.617384;-0.023849;-0.335724;-1.069001;-1.424147;-1.156573;0.1859;-0.783302;-0.054358;-0.462611;0.740051;-0.194564;-0.155825;0.323544;68.05;0
74707;4.911638;-0.851865;-0.910712;-0.202011;-1.474015;-1.482853;-0.383763;-0.272813;-0.223495;-0.872613;0.901058;0.205457;0.404083;1.928187;1.420829;0.451592;-0.718517;-0.395677;0.942148;0.502639;0.638835;-0.218433;0.57535;0.083046;-0.393762;0.308471;0.083933;0.269768;1990.82;0
74970;-1.32228;-1.438396;0.451189;1.138833;-0.046251;0.345116;-0.542852;-1.011384;0.836531;1.663179;-1.490053;0.302094;0.305575;-0.573007;-0.587166;-1.146975;0.453843;-1.271451;-0.844953;-0.495191;-0.495371;-1.224364;-0.972238;-0.533099;0.305915;0.609853;0.546684;0.000582;58.32;0
75138;-1.733941;1.72867;0.210354;0.123283;-1.583287;-0.109517;0.397995;1.427225;-1.146976;0.321794;-1.085539;-0.769442;-0.527419;-0.269462;0.209476;1.298102;0.146833;-0.411739;-0.902943;-0.652685;-0.252581;-0.559907;-0.082486;0.023592;-0.002125;0.268502;0.53852;0.305817;25.26;0
75269;0.096304;-2.672757;1.19476;0.931698;-0.480781;0.931215;2.430623;1.037348;0.463424;0.011912;-0.26014;-0.768388;0.297238;0.219919;-0.354369;1.223867;-1.0485;-0.816336;1.331459;-0.770133;0.185534;-1.564127;-0.090819;0.770106;-0.341768;-0.452067;0.956463;0.249883;10.29;0
75363;2.231957;0.249098;1.985405;1.43649;-1.816626;1.195885;-0.297972;-1.471192;2.133413;-1.470663;-0.758175;1.125641;-2.729582;0.843661;0.494837;0.761852;-0.463075;0.261179;0.59986;0.282496;0.025227;-0.01443;0.365984;-0.672095;0.685088;-0.448158;-0.560169;0.213315;24.74;0
75596;4.372884;-0.88436;-1.024032;-0.709904;-1.961731;-0.456096;-0.568958;-2.35197;-1.130325;-1.119572;0.418307;0.680301;0.771862;-0.318305;-1.50356;0.250107;0.621052;0.540232;-1.207053;-0.434999;-0.218899;1.182672;-0.424684;-0.980982;-0.547558;0.593131;0.065537;0.029517;8.76;0
75793;1.211862;0.447646;1.320389;-1.116283;0.519323;0.484082;1.45121;1.080184;-1.769321;0.472415;0.526524;-0.005531;0.829873;1.813238;-0.324609;2.065258;0.314639;-2.229279;0.153547;1.277968;0.186258;0.023062;-0.895387;-0.390485;0.276329;0.443676;-0.041654;0.06183;49.55;0
75854;-2.547297;-0.860928;-1.610507;-2.376035;-0.750065;-0.497117;0.074484;-1.543728;-1.433625;-0.691321;-0.473183;-0.125424;-0.516126;0.481538;-0.53253;0.875127;0.350699;0.089931;1.12788;0.871641;1.033756;0.025112;-1.575044;0.871073;-1.298392;0.269363;-0.729361;-0.05596;38.68;0
75883;3.773185;1.230244;3.151406;0.244036;-0.620391;0.86275;1.063866;1.035637;0.377444;1.174607;1.233469;0.323445;-0.707104;1.441294;-0.321542;-1.192188;1.566992;-1.934677;0.44232;-0.401291;0.324225;-0.25874;0.81163;0.420029;0.16787;0.451078;-0.466785;-0.580749;1.29;0
76058;-0.107964;-1.895685;-1.167319;0.711978;-0.824152;0.330443;1.818543;-0.709307;1.870921;0.403305;1.503284;0.388377;-0.085223;-0.73879;-2.320383;0.207548;0.836559;0.005299;0.015041;-1.818085;0.846302;0.70331;0.507611;-0.521273;0.635589;0.082684;0.364028;-0.021099;32.21;0
76164;-1.703533;1.732567;1.062852;-1.809534;3.807903;-0.809703;-2.37471;0.87705;1.825862;-1.463266;-1.828065;1.258534;-0.903669;-0.392123;1.832247;0.5237;-0.120436;1.33688;0.92221;0.101153;-0.13253;-0.037305;-0.025119;-0.637728;-0.077378;-0.102008;0.210678;0.017778;166.37;0
76296;-2.174815;-0.319829;-1.621733;2.086939;0.888167;-0.921079;-0.056599;0.578499;0.879397;0.919584;-1.437456;-0.010648;-0.754469;0.245847;-2.279718;0.102445;-0.367394;-0.292623;0.288615;-0.228737;0.029807;-0.791515;-0.041712;0.197434;0.110378;-0.078404;0.207654;-0.295053;18.2;0
76680;1.560841;-2.568309;-0.209657;-1.097716;1.036346;0.377328;-0.294957;-0.58838;0.917226;-0.087028;1.139185;0.448551;0.265539;-0.430751;0.423348;0.514332;-0.604912;0.214964;-1.35429;0.695242;0.167479;0.122154;0.253632;0.059539;0.887101;0.312319;0.178983;-0.158159;12.44;0
76949;0.395717;0.906773;2.354057;-2.91697;-1.020073;1.565714;-1.20329;-0.996;0.461013;0.040122;0.907226;0.720997;0.746699;1.015815;-1.187466;1.278285;-0.415413;0.619406;0.067801;0.020365;-0.334469;1.11777;0.588838;0.379892;0.549841;0.116195;-0.673804;0.231323;4.19;0
77052;0.602897;-0.61401;-1.214733;2.192649;0.746556;1.218724;-2.389106;0.735198;0.74761;1.228598;0.532705;0.738417;0.275157;1.034942;-1.142689;-0.156016;-1.395262;0.649696;0.382222;0.896231;0.173657;-1.02773;-1.26065;-0.704698;-1.157478;-0.963077;-0.439184;0.289314;2.04;0
77070;2.438681;-3.22456;3.348321;-2.731681;-0.264255;-1.234203;-1.983458;-0.774177;0.284134;-1.429787;0.031159;1.445222;2.740876;-0.219501;0.115601;-0.324315;-1.065842;0.700927;0.170264;0.389822;1.134508;-0.677512;-1.11354;-0.051125;-0.283135;0.432461;-0.214509;-0.547933;115.24;0
77313;-1.634201;0.30517;0.012034;1.439134;-1.031161;-1.094332;0.119417;1.369686;-0.929741;-1.135852;-0.085179;-0.002463;1.168644;0.641652;0.619035;-0.945251;0.545675;0.365539;-0.337817;-0.973045;1.263379;-0.075191;-1.204032;0.546542;-0.149053;0.287073;0.331867;-0.229666;25.22;0
77491;2.594002;1.471411;1.493326;1.09399;2.712146;-0.898335;-0.672205;-0.940496;1.834782;0.444882;0.567331;-0.550209;0.675961;1.97018;-0.988683;-1.632024;1.299909;-0.633117;0.360847;-0.565145;0.993922;-0.252359;-0.224499;0.688465;0.162426;0.159681;0.052688;0.26274;105.43;0
77534;-1.082357;1.948095;0.628446;0.523767;0.840452;-0.773429;-1.004274;0.466917;1.418975;-1.761659;0.200006;-0.344383;0.641221;1.012814;-1.01833;-0.264775;0.0275;0.541317;0.138736;-0.339928;0.213152;0.302384;0.1028;-0.755651;-0.033179;0.690501;0.361675;-0.417404;329.31;0
77854;4.149814;-0.924549;0.71013;-0.67234;0.770827;-2.396158;0.10709;-0.414343;-0.904689;-0.571791;1.353877;0.644418;0.053289;0.635921;-1.188359;-0.586012;-0.624255;1.251538;-1.623389;-0.119709;-0.534971;-0.70774;0.617771;-0.052061;-0.272304;-0.395708;0.78235;-0.043032;131.88;0
77905;1.097541;-0.0186;-2.133432;0.783972;-1.290992;1.070757;-0.868262;0.0568;0.663327;1.156521;-0.674869;-0.09702;0.454467;1.253504;0.185383;-0.171835;-2.947858;0.407353;-1.084274;-0.197628;1.776295;-0.381401;-1.814718;-0.174443;-0.30633;-0.5224;-0.635586;-0.410912;14.68;0
78000;-1.864465;-0.182572;-0.694008;1.558849;-1.702889;-0.586324;1.589824;-0.783627;1.557366;-0.028515;0.038355;2.27393;0.159692;1.623587;-0.962947;-0.504998;1.445322;0.159724;0.241225;0.563191;-0.385125;0.037759;-0.839409;-0.510451;-0.748382;0.245466;-0.04775;-0.293498;41.15;0
78140;-4.019565;2.307359;1.825924;-1.329851;-0.029421;0.634559;-0.779896;-0.162542;0.410548;-1.408129;0.928142;0.022463;0.978805;1.467198;1.162728;-0.9355;-1.171129;-1.406889;0.594055;0.39716;1.102811;0.06244;0.071011;-0.448628;-0.524636;-0.370822;-0.045979;0.116416;13.17;0
78143;1.507403;-1.672145;-0.499925;1.456451;-0.741449;-0.399958;1.856599;-2.998484;-0.275893;0.296116;0.187707;-0.935404;-0.297974;-0.059099;-1.059943;-0.474429;-1.286014;-0.893004;-0.640092;-0.314277;0.257167;1.87443;0.147858;0.345883;0.437128;0.81659;-0.331499;0.207095;11.45;0
78161;-0.799652;-1.073861;0.229636;1.391842;0.895445;-0.010545;-0.04722;-0.917378;1.522704;-0.351323;0.706623;0.329475;-0.349276;0.876194;0.483039;0.461454;-0.275808;-0.603764;0.587015;0.52032;-0.764064;0.563968;-0.133794;-0.467241;-0.545078;-0.33967;0.176048;0.345748;55.38;0
78182;-0.373353;-1.714066;-2.316607;0.486133;0.98738;-0.891297;-0.818355;-0.649258;0.230874;-0.675497;0.691794;1.533424;1.100946;-0.276138;1.395654;-0.461021;-0.0564;-0.922896;0.395364;-0.891772;-1.091735;-1.109207;-0.707602;-0.075175;-0.417178;-0.352106;1.142209;0.922871;9.5;0
78328;1.424082;-2.77703;-0.791741;-0.693924;0.140395;-0.017583;-0.90846;-0.035533;-0.740665;3.966539;-0.413338;-0.797602;-0.471591;-0.042266;0.052627;-0.156028;-0.011088;-0.138051;-0.163119;0.548339;1.005029;-0.73107;-0.443793;0.296904;-0.758154;-0.197391;-0.379226;-0.062553;1.2;0
78415;1.900307;0.158672;1.715789;1.398349;1.192244;-1.138757;1.867105;1.588898;-1.315186;0.716562;-1.021081;-0.826175;-0.937132;0.470072;-1.639231;1.853293;-0.75525;-0.779998;0.33573;0.679102;-0.429205;-0.980349;-0.09493;1.06899;0.199747;-0.145646;0.240874;-0.045731;8.74;0
78545;2.316235;2.500246;-1.91677;0.791804;0.31676;-0.007717;0.852833;-0.780299;-3.274206;-0.218974;-0.742739;-0.174947;-0.748204;-1.380508;0.354063;0.95615;0.337513;0.727663;0.317785;0.222133;-0.929772;1.16206;-1.074389;0.182611;0.499259;-0.180629;-0.418142;0.422582;20.9;0
78579;-2.360941;-0.613378;1.102789;-1.372663;-1.152932;1.958107;-0.951679;1.732642;2.120437;1.069153;-1.085442;-0.629451;0.688672;0.363897;-0.234149;0.210513;-0.468719;-0.334941;0.700009;0.414781;-0.206209;-0.769813;-0.538996;0.43969;0.604747;-0.128932;-0.72204;0.371642;324.44;0
78662;2.710495;-1.795681;0.288445;-0.451645;-0.223619;0.712404;0.137655;-0.975088;-0.970537;-0.227176;-1.873104;-1.326716;2.53501;-0.653784;-0.047895;0.239668;-0.447382;-0.937165;0.738561;0.515992;-0.01371;0.422901;-0.866137;0.1604;-0.202419;-0.177529;-0.245465;0.179725;15.86;0
78737;-1.199138;0.053267;-0.336293;1.233058;0.237312;0.407099;-2.934762;-1.268665;1.010339;-0.474768;1.133597;-1.515413;-0.882183;-1.128666;1.433301;-0.615073;-0.259694;-0.775084;-0.853958;0.816744;0.260815;0.350723;0.301243;-0.125412;-0.033591;-0.762347;0.109166;-0.127125;71.37;0
78809;-4.469687;0.749174;-0.402686;0.232704;1.331917;-1.735255;-1.661189;-2.192217;-1.062429;0.416396;-1.903743;0.240104;0.589343;0.773117;0.036933;-0.359525;-0.602146;0.057473;-0.603653;0.581201;0.223009;-1.055315;-0.576911;-0.1363;0.014958;0.247273;0.159663;0.244587;25.73;0
79186;-2.367959;-0.540508;-0.721455;1.612096;0.360432;0.774451;-0.940358;0.772074;0.133656;0.644472;1.918689;0.717893;0.117625;-0.240355;0.457223;-0.234013;-1.098689;-0.237008;1.18604;0.939776;-0.544716;-0.30159;-0.82051;-0.070938;-0.21765;-0.213511;0.71098;-0.194368;208.43;0
79339;0.355149;2.158116;-0.586976;-0.415138;-0.738602;0.903723;-0.970773;0.152367;0.444701;1.099062;-0.518343;-0.684153;1.053061;0.221187;-0.612466;0.102406;-1.042547;0.035086;0.70514;-1.201163;-0.008832;-0.190381;-0.330838;-1.305135;0.171502;-0.074972;0.111428;-0.217654;187.85;0
79623;-1.978688;-1.675386;1.423908;-1.349851;1.383316;0.376793;1.494138;0.701568;-1.413041;1.641795;-0.263922;-0.059814;0.580924;-0.21692;-0.26536;-0.028822;-0.97043;-0.207117;0.507225;0.111978;1.243786;-1.138306;0.456683;-0.199487;0.588361;-0.594906;0.005447;0.09143;193.3;0
79835;-0.241687;-0.766457;-0.632386;3.184916;0.575443;0.304996;-2.383591;0.206629;1.002741;1.384381;-1.525191;0.193112;1.112582;-0.581978;1.012103;-0.983032;0.372227;1.443112;0.633519;-0.025379;-0.778358;1.285199;-0.024251;0.267354;0.517775;-0.747005;0.333167;0.682734;2.46;0
79926;0.589592;0.242059;2.749461;-2.316871;2.18303;-0.166441;-1.78048;0.039055;-0.268062;1.023661;0.412258;-1.084182;0.25045;0.122868;0.114058;0.534517;0.323242;0.719545;0.911856;0.127233;0.333791;0.122662;0.673335;-0.449551;-0.087194;-0.046072;0.099263;-0.093785;45.15;0
79941;-0.423702;0.409827;0.472294;-0.639772;0.170443;0.883705;0.550969;0.388464;0.557909;1.135602;-0.24611;0.860272;-0.831383;-1.297758;0.249768;-0.494674;-0.25113;-0.722468;0.098286;0.703719;-0.779393;1.147056;0.578295;0.886213;-0.277988;0.761824;-0.009498;0.019363;103.38;0
79951;-1.033991;-0.188295;-0.850156;0.467242;-1.381514;1.878024;0.275538;2.611458;1.54997;1.381323;0.08232;0.219781;-0.682814;-0.082389;0.901012;1.701664;-0.208428;-1.634395;-0.317042;0.109326;-0.310497;1.589803;-0.474931;0.076369;-0.59919;0.745102;-0.072138;-0.520121;58.69;0
80127;-2.508857;-2.481666;1.489783;1.470239;1.674232;0.459602;-0.443716;-0.513986;0.763585;0.86371;-0.782866;0.529232;0.173501;1.911504;1.473479;1.109675;0.984083;-0.302376;0.44446;0.078193;0.816662;0.114918;0.073477;-0.080018;-0.903344;-0.445231;0.254416;-0.298692;86.05;0
80455;-0.02721;3.77476;0.962083;0.987958;-0.74597;-1.272384;2.535086;2.494643;-0.15431;-1.638087;0.510432;0.683169;0.418399;-1.141497;-1.061802;-1.452166;0.422219;-0.95515;-0.031371;0.369617;-1.494355;0.268985;0.670598;0.509877;0.283189;-0.362619;0.211324;0.120005;36.14;0
80767;-4.096667;-0.678228;-2.477806;3.351988;0.457685;-1.170639;0.755585;1.064312;2.088454;0.632433;-0.820396;2.411505;-0.398843;1.379112;-0.45732;-0.212825;1.325801;-1.451929;1.244868;-1.150084;1.521602;-0.56721;-0.309333;0.344084;-0.000421;0.08339;-0.105713;0.158024;10.84;0
80985;-1.407696;-0.079237;-1.542052;-0.09699;0.306289;0.985899;1.506303;0.484586;-0.099116;1.590905;0.100342;-1.004352;1.904457;2.013326;1.316849;1.425289;-0.516488;0.536291;1.23284;1.208141;-0.954128;0.960182;0.138897;0.69102;0.00439;-1.306362;0.576562;0.640315;2.6;0
80990;-1.879179;0.796997;-0.154285;-1.169636;0.112968;-1.261577;-0.072992;0.709889;0.052446;-0.785073;0.491221;-0.873841;0.873573;-0.744088;1.803171;0.593177;-1.021862;-0.0087;0.711667;-0.07066;-1.476876;-0.034432;-0.569148;0.809835;1.271994;-0.28718;0.336926;-0.345486;12.57;0
81488;-0.536785;-1.371154;-2.371248;-0.241968;-0.184352;0.287403;-0.684042;-3.752793;-0.229988;-0.33734;1.500335;1.676096;-2.03055;0.324505;-0.24838;0.088385;0.837338;0.942936;-1.04425;1.147302;0.004164;-0.304828;-0.149812;0.893837;0.825382;0.109078;0.384957;0.045422;1839.35;0
81573;-0.485993;-0.171517;3.1767;-0.384367;-2.229959;-0.439572;-0.66984;-0.26138;-1.398163;0.024488;0.842019;0.655706;-0.147986;-1.23774;0.236914;-2.036205;-0.037687;-0.062093;-0.897007;-0.648053;-0.323173;-0.552726;-0.17;0.278683;0.022405;-0.112619;-0.365328;-0.149692;15.98;0
81599;1.801916;-1.441539;1.261571;-0.026979;-1.332903;-1.406074;1.140304;-0.747578;-1.519365;0.297213;0.111677;0.078337;-1.018529;-1.381396;0.309579;-0.181459;-0.710441;-0.183598;-1.075238;-0.692514;-0.461517;0.052749;0.378864;-0.632544;0.108509;-0.930649;-0.205316;0.093852;1.75;0
81771;3.017781;0.448903;-0.000133;-1.325133;1.598543;1.126919;0.948208;2.563748;-0.659623;-0.51506;0.011873;-0.463306;1.800031;0.170483;0.203199;0.195119;0.400367;-1.070629;0.141098;-0.165223;0.458299;0.447495;-0.247757;-0.145383;-0.576773;-0.896077;0.606625;-0.176635;99.38;0
81816;-2.249669;-0.747519;-0.497487;1.18336;0.641745;0.960005;-0.281074;-0.356264;-1.165106;0.152416;0.33968;-0.219568;-2.160567;0.402813;0.215306;-1.799256;-0.626314;-0.525835;0.737638;0.037576;-0.685702;0.146625;0.123603;0.999789;0.33571;-0.701246;0.415931;-0.572193;119.48;0
81901;3.816024;0.194883;-0.885492;0.596579;2.68483;-1.783014;0.574764;0.014538;-0.355437;0.649445;0.802046;-0.200356;0.371992;-0.534238;1.23202;0.549772;0.572537;-1.507255;-0.25933;-0.380958;0.405955;0.332987;0.22631;0.158228;0.119093;-0.037962;-0.565874;0.211772;228.37;0
81937;-1.589626;-2.08051;-2.945689;-1.724711;-1.382033;0.66032;1.183646;-0.004792;0.858778;-2.101199;-0.739198;-1.470028;0.088391;-1.075754;-1.648676;-0.607623;0.397918;0.872704;-0.533522;-0.609477;0.593896;-0.155278;-0.499222;-0.26485;-0.458971;-0.409609;0.134101;-0.244891;67.12;0
81944;0.266427;-1.704025;-2.596639;1.444596;0.007695;0.465896;-0.709273;-1.504774;-0.499975;0.171507;0.941274;0.973467;0.751351;-0.74257;-0.606279;0.275141;-0.214329;-1.106147;0.07407;0.295288;-1.011707;0.363473;-0.259541;-0.332385;0.129783;0.763013;0.383157;-0.077164;117.73;0
82016;0.926183;-2.631693;2.890692;-1.082304;1.655207;1.133818;-0.43581;-0.616664;0.191958;-0.327009;-0.935734;-1.980551;0.279851;0.86545;0.571253;0.126007;-1.470532;0.185407;-0.64497;1.126345;0.739313;0.341367;0.277095;-0.657244;0.541988;-0.654882;-0.410431;0.022327;523.39;0
82262;4.696936;-1.499217;2.396135;-1.609598;-0.730836;0.24182;0.543834;1.022109;-0.606497;-1.770499;0.485439;-0.830571;1.956552;0.872007;-0.46157;-0.214776;-0.813921;-0.207221;0.205345;1.287594;0.554458;0.874681;1.129855;0.560795;1.07519;0.601706;0.404274;-0.008475;10.82;0
82923;-1.127451;-4.722197;-0.849424;0.194007;-0.619807;1.917692;-2.227939;-2.48685;2.749539;0.704978;0.572256;-0.417457;0.851213;0.626809;0.250688;0.706581;1.285785;0.326477;-0.207024;-0.21589;1.123312;0.580508;-0.789484;-0.275533;-0.78662;-0.589473;0.020559;-0.980079;8.04;0
82933;-3.573639;-0.801283;1.391079;-2.426138;-0.354809;-0.148459;0.567334;0.420509;1.609058;0.429308;-0.664996;2.13205;-1.794569;-0.36018;0.97878;0.257533;1.481111;0.028946;-0.542216;-0.821109;-0.006071;0.111329;0.315707;-0.599509;-0.595137;1.232805;0.602255;-0.525637;6.41;0
83032;2.83624;-1.194236;0.784695;0.907094;-0.56458;-0.341886;-1.405061;-1.022761;-0.322368;0.269773;-1.553228;-0.089789;1.318048;-1.022539;1.446117;2.39999;2.210199;-1.111123;0.083385;-0.192406;-0.619391;0.298623;0.742745;-0.530628;-0.051897;0.324479;-0.051019;-0.091508;22.23;0
83045;-1.695078;-0.008924;0.962675;-3.961153;0.78388;-1.276472;1.15765;1.596904;0.249419;0.755429;-0.24986;0.323298;0.165027;1.27025;0.242476;1.574564;0.324329;-0.279458;0.708898;1.327849;0.905457;-0.828958;0.049264;-1.591653;0.119744;-1.086374;-0.578139;0.760178;284.33;0
83141;-0.775098;-0.192829;-2.132018;-1.391695;-2.40669;-1.222143;2.653253;0.519957;-1.524423;0.440162;-2.662468;-0.858715;1.319677;1.585521;1.345448;-0.880953;-0.957478;1.064091;-1.240471;0.80214;0.025501;0.920067;-0.569952;0.430733;0.874153;0.596297;0.211385;-0.307946;73.12;0
83207;-2.249612;1.904748;-2.710349;2.306695;2.316962;-1.342565;-0.874489;-1.758524;-0.285847;-0.714309;-0.161932;0.870042;-0.334396;-0.493911;0.119096;1.054398;1.131545;-0.691449;0.126184;0.306981;1.320679;-0.179677;-0.042506;-0.144807;0.638771;-0.226426;-0.44949;-0.123434;68.93;0
83726;-0.769472;4.218157;1.805717;-0.905056;-1.274335;0.310472;-1.683558;-0.445213;-0.71042;0.878051;-1.253205;2.932362;-1.049836;-0.142545;-0.286216;-0.638236;-0.247185;0.972281;-1.710169;-0.349617;0.507818;-0.089791;-0.60968;-0.749504;-1.078323;0.454678;-0.229025;0.443909;2.16;0
84096;-1.708763;1.697942;-2.96874;-0.656451;-2.871697;-0.337902;-0.233087;0.589736;0.767179;1.064719;3.195517;0.496586;-1.231322;-1.398369;-1.414236;-1.023394;-0.606798;0.555767;-0.21629;0.712222;-0.028897;-0.344453;-0.321741;0.846162;-0.219864;-0.005371;-0.726813;0.232394;11.71;0
84228;1.249062;-1.053876;-0.203772;1.878604;0.03587;0.459822;-0.338922;-0.311705;-1.073343;-1.09353;1.099869;-0.32215;0.98894;0.52258;-0.922993;-1.288988;0.26788;0.11701;0.553116;1.752227;-0.653476;-0.638416;0.228932;0.028373;-0.789742;-0.174005;-0.323205;0.139748;2.11;0
84438;0.087544;-1.123566;-0.535231;-1.055866;-0.470813;-1.588301;0.809298;0.222693;1.773515;1.049761;0.093644;-2.001422;0.735291;2.002755;-0.005708;-0.305177;1.611359;-0.620989;0.818073;-0.0999;-0.086191;-0.588633;-0.047519;-1.3673;-0.678687;-0.124353;0.537447;0.040027;191.88;0
84473;-1.398058;1.232787;-0.674828;1.154082;-0.195612;-1.118071;0.280236;0.027108;-0.121971;-0.219058;1.379058;0.696755;-0.59827;0.915886;0.013341;0.895167;-0.110566;0.228878;-0.435039;-1.507095;0.674226;-0.775867;0.111526;0.440304;0.303506;-0.57396;0.058909;-0.62815;357.26;0
84573;1.87195;-3.182186;0.494821;1.737347;0.481356;-1.140483;-0.37745;1.081517;-1.006357;0.757975;0.739136;-0.966087;-2.593296;2.133518;0.198792;0.149357;-0.005379;-0.428652;-0.443666;-0.780142;-1.110945;-0.172394;-0.734939;-0.616562;0.07283;-0.21597;-0.092963;-0.521408;106.63;0
84577;0.427244;-0.815301;-1.003165;0.749513;0.939881;2.90513;0.102361;0.573083;-0.014626;0.255628;-1.166811;-0.738218;1.025688;-0.364769;1.661209;0.457444;-1.337647;0.927878;-0.196235;0.058134;-0.305685;0.600016;-0.388791;0.363217;0.863089;-0.63322;-0.35061;-0.3021;7.54;0
84948;-3.669794;-0.682005;0.617561;-1.981754;2.377579;-0.200356;-1.401469;-0.007368;0.760453;-0.097506;-0.617945;0.932394;-1.986023;-1.24531;0.673526;-2.829823;0.072667;-1.081404;-0.90297;-0.109876;-1.188555;-0.016329;0.370076;0.308121;-0.732075;-0.23131;0.082953;-0.131719;305.83;0
84951;1.723421;0.740547;0.233145;-0.78766;-0.902394;-0.068267;1.018227;0.071322;0.522442;0.677739;1.070056;-0.458893;2.056955;1.454136;0.722064;-0.191535;0.552314;0.258717;0.121747;1.057633;-0.769941;0.47767;-1.048416;0.083793;-0.013181;0.095581;-0.088464;0.398225;22.65;0
85038;0.290492;0.791989;3.189086;3.92334;1.118522;-0.083012;1.996272;-1.238573;0.122231;-0.273116;-0.959748;-0.083201;-1.417598;0.174932;1.65346;-0.916189;-0.095374;0.024157;-0.822092;-0.445523;-0.456233;0.346465;-0.832323;-0.763542;-0.281216;0.518293;0.955744;0.010682;5.36;0
85066;2.641928;-1.55809;-2.071968;-0.626544;1.028332;2.085263;-1.49502;1.796185;0.915395;1.267519;0.423224;0.752288;-0.016486;-0.847335;-0.334366;-1.380383;-0.031606;0.275964;0.440769;-0.124317;-0.207634;-0.322899;-0.199463;-0.751904;0.818323;0.72841;0.008962;-0.210003;7.79;0
85107;0.171639;-0.986865;0.064196;4.310588;-3.594284;-2.125741;-1.968274;3.575034;0.848139;1.446757;0.708253;-0.689003;0.190816;1.807428;-0.473108;-1.049395;0.173618;0.602931;-0.590549;-0.488541;0.24795;0.891486;-0.330823;-0.02983;-0.466909;-0.006103;0.181453;-0.092632;17.37;0
85124;-1.613833;0.50003;0.671331;2.496729;-1.099808;-0.059666;-0.50859;-0.343116;0.853631;-0.506311;-0.245856;-1.266068;0.320257;-0.571826;1.102435;0.072414;-0.922292;-0.746136;-0.268926;0.609819;0.502289;0.719456;0.467045;-0.574239;0.112499;-0.5517;-0.253987;0.453583;35.67;0
85126;-0.468376;-1.652133;-0.367168;0.807079;-1.726033;-2.13821;-1.524623;0.106762;-0.353238;-0.092278;0.175376;0.469661;0.281312;-1.064998;0.432108;0.58883;-1.97884;-0.746868;0.394494;-0.652574;0.999917;0.591286;-1.494759;0.743789;-0.723454;-0.025336;-0.006884;0.0421;26.0;0
85328;1.497643;1.816585;-1.998983;0.492073;0.668092;-3.145153;-1.59251;1.257906;-0.360888;-0.317818;0.86843;0.756807;0.095222;0.587546;-0.050355;-0.79115;-0.108828;0.180909;0.504723;-0.170819;1.16034;0.299409;-0.061142;-0.061896;0.75283;-0.079292;0.185072;0.220282;3.98;0
85436;-1.572937;0.783873;1.918225;-0.590049;0.5162;-0.956539;-1.748503;1.251269;-0.278078;0.499028;0.819771;-0.561789;-0.446711;-1.239678;-0.065109;0.528396;-0.214032;0.810296;0.467881;-1.163064;0.855242;-0.244632;0.839993;-0.612967;0.955324;0.645684;-0.36892;-0.159753;204.38;0
85561;-0.928579;0.026712;0.528771;-0.056256;0.54394;0.568178;-0.250067;0.262189;-0.593471;1.517961;0.477141;-0.61086;-0.244509;0.991457;-0.166492;0.728443;0.470202;-0.209331;0.203532;-0.397047;-0.286976;-0.246243;0.192748;0.60912;-0.362566;0.428966;0.237326;-0.636084;26.42;0
85567;-0.502293;0.406327;-1.893014;-0.907988;-0.371717;-1.041048;-0.520164;-1.111641;0.066242;-1.72765;0.006787;-1.079094;-0.655746;-1.09622;-0.101907;0.300064;2.041509;1.20783;-0.890182;1.290331;0.160678;-0.021513;-0.960885;-1.165548;-0.425005;0.113997;0.051856;0.215827;11.35;0
85621;-2.311275;-1.077721;0.682389;-0.020349;-0.232564;0.546368;0.452839;2.213609;-0.056185;-1.45595;0.619103;0.716356;0.081242;0.25143;-0.012542;-0.745267;1.09458;-0.25196;-0.035496;1.377399;-0.420465;0.992105;1.495094;-0.080419;0.137188;0.745145;-0.910459;0.106515;175.12;0
85687;-1.544831;-1.353484;2.589365;-1.864317;0.010559;0.161613;-0.708138;0.860669;1.770575;-0.001043;-2.041967;1.909709;-1.71373;0.314012;-0.280684;-0.42766;-1.789017;-0.597737;-0.151054;0.528917;0.172971;0.804761;-0.349052;0.339264;-0.425251;-0.248025;0.329576;0.319274;5.61;0
85772;0.266473;-1.004769;-0.034837;-1.940395;-0.503536;-0.164957;-1.518637;0.312453;-0.605297;0.292664;1.525091;0.93223;0.272843;0.264322;0.495424;0.298442;2.147874;0.381574;-0.350793;0.349712;-0.127298;-1.038692;-1.519193;-0.627675;0.596194;0.307171;0.195261;0.027751;2.88;0
85912;2.274832;0.594942;0.016659;1.917442;1.122512;1.702402;-0.030935;-0.810165;-1.135378;-0.93601;-0.115208;-0.080275;-0.124725;-1.226186;0.669353;-0.619805;0.551047;-0.458771;0.049998;-0.474523;-0.843878;0.186954;0.49347;-0.263779;0.237247;-0.247395;0.095235;0.798564;223.35;0
85925;0.548437;0.077756;2.387688;-2.21948;-1.426136;-0.772729;-1.322609;0.118967;0.660308;0.287007;-0.729667;0.719291;0.777775;-0.17675;-0.523863;0.579045;-0.247624;-0.448307;-0.708105;0.163255;1.04993;-1.79077;-0.511095;-0.411382;0.65888;-0.231057;-0.253845;-0.310846;565.14;0
86088;-0.159429;-1.001296;-1.44528;1.328316;-1.028903;0.526272;0.625092;-2.109192;0.028674;-0.717643;0.631453;-0.81349;-0.321518;1.328645;0.811385;-0.965035;1.249694;0.218401;-0.038123;0.13759;1.236894;-0.317765;1.150092;-0.685915;-0.562062;-1.013402;0.986099;-0.35883;16.56;0
86118;-1.690978;1.026776;2.628604;-2.620023;0.217421;-2.378105;-2.076116;0.931677;-0.804979;-0.396987;0.602858;0.37472;0.548139;-0.183936;-1.166948;0.345237;-2.215687;0.782772;-0.252792;0.023391;-0.563397;-0.487545;0.437423;0.046643;-0.715386;0.049441;-0.235242;-0.060569;30.91;0
86131;2.065563;-0.570927;1.489096;0.964085;-0.457742;0.151377;-2.694458;1.221834;0.810327;1.473896;-0.975955;-1.064414;0.499944;-1.094845;0.448419;0.808107;-0.488296;0.253964;-0.380487;0.631065;0.370151;0.400368;1.311275;0.519124;0.189991;0.063292;-1.195962;-0.097354;5.93;0
86208;0.775336;-1.469428;-1.375571;-0.22477;-1.480119;-0.322097;-2.006118;0.323413;-0.356891;-0.284015;0.088891;-0.110964;-0.163503;-0.417268;0.493914;0.178488;0.14949;0.090973;-0.914309;-0.716449;-0.531847;-0.783416;-0.663094;1.222284;0.878646;-0.067128;0.206938;-0.064386;33.39;0
86662;-1.448123;0.170011;-0.989086;1.946269;0.784057;-1.552388;-0.528716;-1.092701;1.626713;-0.30319;0.058082;1.074936;0.308767;-1.197965;-0.086195;-0.861628;0.037897;1.615809;-0.935772;1.982774;-0.067844;-1.100407;0.782353;0.464793;-0.486598;0.222491;-0.054213;-0.032415;16.22;0
86779;1.682364;-2.022541;-0.772467;-0.401432;-0.739757;0.550003;-0.366041;0.587758;-1.095159;0.23362;-0.008475;0.813918;-1.31896;-2.084463;0.042224;-1.424782;1.282107;0.585022;1.077263;1.261084;-0.398104;-0.359178;-0.514206;-0.164298;0.239753;0.489772;-0.577103;-0.106056;28.41;0
86856;1.021175;-3.188897;-2.748682;-2.783547;-1.115715;-0.962805;0.159808;0.986956;-0.688903;1.280597;1.6765;0.57279;1.257903;-0.159383;-0.222459;-0.964402;0.995222;-0.284332;0.082993;-0.615223;-0.467829;-0.005637;0.203009;0.679937;-0.34454;-0.00861;-0.101152;-0.179887;61.18;0
86863;-1.656384;-0.278831;0.413312;-0.197012;-0.190644;2.323805;-0.710231;-0.834451;0.090427;0.043106;-0.000558;0.422114;-0.553724;0.10601;-0.471963;0.438904;0.566626;0.926272;1.457943;0.092825;0.128821;-1.251995;0.09689;-0.68877;0.550502;0.295686;-0.026867;-0.326911;6.38;0
86870;-0.267688;-1.407326;-1.30721;0.296718;-1.182684;-3.216976;-1.05967;1.161451;1.443563;-0.518483;-0.112503;-0.718761;-0.201183;0.68093;-0.00954;-0.171245;-0.258189;-0.201196;1.498066;-0.451092;-1.335212;0.819223;0.850094;-0.327137;-0.459769;0.183085;-0.302273;0.183509;19.25;0
86942;-1.030907;-0.709687;0.467792;-0.117408;0.00283;0.350184;1.76726;0.674176;-0.834852;0.721247;-0.673975;0.151056;-1.040721;0.458671;-0.507132;-0.51846;0.806746;0.506986;0.986015;0.499858;-0.391727;-0.144953;0.492129;0.581104;0.14302;0.527426;0.044213;0.39328;2.21;0
86991;5.065399;-1.942448;-1.929324;0.886653;-0.446384;0.076787;1.439418;-0.276079;0.364156;0.975882;-0.821336;0.785443;-0.767483;0.600062;1.026976;0.360007;-0.534336;0.453715;-1.048292;-0.058694;2.921372;0.018207;-0.298222;-0.401412;0.582735;0.261243;0.142218;1.087274;19.44;0
87308;0.966903;1.821453;1.41375;-0.731431;-0.657361;-0.353549;1.212891;-0.61361;-1.330365;1.337681;0.419883;-0.230723;1.547797;-0.029428;-1.923313;-1.737646;0.644196;0.002243;1.132926;-1.438912;-1.135005;0.793887;0.664964;0.035238;-0.699043;0.893052;-0.018497;0.121743;28.78;0
87418;0.294186;-1.414382;1.133815;-1.724032;-0.64874;-0.683883;0.373031;-0.162861;0.958397;0.051128;-0.459216;-0.192536;0.102375;2.052399;-0.132464;-0.220689;-0.646921;-0.608294;-0.112438;-0.699127;-0.287613;-0.527651;-0.067024;-0.427688;0.313176;0.12983;-0.369037;0.37253;46.69;0
87650;0.851693;-1.017359;-1.045877;-1.349501;1.423949;0.111276;0.471748;-1.105095;-0.767006;0.607941;-0.171688;-0.455523;-0.314913;-0.797841;-1.739693;-0.96392;0.233007;-0.023146;-0.2349;1.031396;0.200319;1.06653;0.420007;-0.131539;-0.185934;-0.459291;0.187463;0.071588;47.44;0
87690;2.619367;0.383738;0.56307;-0.66239;0.55952;1.432714;-1.008445;0.359713;0.63065;0.951527;0.222132;-0.2721;-0.320261;-0.294427;-0.978103;-1.178469;-1.272004;-0.398235;-0.350584;-0.158525;-0.141111;0.003993;0.173307;-0.042233;0.440636;0.618279;-0.647248;0.233036;128.49;0
87715;-0.232591;-2.651543;0.14521;-0.674575;-2.308691;-2.204007;0.169004;0.714597;0.687446;0.288231;0.084963;-0.75559;-0.0281;1.602291;-0.534896;-0.442831;0.870546;0.221182;-0.293964;-0.165561;-0.56764;0.570222;-0.142138;0.287515;0.191864;0.314305;0.162565;-0.023788;3.29;0
87881;-1.220323;-2.779451;2.258272;3.486694;1.268521;-1.051963;-1.175435;1.44063;-2.047525;1.528191;0.15766;0.033831;0.663559;-0.364315;1.209025;2.185511;-0.402334;0.354887;0.313519;0.525261;0.696654;0.319654;-0.830639;0.101079;-0.217189;0.232895;0.123361;-0.095242;3.56;0
88257;1.576352;0.389048;-1.539043;1.85225;0.762849;-1.376922;-1.316059;0.403964;0.18026;0.800009;0.153943;-0.307073;0.156085;-0.095809;1.03985;0.566287;-1.197376;-1.655306;1.852822;0.733765;0.099046;0.49464;0.116085;0.436145;-0.048754;-0.756024;-0.086585;-0.078225;73.22;0
88360;-0.411142;-1.039759;-0.20997;1.045127;0.681371;-1.439399;-2.015687;0.515668;-0.606257;2.142324;0.657093;-1.449503;0.176587;0.398017;0.05615;-0.984927;-0.848744;0.283631;-1.337862;-0.058597;-0.465117;0.054735;-0.42851;0.239194;-0.955465;0.729523;-0.204302;0.625875;1.56;0
88418;-2.156296;-1.829587;-0.947432;0.703338;1.275317;0.475856;0.493529;-0.268929;0.498362;1.090304;2.713851;2.584933;-0.916246;1.130763;0.048115;1.075608;-0.283554;2.457236;1.564159;-1.657817;0.615807;-0.337049;-0.772676;-0.121915;0.452401;0.490771;-0.49106;0.588326;43.6;0
88490;-2.536139;0.773836;0.087675;0.495677;0.070741;0.803819;0.192953;-0.990183;-1.011467;-2.010113;1.273897;-1.017054;-0.312047;0.146323;0.934114;-1.139869;-0.804501;-0.266071;1.212366;-0.608362;-0.394959;1.395909;0.504887;-0.371665;0.987904;0.153877;-0.212836;-0.27643;5.64;0
88593;2.912128;-1.674624;0.825243;0.503101;0.905715;1.436587;-0.385577;-0.461619;-0.689575;-0.344226;-0.349536;-0.123347;0.12026;-0.838394;1.019533;1.345228;0.599344;0.830694;-0.153944;-1.640856;-0.64867;-0.014498;-0.401136;-0.557898;-0.282617;-1.39499;-0.325393;0.165023;350.45;0
88817;0.186707;-0.744906;-0.964229;0.301866;-0.590971;0.82478;-0.54792;1.749404;1.268312;-1.673451;1.259817;0.070556;-0.059943;-0.383674;-0.533066;-0.765744;-0.258852;0.623255;-0.413104;-1.067679;0.419094;-0.790319;-1.129251;-1.663845;-0.019678;-0.165748;-0.403339;-0.086457;48.22;0
88860;-1.219656;-1.820306;-0.5298;0.126969;1.219661;0.932569;-2.279332;0.804556;1.183184;-0.606314;-1.054867;-0.519519;-0.429239;0.528406;0.602213;0.106392;0.784075;-1.379524;-1.101134;0.069355;-0.964149;1.057545;-0.008612;-0.070203;0.817657;0.937188;-0.481727;0.591746;23.84;0
88960;-0.526953;0.254946;1.478722;-2.900447;0.350997;-1.857705;0.307935;0.534803;-1.143516;-0.314785;-0.557583;-0.078821;-0.517204;-0.273306;-0.880368;1.845353;-0.263297;0.418071;-0.745571;0.045592;1.27323;-0.223755;-0.10425;-0.697261;-0.933095;0.233736;0.52559;-0.391691;208.84;0
89095;1.504517;2.034492;2.06956;-0.454161;-1.850207;1.993139;-0.40127;-2.110291;1.926008;1.036911;0.741021;-0.800359;0.388142;-0.438609;-0.364414;-0.298327;0.596688;-0.706125;-0.501822;0.992066;1.096745;-1.240715;-0.048284;-0.534448;0.2619;-0.592892;0.305629;0.375588;6.72;0
89217;-0.642141;-3.489599;0.765209;-0.271227;1.480211;-0.258978;1.101037;0.422248;-2.890265;-0.389225;0.709384;0.729908;0.411789;-0.88472;0.530725;1.627214;-0.012273;-0.165912;-0.093569;-0.015218;0.389232;-0.593445;-0.048999;-0.183328;0.870328;-0.27306;0.976937;0.033049;8.93;0
89461;-2.896368;-0.075102;-0.188324;-0.993542;-0.127888;1.393885;0.171302;-1.532322;0.186037;1.609687;0.633567;-0.012016;0.919836;1.155743;-0.608507;-0.05348;-0.243064;-1.225807;-0.033943;-0.666159;-0.434994;-1.409815;-0.633725;-0.317853;-0.327513;-0.195287;0.094352;-0.612225;4.99;0
89567;0.56539;1.211898;-0.331976;-0.719658;-0.320009;-1.810302;0.865172;-1.447459;-1.462896;-0.638699;-0.582104;0.721209;0.157952;-0.106714;-0.333041;-0.066653;-0.914943;0.371515;0.606522;0.936246;-0.789502;-0.560339;-0.257574;0.334041;-0.281834;0.55332;0.288155;0.634167;9.05;0
89647;2.286278;-0.999157;0.847671;0.497064;-0.560881;-0.301088;-0.018978;-1.31416;0.358517;-0.224441;-0.575113;1.465197;-2.023166;-0.100628;-1.51945;-0.769747;0.038353;-0.286468;0.517602;1.35838;-1.888119;1.265838;0.634342;-0.101641;0.690802;-0.739392;-0.028717;-0.57122;36.29;0
89655;2.155855;-2.226703;0.363928;1.159978;-0.459722;1.274211;0.215281;-0.869672;-0.337808;-1.261284;0.153774;-0.268416;2.233959;0.662694;0.400247;1.252925;0.612441;1.130045;0.183327;0.715762;1.169659;0.330449;0.520081;0.992347;-0.567438;0.517981;0.604756;-0.336654;69.47;0
89669;-1.160693;0.458267;-2.469954;0.494916;0.366897;0.05714;1.144597;1.041733;-1.169403;1.664557;-0.237336;0.775714;-0.038449;-1.297866;-0.81313;-0.426134;-0.611261;-1.142055;-0.045336;-0.041789;-0.717689;-0.003419;-0.229178;1.338374;0.44821;0.386951;-0.020652;-0.41027;140.07;0
89817;2.404887;1.462861;0.884302;1.124271;-1.31286;-0.98278;-0.248563;0.319645;-0.861146;1.810387;0.925939;1.530982;-0.423622;0.050308;-0.75723;1.686538;-0.030725;0.763305;0.915937;-0.227182;0.248493;-0.415751;0.352806;-0.186724;0.195263;1.098711;0.389773;0.429533;2.14;0
89868;0.345252;1.270603;-1.27946;1.149353;-2.114685;1.762052;0.5751;-1.072344;-0.915293;-0.054016;-0.262881;-0.112233;-0.085834;1.455109;1.223265;-0.542443;-0.494357;0.353935;0.670026;-0.90751;0.135256;-0.099411;0.047684;-0.516664;0.590376;0.261121;0.074316;-0.201196;25.59;0
89884;2.350237;0.363023;-2.119574;-0.355582;-1.418962;-1.537981;-0.55997;-0.641082;0.034023;-1.523926;-0.292949;0.694188;-0.41025;-0.05128;-0.635476;-0.390664;1.645147;-0.720999;0.350423;-0.598389;-1.230933;0.802615;-0.214438;-1.075576;-0.066298;-0.607237;0.735905;-0.383763;6.28;0
89909;1.04869;-0.100609;-2.499201;0.815937;0.576771;-0.007168;-0.172573;0.642994;1.022198;-0.136924;-1.638358;-0.450629;-0.815956;0.220735;0.674763;0.89348;0.248313;-1.2983;-0.338659;-0.33523;-0.451237;-1.315946;0.762927;1.114961;0.79861;-0.023538;-0.192782;0.202295;24.34;0
90244;-3.037114;-1.825292;-0.306318;-2.409849;-0.173475;0.871427;1.96597;0.88039;2.104691;0.343049;0.912837;1.19524;0.559971;0.199284;0.990298;-0.08546;0.057352;-0.243528;0.885575;-1.009694;-0.837127;2.116388;-0.56481;-0.4416;-0.200177;-0.485812;0.459169;-0.365841;1098.0;0
90328;3.336141;1.226874;-1.514952;-0.475742;1.586207;2.807268;0.784228;0.209023;-0.237984;-0.602;0.348825;-0.4848;-0.172604;1.028891;0.824742;0.263815;-0.437748;0.19879;0.666245;-0.247895;0.568952;-0.635512;0.180049;-0.329574;-0.766244;0.190563;-0.043322;0.153661;51.31;0
90386;0.030979;1.131225;-3.492806;-0.642629;-0.03958;-0.589613;-0.681409;-1.315514;0.278696;2.652429;-2.311723;0.706033;-0.115862;0.203176;-0.236734;-1.141921;0.740174;-0.895082;-0.209225;-0.206838;0.601137;-0.17964;-1.041316;-0.426786;-0.801274;0.854023;-0.334491;0.120374;127.64;0
90391;1.054748;-2.238841;-0.521268;2.244484;1.212668;-0.34768;0.51442;-0.440906;1.254837;2.079622;0.473919;0.995167;-2.432695;2.379841;-0.398748;0.106979;-0.020584;-0.797171;-1.563168;0.991281;-0.188162;-0.115051;0.213515;-0.199266;-0.567675;-0.420445;-0.020498;0.083503;627.06;0
90615;-2.690887;0.36055;-0.720762;0.548664;-0.906084;-0.571439;-1.597177;2.88338;-0.54383;-1.816215;-0.3892;-1.157187;-0.247429;0.232025;-0.841118;0.336539;-0.075821;0.831981;0.066955;-1.236658;-0.625213;-0.133956;-0.419226;-0.290936;0.351673;0.456465;-0.899254;-0.642772;179.65;0
90636;0.915387;0.859385;-0.206351;-1.824925;-0.550496;0.337165;-0.284278;-1.39094;-0.911393;-1.167646;0.811462;-0.650043;-1.063544;-0.408323;-1.612972;1.52738;-0.083028;-0.656448;-0.570773;0.14276;0.127211;-0.483687;-0.246662;0.504345;-0.390562;-0.303371;0.373936;0.383744;16.91;0
90678;2.080709;1.256057;-0.929636;0.914309;0.063143;0.801945;-1.192246;0.49617;2.093268;0.590008;-0.087212;-0.690109;-0.531539;1.461469;0.692728;-0.411015;-0.97114;0.487124;0.570967;-1.037959;0.798216;0.629862;-0.190515;-1.674953;-0.009826;-0.759881;0.266435;0.483699;4.89;0
90839;3.703875;-0.399732;2.782288;1.361892;-0.152828;1.474107;0.550364;2.573791;-0.247744;-1.078347;-0.800462;1.079134;0.196829;-0.192259;0.606247;0.306999;1.266421;1.02384;0.164886;-1.496108;-1.09153;0.82144;-1.38548;-0.114454;0.047236;0.783351;0.75944;0.313098;31.65;0
90962;2.66078;-1.753592;0.801179;-0.057323;-0.281704;1.025544;-0.244275;-0.275446;0.189071;0.289367;1.783628;-1.153594;-0.618971;-0.565617;0.424047;1.074995;0.770862;-0.675576;-1.364912;-0.370579;1.532249;0.68781;-1.01074;0.437976;-0.402856;0.114025;-0.384815;0.250763;14.13;0
91187;1.010738;-1.138661;-0.734416;1.050163;-1.153518;-0.641508;0.341513;2.232227;-1.814254;0.101668;1.623407;0.332432;-0.48652;-1.13089;-2.592698;0.047509;-0.012329;-1.0496;0.228761;0.024529;-0.187968;0.064149;0.504674;-0.42114;0.081285;0.240804;-0.297399;-0.056728;3.36;0
91400;-3.081536;-2.012542;-0.076077;-3.473904;-2.138076;1.101783;0.949983;-0.768345;-0.626194;0.046871;-0.169393;0.729213;0.062714;0.469609;-0.171264;0.96583;-0.108668;0.732479;1.37924;0.989612;-0.096746;-0.424321;0.054848;0.358876;0.489298;0.422236;-0.505207;0.569897;47.53;0
91524;0.187932;-0.358335;2.15611;-3.763038;0.920803;0.141756;-0.580666;-2.300125;2.025853;1.200492;0.400091;0.177695;-0.516253;-0.429162;0.562878;2.208481;-0.778171;-0.251009;-0.133761;-0.19732;1.159939;-0.133601;0.894184;0.054596;0.018591;-0.833369;0.146245;-0.457142;49.34;0
91786;-1.225394;-0.697112;1.4645;-1.60371;0.766579;1.011185;-0.536361;-0.639341;0.459087;2.060087;-0.448411;1.271986;-1.043101;-0.73626;1.160763;0.036035;-1.289375;-0.368591;-0.016791;-0.40464;-0.050727;-0.062255;-0.858107;-0.437857;0.477599;-0.130186;-0.166112;-0.748564;470.44;0
91818;0.388207;3.440913;-2.08828;0.281636;-0.79714;1.087149;-0.055926;-0.851669;-0.08155;0.521725;-1.720619;-1.895348;-1.682645;-0.533181;0.262012;1.174795;-0.777617;1.200058;-0.287868;-0.530504;-0.086738;-0.705908;0.517742;-1.105446;-0.196128;-0.804905;-0.330032;0.411772;19.25;0
91949;-2.441835;1.277791;-1.451179;2.245673;0.57286;2.188067;-1.077015;-1.937512;1.483087;-1.231166;1.364052;0.611836;0.293113;-0.338788;0.166442;0.463061;0.963521;-0.224991;0.048384;-0.388484;-0.67682;0.128273;0.275628;0.247984;0.138093;-0.256449;0.160048;-0.578649;50.41;0
92031;-0.479825;1.407318;-1.160589;-1.529527;-0.179695;-0.451606;-0.023904;-0.446764;-1.859607;0.246835;-0.793696;-0.169936;-0.525844;0.809406;-0.627747;0.764553;-0.35256;0.233228;1.237506;-2.701792;-0.431278;1.29566;0.711998;0.194166;0.050516;0.563146;0.44091;0.362654;12.2;0
92036;-1.078507;0.54544;-0.643947;-1.142222;1.576517;-0.705585;0.041538;1.229285;-0.506224;-0.546725;1.319012;-1.480077;-1.6289;0.474194;0.334486;0.630411;0.910855;-1.353646;0.844978;-0.62085;-0.525484;-0.122231;-0.076701;-0.451783;0.558368;0.220267;0.042518;-0.468308;122.7;0
92182;-1.138924;-0.90546;-0.879089;0.195821;-1.760918;0.614727;0.273886;-0.657003;2.452487;2.261578;0.731173;-1.060287;1.165836;-0.128759;-0.225518;0.948519;-0.045801;-0.064135;-0.476409;0.627201;-1.29895;0.359942;0.061075;0.463531;0.220818;-0.302379;-0.191521;0.21156;27.47;0
92582;-1.119561;-0.746425;0.071354;-0.629093;-0.124882;1.592748;0.510243;-0.397444;-0.104966;0.845546;0.312903;1.55945;0.294504;0.548406;-0.673722;0.890256;-0.766836;-0.740275;-0.068944;-1.879249;-1.528587;-0.472982;-0.554045;-0.295888;-0.333845;0.01211;0.468685;-0.244131;5.7;0
92637;-0.334917;-0.588094;1.130939;-0.709851;-0.235034;0.097225;-1.997864;1.680905;-0.112575;0.528746;-0.021735;0.635899;-1.170433;-0.092087;-1.063257;-0.051837;-0.651245;-0.42585;-0.016301;-0.309645;-0.179067;0.637741;-0.177771;0.631004;0.253687;-0.071268;-0.101644;0.129866;32.45;0
92789;0.48808;0.055644;1.383017;-0.528494;0.27234;1.679457;-1.603551;-0.840442;1.24706;0.79807;0.73547;0.803889;-0.706451;0.208304;-0.870601;-0.47926;0.192076;-0.475323;0.323447;-0.212303;-1.018172;-0.4736;-0.31464;0.184831;-0.497267;0.152346;-0.107582;0.46574;59.49;0
92812;-4.942062;0.403264;-0.473464;1.937;2.17125;0.937778;-1.457308;0.786524;1.323521;0.048184;-0.929017;0.959375;0.974555;-0.630263;0.285678;0.384331;-1.412763;1.093168;0.338369;0.56162;0.466441;-0.297514;-0.831807;0.902798;0.210026;-0.30643;0.20518;-0.276401;48.57;0
92862;-4.704044;-0.268774;-2.448387;1.654911;-0.12073;-0.247617;0.104834;-1.981845;-1.481701;1.45474;1.381105;-1.333256;-0.198411;-0.621396;-1.272968;-1.268723;-0.679651;-0.557031;-0.087642;0.099848;-0.17115;0.372543;0.074422;0.221438;-0.015909;-0.060053;-0.274284;0.546778;158.99;0
93198;-0.730448;-0.772735;-1.551019;0.103326;1.075522;0.769236;-0.362626;-1.099709;0.420763;-0.532269;0.166072;0.253271;-0.431635;0.155294;-0.277638;0.554388;-0.410105;-0.449205;-1.018333;0.334753;-1.174853;-0.713323;0.573993;0.017095;0.077973;0.074122;0.409803;0.005749;3.77;0
93224;-0.45565;-1.29782;-0.76486;2.419362;-0.153986;-0.55832;-2.821978;-0.203983;1.88137;1.136441;1.544925;1.097434;0.690648;0.157447;1.180106;0.666373;0.685672;1.289001;-0.102871;-0.564382;1.103074;0.31141;0.721548;-1.149592;-0.020822;0.208638;-0.367028;0.03848;9.35;0
93309;0.298767;-2.679282;-1.860002;0.79282;1.52786;0.337338;2.404336;1.488853;-0.757393;1.825283;-0.104757;-0.388577;-0.191104;0.980734;-1.315048;-0.147395;0.223331;-0.299738;-0.30359;-1.34389;-0.321274;0.756802;-0.51258;0.032742;-0.316626;0.107524;-0.244036;0.391427;86.46;0
93422;-1.488961;1.950246;1.742697;1.70853;1.088931;-1.407302;-2.476322;-1.035923;-0.459674;-0.797204;0.165354;1.358822;1.150484;0.489352;0.398825;0.048879;0.141163;-0.521178;-0.736932;-0.398114;0.366023;0.117303;-0.032574;-0.145929;-0.381053;-0.802663;-0.461016;0.433394;11.16;0
93531;-0.051543;3.545566;-1.761107;-1.151976;-0.409975;-0.070648;0.027725;-1.050226;-0.018299;0.458046;0.28917;-0.59648;-0.426192;-0.462269;0.487933;0.812436;0.378507;0.924042;0.628594;-0.09986;1.190219;0.625471;-0.093465;0.985249;0.561915;-0.61738;0.345284;-0.021665;47.5;0
93536;0.17672;1.804853;0.951765;-0.858221;-0.509315;1.349587;0.688583;0.374099;0.713779;0.544044;0.607524;0.133514;-0.577555;-1.21887;-0.275076;0.667489;0.86934;0.013397;0.005564;0.901616;-0.034699;-0.929986;0.904252;0.130215;0.978733;0.305754;0.542042;-0.505889;0.88;0
93594;-1.502388;-2.448184;-2.519639;-0.873423;0.722006;1.040305;-0.902536;0.565135;-1.620432;-1.081221;1.867091;0.403559;-0.014072;0.857287;0.556143;0.825574;0.023488;0.073707;-0.846525;-1.089324;0.000208;0.322703;1.097503;0.47733;0.140816;-0.124596;-0.061027;0.01657;1946.76;0
93640;1.906239;1.091539;1.012374;-0.053146;-0.85446;0.84572;0.78355;-1.182362;-3.47378;-1.40219;-0.42683;0.757052;0.89609;0.328404;-0.181114;0.693763;-0.909482;0.251062;1.593784;1.618375;1.039827;-0.32844;-0.819024;0.856372;0.016525;-0.217789;0.178639;-0.496492;22.1;0
93769;0.275123;1.501133;-0.190296;0.155077;0.313073;0.402348;-1.26014;-0.571056;0.187043;-0.908438;-0.11046;-0.274859;0.209533;0.940454;0.713702;0.103547;0.141587;1.125275;0.327363;0.142834;-0.224558;0.277427;0.291619;0.817108;-0.638522;-0.123141;0.14671;-0.029187;198.53;0
93778;0.996574;-0.967947;2.303921;0.530332;-0.440999;0.232595;0.202166;1.343126;1.232466;0.033238;0.00038;1.011991;0.069403;0.450412;-0.981956;-0.003089;-0.742738;-0.868523;0.631472;-0.576108;0.773423;1.138864;0.319295;-0.053071;-0.914839;-0.123798;0.1187;-0.116019;19.98;0
93783;0.064249;0.575844;-1.68866;2.871809;0.557982;-1.665186;-2.713878;-1.354211;-0.393155;0.546565;-2.341754;0.433734;-0.805091;1.742764;1.709035;0.381648;-1.7994;0.961315;0.838936;-0.616069;-0.064071;-2.149146;-0.134313;1.298645;-0.836088;-0.866073;-0.463003;-0.475959;61.69;0
93926;4.032163;-1.059404;-0.831813;1.094215;-0.172204;-0.254094;1.444804;0.456357;-0.72144;-0.312887;-0.546005;-1.612406;-0.946144;-0.197725;1.297898;1.289074;0.142483;-1.254723;-0.363263;-0.112957;0.114328;-0.446914;-0.793011;-0.308714;0.275935;0.847356;-0.261939;-0.291899;310.41;0
94088;1.092974;2.375047;-0.539353;-0.661004;-0.905762;0.262879;-0.008914;-0.565865;-0.233663;2.1944;-0.479644;1.828207;0.897145;0.049752;-2.039042;0.242561;0.424387;-0.684911;0.430362;-0.042108;0.104131;-1.649432;0.427366;0.811597;-0.923222;-0.055216;0.304016;0.421578;190.32;0
94283;-1.021587;0.362092;-0.210275;0.06535;1.575324;-1.475457;-1.987443;1.719072;1.707301;1.208532;2.710865;-0.938287;0.998009;0.768852;1.056907;1.15854;0.278304;-0.75317;-1.573171;0.020186;-0.279962;-0.886343;0.744071;-0.455408;0.342353;0.007127;0.486514;-0.106807;24.37;0
94472;1.530885;-1.856679;-0.502431;2.207018;0.380588;-2.309835;0.769655;0.7407;-0.781018;0.58342;0.28364;1.909811;0.967051;0.838495;-0.535088;-1.778819;0.41459;-0.118477;0.769512;0.500932;-0.400399;-0.342196;-0.349127;0.524618;-0.570604;0.038596;0.379655;-0.151382;27.03;0
94624;-3.26333;0.888768;-0.473285;1.180269;-0.023948;1.521348;2.013869;1.09787;0.577311;-0.379188;0.523352;-0.146109;0.729409;0.324012;1.293584;0.293019;0.938625;-0.630188;-0.065137;-0.499115;-0.486398;0.619157;0.731762;-0.58792;0.082998;0.471494;0.006634;0.177454;149.21;0
94821;0.163221;1.561691;-0.498024;2.188331;0.629584;0.087615;-1.158749;-0.589725;-1.318928;0.166116;-1.478039;-0.330469;0.398656;-1.517451;0.908071;0.082727;-0.8534;1.067639;0.416648;0.091881;-0.955801;0.581629;-0.007499;0.377429;-0.211982;0.334983;0.320859;0.54094;1096.49;0
94906;0.552363;0.072768;-3.107482;-0.61541;-2.256239;0.299272;-0.270663;1.031173;-1.266276;1.290695;-0.043982;0.405246;0.383961;-1.687247;-0.999322;-1.455911;-0.353683;0.436876;-0.066856;-0.247939;-0.336013;0.560802;0.871601;-0.520896;-0.551533;-0.036676;-0.614981;-0.192582;44.19;0
94959;0.18549;0.559434;1.519935;-0.940559;2.934455;0.758984;-0.648382;1.000188;0.879547;1.092815;0.974821;-0.681627;0.09825;-0.360511;0.513328;-1.323379;-1.1269;-0.012281;1.462339;1.277973;-0.203709;0.40333;0.870364;-0.632415;-0.719918;-0.427589;-0.807933;0.38614;623.65;0
95188;-0.720869;-0.390673;4.340316;-0.919803;0.084069;-1.286282;-0.965069;0.668192;1.747806;1.081026;2.586979;-1.857056;0.509589;0.030942;-0.647767;0.415962;0.366434;-0.737671;0.981578;-1.382095;0.287496;-0.965565;-0.024605;-0.589449;-0.896043;0.605982;-0.550154;-0.000548;23.05;0
95370;-2.043933;-2.232305;0.470389;-0.500821;-2.659179;-0.516649;-1.095697;-0.286305;0.927902;-0.240996;-0.677984;-0.098216;-0.070023;-1.783266;0.479615;0.104274;1.036779;1.177141;-2.124833;1.661773;-0.077371;0.577477;0.248764;0.303767;-0.562665;0.027457;1.128596;0.637395;138.09;0
95394;-1.609227;-0.532499;-1.694984;-1.439862;1.70199;2.02041;-0.811608;0.2435;-2.309212;-0.479955;-1.831891;0.381302;0.5069;-0.018617;0.031893;0.705611;-0.488249;0.082621;0.437742;-0.670373;0.776499;-0.488003;-0.4455;0.301638;1.156444;0.291513;0.831246;0.35204;172.73;0
95706;0.129046;0.634859;-1.542153;0.489174;-0.986916;-0.629912;-0.744552;-2.154724;-0.511939;-1.465839;-0.770875;1.532392;0.850857;0.63514;-0.673836;-2.275189;0.601183;-0.210658;-0.238422;-0.825839;0.743661;0.322494;-1.016586;0.29902;0.678109;-0.531448;-0.638964;-0.120369;17.9;0
95762;-2.241363;-0.491486;0.945893;0.51359;1.490324;-0.333588;-0.452015;2.143215;0.212809;0.666114;-0.766753;-1.169447;-1.237452;-0.046832;-1.226653;0.951084;-0.681645;-0.114295;0.46974;-0.218051;0.972024;-0.660985;0.145452;0.135013;0.094569;0.318053;-0.089028;0.091452;10.8;0
95792;3.381827;1.115324;0.602059;1.971065;0.217763;-0.870419;-0.542055;-0.668668;0.015532;-1.565191;-0.757217;0.584421;1.022461;0.293321;0.199366;0.957579;0.535118;-0.186389;0.458494;0.176379;-0.157709;-0.129936;-0.9191;-0.295265;-0.190528;-0.698318;-0.172727;-0.264415;184.58;0
95939;-5.21975;-0.948474;-0.409278;-2.429573;-2.117172;-0.965336;0.933852;-0.348472;-2.161643;0.073094;0.945657;-0.092861;-0.085499;0.574305;0.412306;-1.207268;-1.941114;0.710734;-0.611818;-0.269714;-0.383037;-0.048742;1.287709;-0.440066;-0.305046;-0.194689;0.517879;0.053734;14.92;0
95967;-0.700704;-0.835002;1.157641;-1.270661;0.410541;1.49029;0.823127;-1.51818;-1.476915;-0.368087;0.36964;0.042711;1.369872;-1.527217;-0.15364;1.249036;1.28947;0.949497;-0.103794;0.470064;-1.008258;0.248766;0.695863;-0.631382;0.057059;0.065123;0.261893;-0.273117;8.66;0
95979;0.14526;1.167838;-3.096466;1.213924;0.309039;-3.273986;-1.911541;0.850745;-0.931936;0.332487;-1.130987;0.972324;1.189648;0.636479;-0.714454;1.58556;-0.957635;-0.777793;-0.835709;-0.336092;0.94515;-0.604325;-0.103975;-0.667933;-0.296825;0.85128;-0.151085;-0.227526;11.87;0
96209;0.919471;0.113805;1.158634;0.330532;1.639445;-0.587828;-0.746052;0.67976;-0.124365;1.360453;1.464527;-0.496309;-1.019522;-0.694192;-0.449725;-1.163609;0.125291;-0.54792;1.193701;-0.485616;-0.85276;0.476333;1.643724;0.739948;-0.300328;0.322598;0.224974;0.386284;14.83;0
96215;-1.856053;-0.982278;0.379019;0.133619;0.770586;0.319795;1.540691;-0.301664;-2.177448;1.565479;1.950897;0.175851;-0.029391;-0.218582;-1.007568;0.104726;1.188132;-0.506025;0.255101;-0.701919;-0.667804;-0.945451;-0.400808;-0.645896;0.25308;0.704331;0.309267;0.075342;119.69;0
96492;2.141875;1.518483;-1.483881;1.864672;-1.660388;2.276732;0.354591;-2.72826;0.610248;0.8556;-1.719109;1.089038;-1.8212;-0.624648;0.659854;0.184406;-1.024501;0.268686;0.340296;0.980561;0.154789;1.22438;-0.253314;-0.568605;-0.524888;0.225406;-0.744826;0.119851;71.71;0
96706;-2.787971;-1.461513;-2.144319;-1.364135;1.433132;-1.48985;0.404744;-0.796751;-0.152281;-0.743036;1.221201;1.029304;-0.400634;1.040931;-1.974991;-1.571923;1.493211;0.838372;0.236193;0.305974;-0.235465;-0.541166;-0.260809;-0.608882;-1.289849;-0.543879;0.212783;-0.163967;96.88;0
96707;-1.173951;-1.527622;0.203204;-0.964796;-0.521409;-1.716543;0.286333;0.597427;-1.197524;0.065656;-0.15352;-1.198082;0.31151;-1.115523;0.85607;-0.280435;1.788655;-1.153353;-0.868447;-0.88084;1.046533;-1.409427;-0.049674;-0.809287;-0.304171;-0.541092;-0.007637;-0.102077;62.31;0
96930;1.140458;-5.164946;2.14493;-1.132047;2.423966;-1.123933;-0.33446;0.349192;0.162946;-0.862403;-0.940854;-0.596809;0.783076;1.336091;-0.079103;1.245611;0.572526;-0.878954;0.502583;-0.338292;-0.570307;-0.05191;-0.202218;0.185838;0.755026;0.37308;-0.458156;-0.117407;13.59;0
96989;1.958368;-1.228366;-0.324421;-2.788329;-0.439596;0.953268;-0.060899;-0.00498;-1.634025;-0.623091;-1.464299;-0.132289;0.036467;2.306155;0.464694;-0.746777;-0.005543;-0.288622;1.435979;-1.009364;0.011225;-0.296547;0.273068;-0.326909;-0.846712;-0.490858;-0.236584;-0.194424;94.22;0
97605;-2.807803;1.99408;-1.267554;0.258601;-0.241582;0.18663;-0.510835;-0.454498;-0.107294;0.615836;-0.441841;0.815799;0.395049;-1.479075;0.553978;1.619223;-0.178932;0.448357;-1.270441;2.108833;-1.362496;-0.660983;-0.629238;-0.099918;-0.643959;-0.756504;0.113422;-0.207009;195.13;0
97655;5.087822;-3.855066;0.308845;-0.672451;-1.08425;-1.898705;1.051112;-1.828558;-2.030789;-0.971888;-0.512293;-0.238691;-0.70434;-0.552611;0.096736;0.334322;0.473847;-0.790417;0.055038;0.150991;0.889479;0.968921;0.069309;-0.071085;-0.331009;-0.478235;0.049904;-0.285465;79.58;0
97758;-1.820109;-1.916822;2.769516;-0.970719;-0.638065;0.152412;-0.499525;1.197006;-1.870263;-0.405303;0.170444;0.091911;-0.048259;0.59795;-0.364927;-0.686411;0.621724;-0.324294;0.605285;-1.522104;-1.233331;0.543518;-0.346369;0.176085;-0.830901;0.131411;-0.075853;-0.455863;65.01;0
97875;-2.628756;0.489589;0.671263;-1.227064;-1.002858;2.083412;-0.150066;-1.663744;-0.549451;-1.076066;2.208964;1.247806;-0.596552;-0.943712;0.996581;0.049707;-1.751242;-0.606036;-0.616297;-1.03715;1.806031;0.332686;0.028859;0.061776;0.781852;-0.388944;-0.12068;-0.024972;10.48;0
97980;0.910294;-4.15362;0.834497;0.0448;1.673499;0.371759;0.901818;-0.193057;-0.837894;0.807544;-0.49808;-0.325273;0.241256;-0.251;-1.570941;-1.277844;-0.264955;0.636314;0.583163;-0.952824;-0.095699;-0.687883;-0.681407;0.722117;0.050864;0.615027;0.022232;-0.314134;45.5;0
98071;-0.749172;-1.153509;1.866426;-1.063926;-1.787481;0.238862;-0.416462;-1.18152;0.372718;-0.302998;-1.414696;1.468427;1.304139;0.178842;1.174631;0.386847;-0.522852;-0.092014;0.02644;0.23534;-0.219792;-0.381599;-0.546003;-0.407425;-0.924826;0.209238;-0.642248;0.547972;9.68;0
98141;-1.037302;1.703693;0.733562;0.384626;1.16032;0.318907;-0.097693;1.232491;-0.070522;-2.32582;-0.316782;-1.579379;-0.084659;-0.674308;-1.032226;-0.15919;-0.647311;-0.61211;-0.587189;-1.29733;-0.033097;-0.439953;1.307608;-0.361197;-0.066565;0.092694;0.686083;-0.441459;31.94;0
98204;1.091506;3.264435;-1.159264;0.722036;1.193551;0.571289;-0.454166;0.742613;2.260435;1.870669;1.082847;-0.378824;-1.346251;0.088704;-0.306303;-0.365064;-0.630352;-0.988124;-2.042752;-1.041503;-0.794045;-1.315357;-0.581144;-0.054246;-0.020386;0.190029;-0.145083;-0.13333;2.83;0
98477;-3.048227;0.232127;-2.614293;-0.3483;1.951016;-1.665245;-0.120775;-0.375071;-0.341678;1.194581;-0.232635;-1.341493;0.158425;0.920787;1.292494;-1.26257;-1.132939;-0.332679;-0.090468;-0.183506;0.470261;0.195417;0.31455;-0.044704;-0.125479;0.295844;0.202409;0.242245;2.86;0
98507;-3.389162;-1.872788;-1.371696;-0.444704;0.110391;-0.288459;-0.412159;0.872509;-3.679351;-2.106682;0.684507;0.125532;0.647218;-0.065183;2.018813;-0.061214;1.31289;-0.221723;-0.069389;-0.053844;-0.308245;0.248042;-0.342821;-0.904588;-0.086076;0.302952;0.6472;-0.706713;24.86;0
98601;-1.234976;-1.931023;-1.648137;0.333397;-1.366837;-0.219076;-0.674462;-1.72517;-2.287773;0.890966;0.193396;0.753482;-0.911305;-0.987108;0.155594;0.190514;-0.525087;0.711743;1.054519;-0.416706;-0.23823;0.087943;-0.640751;-0.961758;-0.067215;-0.400333;0.453926;0.255425;14.55;0
98630;2.031908;-0.019309;1.015555;0.029033;-0.187026;-0.623014;-0.887862;-0.044603;-1.365739;1.74974;0.082388;-0.149604;1.162168;1.128291;-1.242691;-1.195897;-0.144562;0.855267;0.264456;-0.309745;0.928131;0.163795;0.029746;-0.085874;0.161112;0.61772;0.120699;-0.272111;38.87;0
98775;-1.150408;0.216067;1.225506;1.958826;0.870684;0.932542;-0.223839;-1.205287;3.672993;-0.113241;1.63897;-0.459686;-0.602486;1.343473;0.767071;0.961392;-0.288754;-0.993784;-0.439263;-1.095027;-1.265426;-0.815614;-0.548721;0.845337;0.194169;0.307763;-0.043908;-0.356756;27.05;0
99090;3.048356;2.944217;0.285114;0.521937;0.166927;-0.823211;1.252615;1.269825;-0.090395;0.252444;-0.967494;-1.336023;-0.759826;0.363837;-0.045517;0.254567;-0.49193;0.827039;-1.282787;0.353529;-0.152904;-0.644009;0.31116;0.905701;-0.778444;-0.193529;-0.00928;0.193036;34.65;0
99269;2.271979;1.409492;-1.895725;1.625732;0.556084;-0.458758;0.763384;0.495405;1.169385;-0.257401;-1.041473;1.674522;-1.739395;-0.932521;-0.976453;-0.736515;0.338596;0.598573;0.698383;-1.531212;-0.089862;-0.227824;-0.08734;-0.681497;0.031292;0.378603;-0.65133;0.230663;82.51;0
99442;0.481745;-0.124496;2.717762;0.936926;1.934095;-1.65603;-1.968185;0.823432;1.05793;0.656516;-0.906969;-0.012188;0.228047;-0.832618;0.189445;-0.073974;-0.288507;-0.446067;0.085124;-0.116683;0.090784;0.996773;0.81837;-0.262607;0.09434;-0.652913;-0.48795;-0.364997;16.53;0
99583;0.592462;-0.849909;-0.608477;-1.802154;0.853165;0.523153;-0.542145;-0.608358;-1.443598;1.216159;0.372229;-0.437622;1.713352;-2.263697;-1.201863;0.746497;0.500621;0.636667;-0.32916;1.380979;-0.416028;0.83704;-0.819473;0.099139;-0.31734;0.419004;0.09609;-0.110627;23.83;0
99622;0.479905;4.945451;0.931256;-0.722736;0.323849;1.272731;-0.80154;0.936325;-2.022437;-1.208292;0.0745;1.556907;0.32208;-0.558442;0.167493;1.215284;1.330244;-0.665398;-0.448339;-0.271862;-0.242893;0.372233;0.161179;0.185389;0.887112;0.141134;-0.15123;0.398716;293.69;0
99689;0.24145;0.814009;0.094481;0.001702;-2.495219;-0.460157;-1.947281;-1.279207;0.656545;-0.679717;0.744333;-0.338525;-0.734816;1.032956;-0.847422;1.406518;-0.966149;0.340745;0.997191;-1.067256;1.339931;1.45071;0.219608;-0.593898;-0.043241;-1.050855;-0.599216;-0.146514;33.27;0
99927;-0.784171;-1.42694;0.335082;1.303191;-1.031714;1.093829;0.331345;-1.108496;-2.492499;0.200795;-0.057568;-0.891259;0.462689;-0.64661;-1.800869;1.594201;0.257622;2.037193;1.116946;-0.079831;0.354599;0.367032;-0.627881;1.038516;0.262063;0.978961;0.115913;-0.331404;25.31;0
99995;-0.557866;-0.658598;0.877958;2.807494;-0.508452;-0.175453;-0.129153;-0.158436;1.025425;0.428138;-0.179515;-0.693178;0.738339;-0.907695;-1.522169;-1.160748;0.23219;0.193661;-0.517647;-0.227316;-0.578717;0.457888;-0.421694;-0.347858;-0.233487;-0.640476;0.302048;-0.041074;37.48;0
100239;-2.156422;-1.787997;-1.03099;-0.617489;-2.678416;-3.341508;2.498448;-1.062321;-0.178761;0.534127;0.35574;-0.838668;1.084239;0.991969;-0.562914;-0.614821;-1.030836;-0.287098;-1.871628;0.15204;0.466087;1.065443;-0.892541;0.225024;-0.158158;0.281269;0.466075;-0.030841;26.0;0
100326;-4.379583;-4.429871;1.991158;0.148464;-1.480791;-0.048515;-0.424185;0.89443;0.62766;-0.119847;1.750387;-1.045368;-1.215578;1.115229;0.4467;-1.223032;0.535702;-1.103593;-0.182871;0.139589;0.023323;0.50088;-0.977227;-0.200851;0.178128;0.693025;0.212613;-0.08539;11.42;0
100438;2.082938;0.270886;-2.365053;1.205874;-0.320465;-0.21351;-0.972458;-0.513413;0.283786;-0.871445;-1.165537;-0.676502;1.460937;-0.504686;1.131203;0.970062;-0.245576;0.068976;0.173139;0.750912;0.531618;1.186997;-0.08352;-0.197855;-0.719964;-1.280979;-0.252423;0.148126;7.41;0
100565;0.236654;2.813646;-1.54822;-0.012115;-0.095891;0.156984;-1.092443;-1.235985;0.342511;1.163936;-0.918559;2.400801;0.174908;0.499071;1.289085;-0.142132;1.338195;0.838239;0.048672;-0.376566;-0.158914;0.02053;0.490243;0.461589;0.3874;0.113984;0.273699;-0.212562;10.54;0
100599;-0.057888;-3.090864;1.971568;2.404617;0.748018;0.356737;-0.569972;-1.390116;0.064935;-1.241596;0.061919;-1.128325;1.653067;-0.823042;-1.385918;1.1212;0.839141;-0.595864;-1.285218;-0.633548;-0.599694;-0.461036;-0.091595;0.600837;-0.640207;0.434253;0.112498;0.208042;122.66;0
100750;0.706976;-0.174396;0.910907;-1.843858;-0.233304;-0.889616;0.722005;0.879898;0.259762;-0.446581;2.093123;-1.46723;0.119365;-0.318927;-0.214324;-1.237123;-0.020434;0.454398;1.231773;-0.614073;-1.228022;-0.068681;-0.065686;0.415253;0.458263;0.546889;-0.370029;-0.121943;12.87;0
100806;-1.685375;-1.492945;3.855991;1.032788;0.392296;1.976849;0.864036;-2.97745;0.000694;0.109416;-1.073082;0.285249;0.523693;-1.737306;-0.565314;-0.596481;-0.206102;-0.221187;-1.516951;-0.495641;0.831218;0.17116;-0.814962;-0.538735;-0.139556;0.596241;-0.383352;-0.475198;26.25;0
100810;-2.022071;0.632199;0.123209;1.018863;-0.526549;-0.067995;3.618435;-1.153136;-1.564121;0.618802;0.009805;-0.065207;-0.940683;0.355698;-0.106752;-0.692482;1.470026;-0.334709;-0.616633;0.230645;0.489405;-0.651434;-1.313002;-0.82081;1.071573;0.453705;0.339667;0.524413;94.74;0
100856;-0.623185;-0.568131;2.587648;1.705895;0.107978;-0.245553;-1.506161;1.719457;-0.483244;-0.228139;-0.87495;0.663441;0.915447;-0.088797;1.27352;1.099815;-0.518205;0.411002;-0.837775;-1.055692;0.250394;-0.512903;0.202072;1.622792;0.511105;-0.16463;0.125472;-0.508714;21.81;0
100970;2.597792;-2.622895;-2.784793;0.158113;0.672342;1.010224;0.096931;-0.359792;2.336748;0.910852;0.426142;-0.538543;-1.063836;-0.63505;0.136648;0.626675;0.207434;-1.590277;-0.880578;-0.717848;0.46368;-0.304485;-0.419627;0.187253;0.513715;0.225062;0.103064;0.273343;85.63;0
101149;-2.349045;-1.967309;-2.114408;1.33596;2.08223;0.044658;-0.858509;0.902579;0.295527;1.45336;-2.085548;-0.849828;0.228027;-0.078349;0.779668;-1.775539;-0.076008;-0.160734;-1.77792;0.048737;0.892787;-0.790812;-1.126561;-0.547696;0.075358;0.985603;0.025358;-0.053238;3.28;0
101222;-5.192777;-1.70642;1.372244;-0.283778;-0.660207;3.432569;0.42462;0.558724;1.206695;-0.588881;-1.036895;1.666983;-0.443318;-0.196449;2.002438;-0.400195;1.007583;0.829128;0.039116;0.937731;-1.238659;-0.423436;-0.347303;0.574752;0.524978;0.619164;0.240748;0.006825;27.15;0
101301;-1.086732;2.05567;-2.607955;-1.067976;0.248971;-0.259177;1.705115;-0.17714;-1.131457;0.516813;1.323911;-1.585573;-0.114581;-0.784156;-1.434021;0.8543;1.07367;-0.155236;1.13577;-0.671036;0.050836;0.529135;0.144592;-0.552595;0.395237;-0.326766;-0.20471;-0.287775;37.28;0
101406;2.158265;1.967339;-0.278025;-1.275028;1.249396;0.487915;1.059018;-1.924104;-1.150608;0.358326;0.029508;0.366993;1.011816;0.392609;-0.442197;0.989904;0.446461;0.005891;-0.143405;0.278903;-1.331857;0.5717;0.239598;1.200737;-1.007129;0.522027;-0.050916;-0.16033;34.29;0
101938;-3.448461;-0.808632;1.782486;-1.976791;-1.936639;-0.976373;-1.50743;-1.527785;-1.373798;-0.281692;-0.740251;0.6934;-0.370822;-0.276031;0.509816;0.374005;-0.473912;-0.111485;-0.82618;-0.150512;-0.297639;-1.009862;0.113313;-0.248708;-0.452853;0.664582;0.298015;0.262711;2.77;0
101992;-2.371553;1.8541;0.776769;-0.556729;2.807;1.177812;0.838975;-1.547836;-1.514946;-1.987781;-0.026727;0.823485;1.031448;-0.118909;0.232562;0.169042;-0.154587;1.6066;1.131771;0.397762;0.230837;0.222503;-0.441229;0.523921;-0.483755;-0.431058;0.014736;-0.365917;201.27;0
102003;0.443916;-0.569608;0.036754;0.512313;1.677062;0.430595;-2.630555;0.62364;-1.834638;0.476066;-0.044561;-0.290347;-0.420685;-1.392235;0.94428;-0.808963;-1.077987;0.323269;0.669846;0.055779;-0.266926;-0.049892;0.358548;-0.027383;-0.404436;-0.010314;-0.29971;-0.165953;9.19;0
102096;4.941319;-0.835127;-0.658152;-0.225548;-2.311854;-0.430828;-2.9611;0.846801;0.206536;0.59583;0.592024;-1.22574;0.09567;-0.110593;-0.359261;0.951768;0.194044;-1.071888;-0.694069;0.030828;1.276549;0.756772;-0.022669;-0.929712;-0.133571;-0.140117;-0.275231;0.348646;54.74;0
102106;-2.718513;-0.171186;0.325361;0.351112;0.562507;-1.140343;-0.318823;-0.995789;-0.441401;1.275137;-2.0973;1.494519;2.033824;-0.162157;0.177455;-1.043293;-0.713664;-0.727401;0.251097;1.975466;-0.222481;-0.193838;-0.55327;-0.600206;0.2686;0.453;0.017916;-0.193409;33.51;0
102172;-2.794021;0.222748;0.891645;1.823528;-0.728946;-1.721532;0.747243;-0.043738;0.913044;-0.275193;-1.037401;-0.431089;0.086853;-0.78259;-0.698162;-1.407985;1.905396;0.078918;0.864008;2.265933;-0.572265;-0.892466;-0.702608;-0.468212;0.610911;-0.200763;-1.034044;0.009483;149.24;0
102358;0.590462;-1.230919;-0.97795;-0.664831;-0.49834;0.57689;0.421764;0.059656;-0.391436;-0.637101;-0.953972;1.524698;-0.102829;0.520282;0.958116;0.192746;-0.490983;1.056602;-0.742151;-0.192522;0.013352;-0.350362;0.111702;-0.41774;0.315098;-0.308297;0.700391;0.036445;881.15;0
102368;2.279115;-0.232172;0.581321;3.393221;0.533692;-1.82455;2.353177;0.143052;-2.693564;-0.906876;0.66201;0.374393;0.104349;-2.013496;0.028304;-0.380058;0.862179;0.555335;0.088576;-0.696457;-0.766218;-0.862065;0.52876;0.114356;0.645255;0.534864;-0.06953;-0.28721;4.78;0
102369;-1.286992;1.092068;1.64843;1.142445;1.499551;1.760271;0.125565;-0.856764;0.437978;-3.178046;0.013563;-0.469085;-0.34704;-0.45291;1.267431;0.646719;1.294496;0.833594;-0.32467;0.196374;-0.649819;-1.623608;0.358075;-1.483406;-0.549287;-0.59053;0.194207;0.139785;12.51;0
102460;-3.231719;-0.045896;-0.315942;-0.209635;-0.592905;-1.659584;-0.142505;1.999286;-2.283455;-0.351142;1.489412;0.399509;-0.991301;0.307556;1.274075;0.436364;0.6928;-0.949001;-0.975926;0.475077;0.673627;-0.038385;0.091198;0.118507;-0.261934;0.090909;0.254862;-0.024204;43.98;0
102462;0.775811;-0.195986;0.122866;-0.241835;-0.574379;-0.217239;1.422439;0.85667;0.185834;3.105482;0.865724;1.149294;1.946782;2.024569;-1.176273;1.512837;-0.455709;0.529855;0.124651;1.026939;0.712898;0.373825;0.3827;-1.205226;-0.135388;-0.357215;0.100807;-0.264397;6.31;0
102573;1.128941;0.584932;0.750506;-1.361545;0.56359;-1.15245;-0.473925;0.13697;-0.898493;1.475326;-0.332823;0.091267;-0.420071;-1.301046;1.414111;0.366003;-0.517158;-0.61974;0.340222;-1.718639;0.10467;0.134675;1.460293;0.218341;-0.34704;0.534526;-0.546387;0.208785;107.05;0
102666;3.398377;0.883401;0.852515;0.033482;0.8393;0.063473;0.472048;-0.567408;0.205761;-0.991481;-0.030537;-0.720207;-1.491579;0.095082;0.837289;0.942649;2.51194;-0.100811;0.025644;-0.306195;0.435519;-0.92516;0.168458;-0.488335;-0.583747;-0.299613;-0.42676;0.047918;117.34;0
102829;1.211047;-0.378325;1.346465;-2.999467;-1.339841;0.055255;0.54673;-0.941946;-1.63798;-0.471007;1.339762;-1.759677;-0.17919;0.535987;-0.152467;-0.739195;1.677593;0.714079;-0.671138;-0.381167;1.514527;-0.973836;0.087603;0.082118;0.202883;0.017988;-0.595785;-0.022982;76.64;0
102883;1.544729;-1.090333;-1.511706;1.853188;2.428669;0.611588;-1.214992;0.523495;0.806158;-0.477922;1.481879;-0.410014;0.312598;0.070814;0.755517;0.636202;0.240985;-0.477645;1.691634;-0.611394;-0.052612;0.156963;0.327655;-0.813715;-0.365668;-1.171632;0.437956;-0.102463;47.22;0
102926;-0.581183;0.057322;-0.778673;-3.929587;-0.837774;-2.009951;0.470459;-0.513789;-0.00863;1.6144;-0.077593;0.809564;-0.229484;-1.17305;-0.472177;-0.233406;-0.311;-1.209839;-0.406578;-1.142585;-0.642824;1.22274;0.455196;-0.383889;0.419542;0.000885;-0.617196;-0.48379;258.41;0
103035;4.690933;-3.027557;-0.722737;0.129286;1.38125;-0.995725;2.699433;0.209141;-0.428623;2.514742;-0.984738;-0.990231;-0.076794;-0.454326;1.228551;-0.424703;-0.76821;-0.309195;0.442306;-0.1629;0.3811;0.932336;-0.838249;-1.248318;-0.635661;-0.086559;-0.265454;-0.050576;5.85;0
103134;-0.846377;-0.633857;-1.344907;-1.554464;0.673352;1.310828;1.399446;-2.21018;-1.914226;0.187878;-2.122881;0.68435;-0.187347;-2.333983;0.080258;-0.784218;-0.553017;0.10169;0.643944;0.552501;0.599725;-0.211421;0.099816;-0.760189;0.449094;0.035072;0.522651;-0.733118;36.52;0
103233;-1.263248;-4.545799;-2.695605;-0.925674;0.886727;0.895874;-1.050719;-0.580455;1.941588;0.3774;-2.123125;0.037917;0.378515;0.013711;0.798038;1.367286;0.590865;0.573648;-2.027645;-0.948312;0.671598;0.152316;0.612399;0.854873;0.111734;0.637953;-0.451862;0.243563;10.93;0
103317;3.458554;-3.16912;-4.894263;-0.742456;-0.811053;-3.304312;2.889927;-0.079815;-1.047472;0.657228;0.501524;0.74804;0.756219;-1.349257;-0.584077;0.003945;1.969103;-0.746838;0.661787;0.077584;0.825254;0.657502;1.072299;0.87098;0.111867;0.293096;0.059767;-0.381106;125.82;0
103448;-2.944763;-3.429302;1.825134;2.804389;-2.328913;0.521715;0.844694;1.201697;0.239235;0.072718;0.48103;-2.30584;-0.214765;0.447435;0.246354;-0.683806;-0.122167;-0.465446;-0.002755;0.333266;0.716293;-0.103593;0.002516;-0.758953;0.126816;0.193865;0.303723;0.178015;2.12;0
103684;-3.672446;1.541919;-2.326378;-1.496616;0.020466;-1.353178;0.516069;-1.047566;-1.093767;0.397363;-0.668904;-1.396132;2.45606;-0.617285;0.796209;0.60671;1.01069;0.180786;-0.223111;1.275443;0.369628;-0.967579;-0.291649;-0.206523;-0.042249;-0.361971;-0.023517;-0.462745;31.75;0
103769;0.163136;-0.245811;2.385429;1.368249;0.026153;-0.767124;-0.130555;-1.718142;4.105239;0.142509;1.347517;-0.447972;0.969256;-0.707614;0.270053;-0.37716;0.752699;0.458491;-0.109628;0.499087;0.454204;-2.030256;0.092281;0.279579;-0.033162;1.047154;0.062272;-0.42767;54.75;0
103873;-0.073386;-2.453345;1.136508;1.717771;-1.27207;-0.282346;0.836555;0.579219;0.114364;0.610987;-0.191082;1.85761;-0.035238;0.169888;0.500873;-0.692634;-0.271533;0.170432;0.462133;-0.055723;0.289849;0.130893;-0.409228;0.04909;-0.140481;-0.900776;0.213203;-0.244756;7.99;0
104225;-0.514382;0.579544;-0.592589;-3.250568;1.316762;2.091329;0.128613;-0.026227;-0.726157;-2.091892;-0.580165;-0.736725;-1.295697;0.259846;-0.701369;2.56391;0.839202;-0.12309;-1.858878;0.249812;-1.170223;-0.1431;0.962958;-0.351303;0.155487;-0.586234;0.714464;0.615077;12.95;0
104276;1.868163;1.440372;0.950797;-0.803801;-0.021111;-1.366788;0.014359;-1.999208;0.616335;-0.432634;1.214585;-0.115515;0.079702;0.846433;0.267129;-1.05372;0.86592;-0.621202;0.015875;0.597311;-1.264499;-1.228259;0.288139;-0.949825;0.286882;-0.374617;-0.373713;-0.143952;33.89;0
104678;-1.841002;0.60968;0.661951;2.177932;-1.06652;-1.847178;-0.175055;-1.93987;0.775068;-1.1999;1.079332;2.139223;0.75133;-0.240907;-0.69668;1.651294;0.768456;0.745193;0.339137;0.103037;-0.778884;-1.027456;-0.042601;0.534987;-0.235307;0.093166;-0.175665;0.552951;138.75;0
104747;0.055126;-0.596469;-1.643679;-1.796978;0.857398;0.618924;1.197471;-0.719782;0.384059;0.842203;-0.032628;0.434351;0.758688;-0.09155;-0.026709;-0.70314;-0.374843;1.019374;1.740462;0.615792;0.588453;-0.189054;0.680417;-0.309781;0.721883;0.02131;0.253095;0.15296;7.03;0
104791;-0.772207;0.132202;-0.002616;1.771552;0.894036;-0.017263;1.060045;-0.049659;-0.405869;-0.766312;0.547882;0.861034;-1.808554;-1.320871;-0.458569;0.560883;0.596715;-0.490937;-1.103676;-0.24598;-0.329493;-0.393437;-0.72512;-1.003734;-0.190406;-0.36968;-0.078733;-0.085543;9.14;0
104840;-1.807876;1.289589;-1.459557;0.044629;-0.93856;1.625314;-0.195249;1.703249;0.434558;-1.615735;0.676588;-0.625901;0.080747;1.400463;-0.19621;-0.079411;1.002578;-0.398495;0.349152;0.934339;0.089429;1.031187;-1.294621;-0.027566;-0.365194;0.08632;-0.224355;0.057082;179.18;0
104984;-0.190588;-1.081795;1.007733;-0.016758;1.752081;-0.449269;-1.893541;-1.236556;-0.220876;-1.859344;2.238772;1.177197;-0.491363;-0.887063;-1.60398;0.658044;0.801951;0.574281;-0.402042;-0.382417;1.131204;1.021599;0.251461;-0.20958;-0.07872;0.567512;0.412402;0.110302;21.99;0
105017;1.592562;-0.21833;-1.059984;0.168678;3.145677;1.630387;0.034722;0.691145;-0.077823;0.579821;-0.113641;1.328081;1.407308;0.705841;0.014084;-1.206143;0.906922;0.14052;0.382446;-0.518037;0.781089;-0.611916;0.655865;-0.310269;-0.398209;0.027267;-0.890219;0.146478;10.32;0
105333;4.065108;-0.714944;-0.125911;0.556452;-1.454242;0.041637;-0.900167;-2.283412;-0.913953;-0.922345;-1.183469;0.506582;0.088732;0.7129;-0.107852;-1.313578;-0.194599;0.488796;0.691977;-0.350468;-1.59626;1.083247;-0.098229;0.077203;0.242469;-0.617001;0.451321;0.437327;98.79;0
105515;1.059867;-3.061209;-0.191096;-1.287006;-0.203498;0.723723;-0.597238;0.479543;-1.65978;-0.060617;0.657988;-0.075117;-2.222841;0.393907;-1.389003;0.68491;0.90239;0.227654;-0.605487;-0.737232;0.523037;1.164232;-0.431051;-0.129839;-0.073483;-0.050921;0.635214;0.028563;15.92;0
105659;-4.966128;1.315663;0.203584;-0.299796;0.515074;2.179845;-0.164817;1.842836;0.569572;1.815339;0.083459;0.563833;0.323594;-0.217895;0.300552;-1.556553;1.089456;0.318963;1.573656;0.590944;0.030987;0.210916;-0.603218;0.683994;0.381494;-0.400666;-0.082103;0.202469;154.65;0
105705;-0.144373;3.28908;2.530458;0.59625;3.196759;-0.20244;-1.324792;0.218629;0.61693;0.498949;0.134565;-1.599429;-1.901886;-0.338226;0.741681;-1.018393;-0.412947;-0.342054;1.060472;-1.200818;-0.488751;-0.670261;-0.775375;-0.557072;-0.031623;-0.684984;-0.526228;0.64596;12.24;0
105728;0.027115;-1.781665;-0.34385;0.321178;-0.962613;1.409406;-2.00677;-0.745116;1.376303;-0.466036;-0.011847;1.087748;0.402111;-0.051513;0.276899;-0.068954;-1.210297;-1.678304;0.628455;-0.323737;-0.249077;0.085764;0.402407;-0.470196;-0.048682;0.018962;0.070954;-0.517735;26.07;0
105997;1.755608;1.395437;1.85907;0.5659;-1.246627;-0.796086;0.352047;1.516718;0.003366;-1.190927;-1.603151;-0.83063;2.45371;-1.817733;0.704973;-1.128854;1.386604;0.162394;-0.298985;0.259798;-0.238897;-1.530167;0.497134;0.470655;-0.212194;-0.443263;0.192643;-0.038213;136.65;0
105998;0.29038;-1.726649;0.744795;-0.950536;-1.256058;0.322627;0.023269;0.465169;-0.287307;0.564119;0.286607;-0.265812;1.275932;-0.015055;-0.489553;-1.01669;-0.417776;0.579537;-0.459167;0.01932;-0.967508;-0.423227;0.559217;1.522152;0.42995;-0.162094;-0.65631;0.264378;23.58;0
106273;2.373523;-0.040277;2.161788;0.967865;1.735565;-1.901397;-0.024147;0.232778;-1.600794;-0.050722;-0.346339;1.314379;0.218475;1.436321;-0.203632;-0.351732;-0.658624;0.240095;0.346082;-0.022293;0.168515;0.19184;-0.005493;1.426705;-0.126506;0.206915;0.032843;-0.457408;102.93;0
106419;0.693758;2.338861;-0.491038;0.249595;-0.926807;-0.650746;0.623351;-1.161102;-0.093476;0.720658;-0.295249;1.096587;-0.663082;-0.206817;0.0575;-1.912384;0.162571;-0.626646;-0.32925;-0.099803;1.578906;0.277565;-0.726764;0.446457;0.137552;0.15716;0.779859;-0.320308;30.01;0
106421;2.969656;-1.170359;1.071166;-2.174594;-1.123185;-1.387187;-0.827827;0.482886;0.346218;-2.508147;-0.386141;-1.594916;1.193199;-0.021431;0.122851;-1.222788;-0.252179;-0.486193;-0.434208;0.136633;0.731637;-0.32022;-0.453244;-0.213838;0.54397;0.590443;0.505022;-0.310325;647.12;0
106557;-0.925555;-0.295407;-0.069495;-0.684548;0.368735;1.643601;0.402267;-0.764812;-2.051713;1.329825;-0.019985;-0.927855;0.580455;-0.973153;-2.148201;1.189317;-1.676559;2.063958;1.541325;-0.762042;-1.489153;0.050505;0.361158;-0.325764;-0.045705;-0.84314;0.209792;0.126408;348.34;0
106605;0.21147;-3.3866;-4.493983;-1.201616;0.475345;2.332602;1.648403;0.420616;1.125925;-1.77696;0.285659;0.643712;-0.286167;0.18826;-0.848006;0.852082;0.746964;0.295488;0.433512;-0.35915;0.202673;-0.733736;-0.653129;-0.236121;-0.05191;-0.10018;0.163576;0.173531;4.52;0
106643;1.541951;-1.419074;-1.625664;-1.219897;1.528008;-0.451754;-0.325835;0.107762;-0.833241;-0.437735;-0.009892;-1.712013;-0.547209;-0.73685;0.902133;2.003331;0.725437;-1.972097;0.657077;-0.188277;0.202595;1.013516;-0.07314;-1.062147;-0.119772;0.49584;0.01556;-0.29114;72.48;0
106764;-1.185778;-3.567851;0.899389;-0.606602;0.176858;-1.008141;2.345236;1.340099;-0.26571;1.605084;1.197911;1.415153;-0.900469;0.825862;-0.721923;0.53337;-0.906976;-0.482359;1.510041;0.36099;-0.73627;1.042481;-0.64084;0.416596;0.098825;-0.822949;0.060306;0.141372;9.73;0
106813;-1.610525;0.472478;0.79956;0.94113;0.393526;-1.727546;0.051993;-0.635447;0.607548;-2.34463;0.791291;0.126746;0.329697;1.105675;-0.234696;1.155423;-0.041897;-0.182316;0.057326;0.736096;-0.893944;0.51155;-0.44203;0.806025;0.419613;-0.083631;-0.037997;-0.21401;44.14;0
106817;-1.297237;1.168733;-1.935416;-0.820045;-0.095273;0.37184;-1.06695;-0.127723;-0.058044;-0.004616;-0.054562;1.408788;-0.430093;1.315213;-0.057437;-0.360949;-0.894805;-1.04023;-0.522313;-0.091696;0.645305;-0.192743;-0.724179;-0.082376;0.404193;0.098342;0.081846;0.414416;36.69;0
106828;-1.53097;-0.653428;0.352755;0.389582;-1.749944;-0.781041;1.043608;0.999993;1.493697;-0.209492;-1.036083;-0.727438;0.131134;-1.375801;-1.22972;-0.154664;-0.758539;-0.109069;-0.876846;0.575417;0.066596;-0.592983;9.4e-05;1.276672;0.255458;-0.537358;-0.652655;0.168741;6.8;0
106834;0.948996;0.224584;0.779923;0.156851;-0.225454;-0.709793;-0.149575;-0.230885;0.641687;0.058651;0.612139;-0.63961;0.860657;0.703802;1.427949;0.373357;-0.537639;-0.414053;1.087113;0.079061;-0.358418;0.608982;-0.917106;1.662908;0.62915;-0.331244;-0.865966;0.24244;162.02;0
106896;-3.647876;-0.833514;-0.032345;-1.036254;0.13671;2.187353;1.295163;0.024384;-0.213165;0.478259;-0.301204;1.033811;-0.45404;0.63111;-0.038492;-1.65655;0.434575;0.164515;-0.31202;-0.044386;0.429856;0.132896;-0.481429;0.539903;0.042985;-0.582744;-0.300379;0.524348;44.92;0
107048;-3.104142;1.011143;1.120516;-0.419637;-0.562476;-0.37421;0.502549;-0.43401;-3.482275;0.106434;-0.15416;-0.283409;0.589296;-0.388468;-0.789379;0.49028;1.709621;-0.239228;-2.402992;0.614001;1.535646;-0.721378;0.517696;-0.408924;0.730411;0.136695;0.4129;0.22843;21.61;0
107149;3.562356;-0.046031;0.914759;1.298086;-2.108947;0.800244;-0.416508;-0.144739;1.045805;-1.370604;-1.325059;-1.218512;1.143436;1.15497;0.580095;-0.538958;-0.375397;-0.588034;-2.165984;-1.104623;0.178317;0.762083;0.640269;-0.523503;0.545946;-1.224824;0.237458;-0.188012;17.16;0
107159;-1.483939;-3.705198;-0.033067;0.282725;-1.516287;0.090438;1.876059;0.84844;-1.347513;0.196063;0.441842;0.565857;0.349373;0.407868;-0.280019;-0.391399;0.701505;-0.284618;-1.205149;0.350491;0.202694;-0.322203;0.405887;0.472182;-0.339923;-0.375032;0.338467;0.040838;40.84;0
107189;0.320029;1.356167;-0.751345;0.849336;-0.004346;-1.782423;-0.62922;2.234736;0.887051;0.070046;2.665253;-1.566449;0.641584;1.328191;0.043486;0.887589;0.665962;0.71153;-0.314334;-0.517956;-0.025741;-0.621893;0.867559;0.642499;0.409455;-0.35269;0.038086;-0.432734;61.06;0
107294;-2.973836;-0.943909;1.594238;1.876945;1.337199;-2.433691;-2.695368;-1.947416;0.489208;0.024367;-0.496412;1.437713;0.356534;-1.206915;1.272058;-1.35585;-1.851601;0.053827;-0.193488;0.809727;-0.296322;0.681593;-0.828154;-0.400678;-0.965398;0.444729;0.48599;-0.364127;27.45;0
107497;0.113542;-2.467756;0.719375;0.687611;2.371552;0.668404;1.081919;-1.455373;-0.268665;2.363746;0.655054;0.192366;-0.014388;-0.675493;-0.502486;0.058544;-1.211109;-0.180754;0.416064;-0.496566;0.587956;-0.567787;-0.066644;-0.707321;0.625144;-0.765342;0.533001;0.196626;0.5;0
107635;-1.472063;-1.029356;-2.065963;-2.657378;-0.203686;2.286467;0.423916;-0.118357;0.99862;1.547795;1.290776;-0.87076;0.773653;0.099975;1.029934;0.404107;1.739802;0.295045;-0.930915;-0.229075;-0.15059;0.090516;0.036803;-1.043538;-0.037073;0.635294;0.477893;0.55233;33.97;0
107649;-3.118025;-3.56058;0.353555;0.454249;-0.939286;0.438933;1.581812;0.109076;0.523144;2.081601;-0.513437;1.143736;1.514846;1.135687;-0.321399;-0.456707;-0.455339;-0.001332;0.166898;-1.194888;0.354943;0.923848;1.200152;-0.636622;-0.404046;0.366118;-0.272712;0.354106;3.81;0
107706;2.536995;-2.432309;-1.718047;-0.807718;-0.464063;0.85004;-1.103276;-0.209006;0.311199;0.465063;-2.453693;1.161158;0.790792;0.446607;0.052111;0.042848;0.369646;-0.929514;0.706127;0.292825;1.085451;0.851619;-0.157227;-0.255102;-0.908704;0.512087;0.022001;0.112758;24.19;0
107853;2.236003;-0.022697;-1.436498;2.64063;-1.394053;-1.183259;-0.316468;-0.608402;-1.93796;2.03602;0.729422;0.013695;-0.215875;-0.900404;0.265848;0.08518;0.269645;0.576696;-0.126616;-0.311561;0.533671;0.245976;0.486812;0.665189;-0.070295;-0.209161;-0.18533;-0.496145;4.03;0
107868;-0.279342;0.122211;-0.964384;0.636963;1.137089;1.369809;-0.456452;-1.416505;-0.006167;-0.843041;0.100898;2.262655;-0.190764;1.715289;-0.323599;0.799743;-1.850134;-0.524456;-0.38644;-0.403644;-0.939785;-0.844297;1.040035;-0.349361;0.631998;-0.205749;0.590033;0.044569;3.96;0
108149;1.878867;0.260139;0.087759;-0.778362;2.999904;1.353331;1.147865;-0.67681;-1.417109;-0.301568;0.337561;2.239821;-0.154854;-0.272919;-0.93523;-0.150525;-0.60656;-0.287746;-0.711983;0.031096;-0.982505;-0.358131;0.070785;-1.871216;0.126223;-0.385595;0.449099;-0.331927;211.17;0
108154;3.641421;-0.264447;0.585473;0.874447;-0.905698;-0.905944;0.797054;1.022512;-1.255532;-0.542358;0.075994;0.330115;0.87953;-0.869681;0.402387;-1.092022;0.604929;-1.271408;0.918212;-1.275884;0.904891;1.739625;-0.300856;-0.399687;-0.205975;0.284552;0.182919;0.128548;20.49;0
108211;1.400448;-1.468657;-0.597502;0.198923;-1.595017;0.745394;0.256352;0.160749;-0.447257;-0.450529;1.202999;1.064752;-0.53519;-0.734093;1.010553;-0.49856;-0.826505;0.690437;-1.119664;-0.523772;-0.09189;0.682365;-0.247182;-0.203221;-0.098788;-0.172303;0.275619;-0.437081;18.27;0
108433;0.865375;-0.364214;-0.531426;-2.369499;1.438947;-2.329336;0.264343;0.853919;1.559759;0.135019;-0.079474;1.305717;-1.013397;-1.268951;0.560394;-0.296925;-0.345163;0.104717;1.267314;-0.133439;0.18041;-0.166393;-1.071087;-0.216595;0.69157;-0.395714;0.116715;0.05391;68.29;0
108442;0.317952;-1.026369;-0.739898;1.295546;0.488911;0.982803;-1.437204;-1.382063;0.35193;0.312323;2.234302;-1.113574;0.420166;-2.147411;0.534114;-0.694854;-1.055517;0.239278;-0.028286;1.137821;-0.588054;-0.906816;-0.294684;-1.57591;0.363397;-0.173522;-0.373173;-0.170722;18.99;0
108468;1.19652;-3.082602;1.601746;-0.505867;0.512202;-0.741315;0.943166;1.768531;0.424395;0.55978;0.73201;0.293849;-0.009223;-0.10193;-0.426406;0.176689;-0.742848;0.683597;-0.851329;0.151213;0.439722;-1.36799;-0.891243;-0.208101;-0.021644;0.181856;0.428867;0.028054;777.21;0
108501;-0.779643;-1.606278;-4.287945;2.087278;2.24168;-1.612082;0.96851;-0.618643;0.797469;1.991674;1.051715;-0.665018;1.392064;-1.482419;0.616408;0.134618;-0.472996;0.690802;0.671014;0.314956;1.368149;0.874917;0.474976;0.805221;0.485943;-0.61909;0.807073;-0.17508;21.99;0
108681;-0.60944;1.268906;-0.446103;-0.106692;-1.835751;0.555511;2.830973;0.61549;-1.012148;-1.571848;0.026701;-0.804673;-2.196377;0.311121;0.31591;0.089073;-1.61888;-0.591613;0.401602;0.057706;0.100674;0.889239;-0.978539;-0.284357;0.412588;-0.466106;0.202166;-0.516515;57.26;0
108760;0.809238;2.477749;2.352927;2.113797;-1.874295;-2.336401;0.573773;-0.098846;-1.784051;-1.223719;0.337062;0.130391;0.169761;0.954911;0.775235;-0.779815;0.987541;0.010182;0.326728;2.635495;0.462944;-0.027478;0.233189;-0.411628;-0.462299;0.661458;-0.048183;0.33788;142.08;0
109061;-0.994036;0.856706;0.801017;0.673355;-0.173166;0.47541;0.774249;-0.592617;-1.979381;-2.571688;-1.703428;0.204774;-0.417578;0.371555;0.079799;0.124216;-1.214188;-0.072114;0.560266;0.702103;0.899187;-0.295916;0.695369;-0.471016;-0.180011;-0.444341;-0.290784;-0.097876;366.27;0
109134;-0.783309;2.400597;1.932939;1.453255;0.137497;-1.485931;0.582225;0.565054;0.204178;-0.827754;-0.568525;-1.58589;0.747868;0.052228;0.533058;1.143705;-0.168287;-0.151708;0.121197;-1.555468;1.216497;0.816658;0.441958;0.093465;0.738083;0.709272;-0.102768;-0.142827;10.88;0
109177;-0.069636;-0.122278;-3.051716;-0.628384;-0.439829;-1.770547;-0.873914;0.764607;1.03536;-0.394142;1.119207;0.350278;-0.298793;-1.469222;-0.44974;0.269207;-0.660594;-0.675793;0.361604;0.181171;-0.505866;-1.064753;-0.309471;-0.929225;0.351615;-0.258308;-0.509882;-0.045932;17.69;0
109181;2.173685;2.744311;-1.855796;0.571269;3.445839;0.099604;1.539258;3.248737;0.954025;-0.67128;-0.048212;-0.238438;-0.583008;0.822207;0.622784;0.953649;0.906094;1.197023;1.092191;0.849526;0.29196;1.438741;0.463584;-0.691431;0.921691;-0.664262;-0.365996;-0.216561;224.05;0
109255;-2.278694;3.284265;0.796213;-2.381253;-0.378134;-0.209493;-0.079125;0.810731;-0.964153;-1.151454;-1.127376;1.39394;0.868445;1.878701;-1.156272;0.105848;-1.079849;0.851898;0.154048;-1.107154;0.920848;0.531223;-0.004;0.684477;0.311541;0.671446;-0.066956;-0.217232;111.62;0
109262;1.410398;-3.268902;2.361452;-0.110392;-0.710001;1.95753;-0.249269;0.79288;1.441045;0.18709;-0.677893;1.161083;1.197827;1.361938;-0.314544;-0.550787;-0.692574;0.372473;0.653926;0.090803;1.124484;-0.902133;-0.293533;0.40935;-0.369176;0.855189;0.126558;0.474441;166.13;0
109317;1.474003;0.113183;-1.703267;-2.038035;0.221594;-1.688786;-0.177169;1.412409;2.197346;-0.331488;-0.686128;-0.837448;-0.123773;-1.267314;-0.644584;0.767099;-1.169933;1.139714;-1.791669;-0.404301;-0.319283;0.565903;-0.235321;-0.330878;-0.010869;-0.28458;-0.590207;0.027131;4.25;0
109400;1.462333;-0.120476;-0.56552;-1.553028;1.389824;1.848822;-0.09177;0.682906;0.618395;-0.874361;-0.019701;1.309601;-0.105359;-0.064849;3.180343;-1.228397;-2.090965;0.398526;0.252663;-0.648071;-0.499217;-0.492071;0.264599;0.29666;0.40943;0.535435;0.076938;-0.144328;337.65;0
109452;-1.643155;-1.0037;0.626211;-1.194942;-0.95109;-1.493067;-0.613147;0.003929;1.586008;0.254651;-0.830889;0.540596;1.189757;-0.261421;0.583441;-0.481305;0.417817;-0.254604;2.033507;1.038697;-0.123135;-0.961762;-0.975121;-0.560996;-0.004592;0.050522;0.633013;-0.547885;10.57;0
109452;-3.370729;0.581014;-2.173273;1.007798;-0.152842;1.242858;0.256896;0.437613;0.910471;-0.534783;1.471523;-0.206098;1.082488;-0.372115;-0.996267;-0.114333;0.007779;-0.354044;-1.457275;-0.500587;-0.244152;0.56343;-0.32252;-0.568589;0.031513;0.077287;0.174163;-0.169015;44.19;0
109465;1.021416;-0.198854;0.807754;-0.139251;1.429013;1.491103;-0.129795;1.06722;-0.302687;1.350616;0.232369;-0.497057;0.960169;0.035995;-1.254634;0.584436;0.168412;0.324008;1.610323;-0.493515;-0.21342;-0.795307;0.222338;-0.580982;1.058218;0.153781;0.198132;-0.320406;26.51;0
109474;0.295701;-1.542327;-4.020284;0.114626;1.505633;0.44754;-0.23532;1.705008;-0.78104;-0.088354;-1.403425;-1.12617;-0.416622;2.088479;-1.598588;1.131621;0.677018;-1.157629;0.57405;-0.683979;0.29073;-0.962185;-0.327847;-0.957565;-0.123309;0.009898;0.162346;-0.138911;8.87;0
109556;1.888534;-0.316027;0.763282;-0.177915;0.350327;-1.031969;0.597383;-1.747715;-1.824386;-0.291461;1.586864;-1.195818;-0.66213;0.113063;-1.04715;0.754895;0.072967;0.728014;-1.384716;-0.827961;-0.4048;0.348983;-0.810916;-0.057778;0.167405;0.050157;-0.640145;0.50137;3.98;0
109744;-1.436047;1.813949;-1.482578;1.604623;3.38738;-2.005529;0.083978;-2.199386;-0.539239;0.375081;-0.026699;-1.798858;1.541178;-0.416569;-0.782375;0.666592;-0.401852;-1.367918;0.022763;-0.410787;1.128184;-0.074587;-0.562622;1.214;0.135425;0.002976;-0.604812;0.472696;2.42;0
109972;1.412231;0.045791;-0.655872;0.07574;2.783298;-2.575863;-0.697129;1.654567;-0.310515;-2.096329;0.536113;0.030673;0.555322;0.295987;-0.897571;0.770849;0.203287;0.925994;0.315761;-0.448886;-0.305395;0.728294;0.09671;-1.218525;0.47483;-0.282249;0.239242;-0.086081;39.59;0
109975;1.986104;0.814632;1.004345;0.423349;-1.89044;2.483547;-0.95679;-0.898978;-0.2862;1.412773;0.332876;-2.029454;-0.741819;-1.250775;-0.435095;0.89351;-0.45558;0.417229;0.728158;-0.904655;-0.448855;-0.21615;0.28938;1.028464;0.135562;-0.346823;0.284092;-0.226872;3.36;0
110148;-0.255854;-0.749302;0.695351;-0.73976;-2.284906;-0.374817;0.112018;-1.92294;-0.17384;0.945541;0.44577;-0.847851;-0.132104;-0.677433;0.749396;-0.991113;0.936622;1.638617;-0.36261;-0.011078;-0.863987;-0.280846;0.662439;-1.656185;0.067324;-0.563117;0.417923;0.190704;6.05;0
110170;0.743013;0.512071;0.007948;1.702161;1.148086;-1.449208;-0.935823;-2.034837;-2.573067;-0.774445;-0.330379;0.660281;0.051573;0.956783;-0.191209;1.950228;-0.331387;0.151268;0.553951;-1.937944;0.907794;-1.466416;0.474085;0.304442;1.048057;-0.923796;0.540103;0.369148;23.88;0
110337;0.674835;-2.361941;1.483251;1.808633;1.934205;-1.500404;-1.025079;2.194199;0.806932;-1.142416;0.357378;1.488332;-0.13142;0.190811;0.63874;0.986553;-0.122542;0.551004;1.112063;0.088208;-0.95419;0.361672;0.466835;-1.132887;-0.053227;-0.044759;-0.2066;-0.089656;0.63;0
110440;-1.671866;-1.134516;-2.547266;0.017618;-0.260167;0.243257;-1.007551;1.094359;0.934596;-1.010895;-0.132221;-1.126931;-0.310568;2.027661;-0.979229;-0.149265;0.527451;0.585473;0.708045;0.761758;0.323878;-0.012824;-1.20138;0.311814;0.381265;-0.413008;0.38833;0.666865;106.53;0
110743;0.965638;-0.447617;0.328666;-0.759699;-0.64303;-0.505153;0.306181;-0.89616;0.358134;-1.446842;0.389347;0.613512;1.151378;0.266973;-0.358118;0.33675;1.989058;-0.743885;0.956487;-0.398677;0.497036;0.855557;0.456857;-0.495876;-0.669271;-0.802459;0.382767;-0.178348;0.89;0
110790;3.093872;-2.478061;-1.173157;-2.224686;-1.082001;-2.532659;1.469993;-0.846968;-1.33628;-1.759442;-0.169442;-0.296588;0.477268;-1.185992;-0.863571;-1.14584;-0.899077;-0.896591;-0.370895;0.28265;-2.139003;0.54714;-0.330656;0.438069;0.001154;-0.402885;0.614485;-0.117954;29.49;0
110943;-0.026702;-1.706275;1.406228;-1.163407;-1.561856;1.169839;0.421223;0.115287;0.353684;-1.482225;-0.275843;-0.501044;2.133179;-1.511657;0.392876;-0.218657;-1.067787;-0.784374;0.545115;-0.184449;-0.965364;0.239107;-0.903757;-0.490897;-0.050067;-0.260313;0.64125;-0.051965;33.87;0
111010;-2.918804;0.271683;1.057471;-3.007268;1.618153;0.465528;1.089659;1.072675;-0.025129;-2.795352;-1.471273;0.16312;1.203969;0.97158;-0.17485;-0.291068;-0.230703;-0.027494;1.85282;1.820985;-0.285828;-0.526133;0.335904;0.300891;-0.037485;-0.269281;-0.155868;-0.111278;74.22;0
111160;-1.410092;-0.045391;1.112256;-1.223112;-0.476187;2.467082;-0.09643;-0.299869;0.471931;-0.306335;0.014691;-0.638298;0.100859;-0.989866;1.603501;-0.363477;-0.663477;-0.006097;-0.884731;0.759386;1.373007;-0.299046;0.100931;-0.132022;-0.894743;0.682427;-0.031823;-0.379424;31.11;0
111210;-3.539887;1.125012;2.504527;0.576898;0.466485;1.537253;0.166359;-0.885374;1.656235;-0.058847;0.249106;-0.073334;1.330423;-1.075879;-0.620088;0.726693;0.581968;0.028606;0.331847;-0.657153;-0.285643;0.39547;0.538558;0.736957;-0.184337;-0.291641;0.083145;0.255056;683.25;0
111283;2.446009;-1.308884;1.720785;-0.001568;-2.469612;-4.100536;2.039715;1.400705;-0.246316;1.486373;1.905852;0.080227;0.308714;-0.484385;-0.956039;0.101757;0.1498;0.415087;-0.913175;1.004482;-0.377528;-0.037165;-0.341347;-0.118479;-0.451621;0.708347;-0.330855;-0.094465;45.81;0
111486;1.420005;-0.170348;-0.217706;3.369039;1.433134;1.904575;1.017594;0.019253;0.149678;1.165922;0.508953;1.158975;2.29156;0.966408;0.260033;-1.04106;-0.982729;-0.623977;1.006314;1.866623;-0.557383;1.021094;-0.013537;0.126132;0.564956;-0.368059;0.443195;0.710657;160.84;0
111538;-1.04767;-1.432331;0.018086;-0.456901;0.861134;1.625963;1.151913;-0.178035;-1.000798;-0.710054;-0.719176;1.373721;-0.332346;-0.343015;-0.170353;-1.024447;0.624536;0.704752;-1.611245;-0.156728;-0.568789;0.94652;-1.126508;0.033862;-0.449826;0.236266;-0.084867;0.25498;11.19;0
111614;-2.835217;0.951602;0.927417;-0.567767;-1.805671;-0.959376;-0.337614;0.754628;0.963844;-0.179945;-1.014971;-0.582561;0.404923;-0.797947;0.447286;-1.71905;1.568995;0.361643;-0.470024;0.384843;-0.473655;-0.180281;1.205793;0.532533;0.32663;-0.490284;0.467653;0.106937;39.69;0
112184;-1.694925;1.789991;0.225624;1.579133;0.40746;-0.555326;-0.016532;-2.492235;0.72301;1.292371;0.292787;-0.257241;-0.606676;1.174103;-0.066122;0.784148;-0.707166;1.327783;1.858625;0.789933;-0.500648;0.067179;-0.839766;0.567659;0.351208;0.840632;0.605154;0.637997;337.43;0
112257;-1.31464;0.566152;1.084812;-2.66625;0.056546;0.567594;0.493024;0.61422;0.188217;-0.398868;-0.739847;0.806169;-0.39582;1.010272;-0.138029;-0.187661;0.259728;0.361981;-0.410623;-0.851964;-0.531849;-0.571969;-0.51238;0.021894;-0.309752;0.600516;-0.112925;0.237029;23.18;0
112259;0.143345;1.565866;-3.347784;-2.034109;-0.571214;-1.328906;-0.761938;0.53899;-1.208444;0.275941;-0.559846;-0.169154;-0.357739;1.610384;-0.617852;0.674118;-1.907418;-0.058339;-0.059431;-1.402323;-0.532685;-0.07359;-0.64907;-1.059306;-0.442208;0.366838;-0.698206;0.225764;44.18;0
112314;0.077731;-0.213775;2.860013;1.012655;-3.95604;-0.302829;-2.940342;-1.590911;-0.801634;-0.570479;-0.743089;0.717187;1.156787;1.307277;-0.255327;2.773263;-0.336573;1.803885;0.999636;0.132868;-0.288254;0.683917;0.118069;-0.597332;-0.146831;0.969004;-0.01146;-0.220172;144.21;0
112376;2.545792;1.123677;0.112153;-0.207502;-0.861254;1.35005;0.481619;-2.260234;-2.064385;0.132769;-0.315159;0.903178;0.169711;1.026559;-1.401999;-0.780989;0.24631;-0.070528;-0.122289;-0.623133;0.684091;-0.391597;-0.535814;0.47618;-0.20701;0.426334;0.534873;-0.078804;10.88;0
112533;-1.420872;-0.139527;-2.429923;-0.174944;0.467355;0.708578;1.182094;-0.62159;-0.814613;0.181222;0.770845;1.018993;-2.390597;-0.711192;1.079879;0.297737;-0.141568;0.243185;-1.656193;-0.158027;-0.828435;-0.264195;0.658494;-0.947252;-0.511325;0.21487;0.529647;0.328806;1.29;0
112565;-3.010966;-2.043126;-1.359828;-1.260755;-0.70702;-0.866824;0.05845;0.267738;0.730304;-0.290325;-2.009635;0.096899;0.059913;0.642667;1.145407;1.280013;0.076825;0.365014;-0.876898;0.799129;-0.482291;-0.841367;0.185178;-0.451613;-0.153821;-0.66402;-0.040194;0.267604;48.59;0
112608;-2.326108;0.156828;-3.195284;0.410474;-0.255939;1.380272;-0.748925;0.388997;0.385338;1.251842;1.340543;-1.141844;-0.964929;1.17605;0.84313;-0.420313;-0.689122;0.782086;1.057674;0.44505;-0.389373;-0.405647;-0.93389;-0.374766;0.162227;-1.154536;0.048742;-0.198619;145.91;0
112659;-0.114898;-1.991863;-1.626255;-1.077393;2.115524;0.422851;-0.420063;2.077815;0.125657;-0.852095;-0.188219;-0.156237;-0.453042;1.791566;-0.426636;-0.288514;1.063615;0.071833;1.181883;0.439765;-0.010037;0.44179;0.473522;-0.145254;-0.619271;-0.634269;-0.061029;0.771059;4.36;0
112795;-1.490922;3.776693;-0.194795;0.173296;-0.056961;0.377378;-2.525059;0.268269;1.582729;0.21572;-0.626764;-0.492211;1.074599;0.17428;-0.58172;0.476684;-0.373165;2.324307;-1.635813;-0.089041;-0.566868;-0.173316;0.555386;-0.232357;-0.101521;-0.826357;-0.237462;-0.067439;90.5;0
113100;-0.639417;-0.847973;2.307219;-1.575047;-2.843583;-0.66486;-0.4232;-1.614604;0.284983;2.034015;0.925515;0.779368;-1.31972;-0.462281;0.444177;2.247749;-1.077336;-0.481569;-0.779088;-0.486189;1.505039;-0.829087;-0.461686;0.019502;-0.27303;-0.391965;-0.686268;0.386639;91.42;0
113226;-0.955365;0.845915;0.640119;-0.189004;-0.205093;0.011304;-1.392705;-0.248656;-0.68487;0.429315;-0.190375;1.520216;-1.209028;-0.838766;-0.875987;0.570005;-0.05337;1.251247;-0.554575;-0.535761;0.415747;0.152713;-0.719499;-0.65553;0.048543;0.536199;0.20786;0.086304;1.09;0
113484;1.860965;-0.291475;0.37162;2.945314;0.187164;-1.009542;-0.877556;-1.495386;-0.819929;-0.778208;-1.047793;1.548097;-1.624052;0.950253;1.024359;-0.731662;0.773698;-1.22839;-0.318386;1.352677;0.701319;-0.036977;0.237175;-0.533996;0.979994;-0.522664;-0.193422;0.150479;8.13;0
113636;-1.214583;-2.404151;-1.694008;-0.533409;-1.088989;-2.560934;-1.455447;-0.163133;-0.304886;0.468792;-1.53227;0.88667;-0.401926;-0.630062;-2.176801;-0.625253;0.45685;-0.827017;-0.762412;1.747221;0.164168;0.806881;0.398371;1.07995;-0.787971;-0.226593;0.085891;-0.112082;18.29;0
113676;-0.805817;-3.554445;-1.224973;-0.117097;1.063953;-0.352124;-1.598412;1.726604;-0.545215;2.740909;0.729354;-0.915434;-1.652023;0.112954;-0.421262;-0.419798;-0.46525;-1.307236;0.075789;0.840693;1.015178;-0.097798;-0.632146;0.851839;-0.055176;0.027863;0.271169;0.066785;25.29;0
113780;1.328703;1.025794;-1.107861;-0.217583;-1.967876;-0.142462;-1.255099;0.596499;0.99828;0.132758;0.794932;1.399123;-1.571488;-0.835055;-0.978779;-1.591232;1.504918;-0.777187;-0.474134;-0.206251;-0.844498;-0.716426;0.562607;0.309488;0.145343;0.045163;0.361469;-0.511153;10.86;0
113822;-1.171715;2.41036;-1.046254;0.317835;-0.140083;0.202594;0.774695;-0.807734;0.413592;0.955047;-0.401309;0.432258;-0.250607;-0.142565;1.12469;-0.130215;-0.084274;-1.374255;-0.357114;-0.846887;-0.416954;0.693593;-0.365686;0.371625;-0.265127;-0.290793;-0.275266;0.364347;10.02;0
113825;0.755264;-1.54121;-0.510821;0.734776;-1.983787;1.632166;-0.642139;0.754886;-0.40164;0.095649;1.367751;-0.80653;0.271162;0.431426;0.966862;0.01657;-1.492618;0.090878;-0.927549;2.105273;-0.606098;-0.698063;0.72358;0.155956;0.191321;0.582319;-0.390686;0.24817;406.35;0
113838;0.576396;-3.136078;-0.396777;0.435278;-0.358049;-0.847539;-1.383827;-0.875561;-0.359764;0.390242;0.056548;0.863308;-0.904681;0.268481;0.50358;0.050529;0.491169;-0.750026;0.624844;0.35892;-0.13511;-0.937016;-0.989485;-0.043274;-0.758886;0.011952;0.235449;0.614845;28.18;0
113855;0.206443;-0.832532;-0.492008;0.466628;1.027219;-0.46911;0.924977;-3.238499;0.723566;0.004702;1.374565;-0.208838;0.316661;0.718431;1.73322;-1.265891;-0.138102;1.272421;-1.13361;0.342529;1.146108;-0.74879;-0.464656;-0.541593;-0.18205;0.083688;0.264447;0.025303;11.67;0
113862;-2.282073;-1.891212;-0.9937;-0.186783;-0.173118;1.039016;0.149925;-1.417846;1.062036;-1.019669;-0.956515;-1.920039;0.076245;-1.309129;-0.000889;0.313867;-0.083681;0.422244;0.299211;-0.450206;1.595543;-0.439751;-0.139212;0.872671;-1.387417;1.213043;-0.225422;-0.328068;31.13;0
114045;2.32806;-1.395046;0.22393;0.212411;-0.253674;-0.980854;-2.940945;0.595544;-2.077742;0.497614;-1.081392;-0.960485;0.488546;-0.101882;0.564445;-0.855878;0.744382;0.055977;0.802677;0.539878;0.686882;-1.361062;-0.624537;1.128097;-0.126259;0.851144;0.397902;0.49385;74.12;0
114082;4.260333;0.785947;-0.454766;-0.233817;0.088323;0.224487;1.224574;0.96908;-0.238334;-1.243086;-0.503922;-0.05467;-1.029035;-0.441392;-1.463805;-0.200264;-0.244481;0.223234;1.602655;-0.149993;-0.081512;-1.243181;-0.029625;-0.349347;-0.64079;0.009365;-0.015221;-0.087074;35.78;0
114484;-0.052785;-0.357301;-2.389307;-2.503549;0.157319;-0.523015;0.079371;2.094001;0.050641;-0.25056;-0.387556;-0.093712;1.874596;-0.933058;-0.30132;-0.643484;-0.269551;0.542673;0.395396;-0.802707;0.807633;0.562193;-0.225017;0.657361;0.162839;0.267778;-0.297243;-1.181776;24.32;0
114653;-2.110392;-1.705048;0.071917;3.805473;1.007378;-0.30402;0.945264;0.456004;0.552952;2.173752;1.194109;-1.044304;-1.123774;-0.709533;0.09014;1.026097;-1.098031;1.001883;0.173225;-0.250709;1.072692;-0.123227;-0.139998;-0.279608;0.735319;-0.451742;-0.393249;0.16551;12.49;0
114659;-0.01325;0.748106;-0.156314;1.104005;1.015746;1.028333;-0.289276;1.65312;0.074292;0.011557;0.31921;0.753562;-0.630393;-0.848319;-0.844208;-0.592975;-0.475321;-0.417683;-1.379183;0.320304;0.848854;-0.118893;-0.260467;-0.499695;0.14339;-1.023603;0.195286;0.309185;12.27;0
114682;1.860227;0.883689;-2.365237;-1.320633;2.01194;-0.476693;1.979816;0.799811;0.39792;-0.916333;-0.754428;0.524569;0.464376;0.345934;0.222525;1.194133;0.19068;-0.572545;1.182913;1.190654;-0.107553;-0.04057;-0.810162;-0.286048;-0.038622;0.333992;0.096084;0.402539;13.51;0
114705;-1.269616;-0.853109;-0.872865;0.396686;0.281311;1.07169;-0.483542;1.165509;-0.310655;0.352565;0.031382;-1.411405;0.083096;0.394133;-1.801553;0.129952;-0.525582;0.348415;0.105791;-1.202583;-0.08813;0.406191;-0.024247;-0.250238;-0.270458;-0.518044;0.151918;-0.297483;55.05;0
114918;-0.321353;-0.031404;0.92158;-1.84152;-2.2418;-2.576736;-3.27844;1.361047;-0.936447;-0.513404;-0.416613;2.617056;0.783042;0.850599;0.44512;0.379474;-1.455662;1.317914;0.240574;-0.943883;-0.490529;-0.589696;-0.087844;0.343872;-0.145569;0.276545;-0.442399;0.168398;7.45;0
114946;0.594276;0.630468;-1.696039;-0.631766;1.233969;-1.881388;-1.112819;0.62955;0.812615;0.208386;-0.799833;-1.192442;-0.327517;0.32494;-0.405511;0.083285;0.540282;-1.144013;0.310293;-0.318469;-0.189007;0.403478;-0.635556;-0.295236;-0.137779;1.052379;-0.890097;0.191397;59.73;0
115234;2.275943;0.467158;-1.85569;-2.034424;1.912758;-3.063206;0.612653;1.32907;0.847497;-1.192437;-0.061337;-0.443169;-1.207727;0.162452;-0.726488;-0.739994;0.575532;0.335324;0.082542;-0.710706;-0.593483;0.081153;0.764413;0.497619;0.008389;-0.919269;0.244305;0.203707;275.75;0
115354;1.442076;-0.199738;-0.470574;-0.002682;3.447139;-1.530475;0.187267;-0.781278;0.667017;0.939846;-0.174673;0.38165;-1.494058;0.085735;0.666462;0.367297;0.582005;1.084415;-0.003599;0.011933;-0.057022;-0.689536;0.185244;-0.469515;0.248026;-1.116785;0.480319;-0.197795;53.98;0
115360;1.522893;2.208374;0.960628;-2.175524;2.053354;2.489602;-0.161918;-2.837675;0.86277;0.225857;-0.760992;-0.440006;1.678427;0.658632;1.322093;-0.36834;-0.815966;0.517139;-0.305301;-0.368685;-0.026894;0.438484;0.436188;-0.060384;-0.399374;-0.450037;-0.647681;0.11725;19.02;0
115445;-0.901224;0.738038;2.753595;0.621561;-0.626612;-0.003323;-1.233119;0.82438;-1.1189;-1.00207;-0.771891;1.449734;-0.320873;-2.012581;0.801549;0.289496;-0.037751;0.278901;0.578863;0.105998;-0.640411;0.041235;-0.511393;-0.714924;0.596649;0.396968;-0.168326;0.369171;4.72;0
115467;0.713742;-1.049675;1.014992;1.038754;0.308314;-0.939333;0.01284;0.495986;-0.608179;0.482098;0.850889;-0.163536;-0.190699;-0.046766;-0.748408;0.541451;0.186095;0.453905;-1.225231;0.138956;1.950337;-0.753518;-1.44157;-0.819476;-0.111701;0.612649;1.055678;-0.620293;353.24;0
115542;-1.477828;-1.039277;1.65809;-1.104312;-0.323465;1.061133;-0.027826;-0.991574;1.181853;2.199343;0.451884;-0.902501;1.699336;0.314514;0.598021;1.688251;0.49135;1.514835;-1.242542;-1.032501;0.206149;-0.698885;1.071268;0.199672;0.007443;0.396256;0.225265;-0.004556;5.73;0
116048;1.578776;-1.235489;0.543513;0.29847;-0.511007;1.248935;-0.040565;-1.452318;0.341856;-0.777503;0.982542;0.618375;-0.502409;1.728045;-0.242916;0.424372;0.510558;0.667765;-0.696174;-0.15079;0.933487;0.345432;0.094568;0.041803;0.668736;0.141048;0.523058;0.330776;118.25;0
116070;2.174878;0.823569;-1.014525;-1.179549;-0.10661;-1.603728;0.656711;0.205503;0.011784;0.915815;-0.269427;-2.860416;-0.006728;-1.057112;1.017783;0.85183;-1.235017;-1.30294;1.001456;-0.604998;0.86645;0.730422;0.215457;-0.305105;-1.106855;0.008254;0.651847;0.532334;86.3;0
116103;1.009059;-1.347353;1.004084;0.796658;1.824325;3.342606;0.215393;0.903137;-0.327082;0.545549;-1.08949;0.538481;-1.021247;-1.090985;0.191216;0.591265;1.461043;-0.071032;0.350667;0.886396;1.408383;0.203488;0.188769;-0.589743;-1.323664;0.060614;-0.193694;0.511299;23.22;0
116145;-0.786451;-1.005075;-0.109268;-0.907838;-2.143056;0.38752;-0.322847;0.668693;1.344689;0.529596;-0.56538;1.287026;-1.289817;-2.170127;-1.351865;-0.187988;-1.059288;0.073551;-0.524059;-0.513337;-0.672122;0.640348;0.237408;-0.732547;0.202529;0.580147;0.936471;0.311748;22.32;0
116211;-0.467268;1.560379;0.589321;1.190338;-1.333513;0.555128;-1.25318;-1.163378;-1.997477;1.071282;1.06786;-2.273605;1.784186;-1.325149;-0.230272;0.607613;-1.422801;0.861727;-0.658485;-0.371177;-0.408049;0.887523;-0.669501;0.19419;0.004403;-0.31565;-0.695201;0.616287;2.11;0
116226;3.452707;0.061523;-1.408505;-2.50246;1.7329;0.68132;1.676394;-0.896507;0.27348;-0.211931;-1.612412;-0.389963;1.797489;-0.135252;-0.761005;-0.099365;-2.543012;0.06995;-0.074331;-0.688962;-1.334257;-0.162134;-0.647838;-0.444922;0.77264;0.020406;0.203559;0.322057;54.33;0
116369;-0.753885;1.803461;0.724333;-1.357066;2.056062;0.678533;2.447186;0.846688;-0.123272;0.256045;1.493605;-1.619716;0.950204;-0.685072;-0.717271;-0.353366;0.580737;0.013461;0.31422;-0.012997;-1.190856;0.118485;-0.646113;0.973107;-0.585055;-0.565748;0.138147;-0.767269;83.92;0
116902;1.977489;1.110644;-0.161967;-1.504519;-0.860104;-0.80656;2.15282;0.136496;-1.427768;0.197102;-1.112363;0.022997;0.918013;-0.705566;-0.305689;-0.949065;1.226007;0.035854;1.092324;-0.107152;-0.747114;0.481897;0.331804;0.08714;0.252515;0.176011;-0.441334;-0.148382;6.46;0
117083;0.590839;-2.305642;0.369199;0.358762;2.328033;2.829651;0.85686;1.311583;1.728305;-0.842747;0.81527;2.231085;0.694194;0.032012;0.239534;0.584396;-0.563917;0.201481;1.652767;1.150993;-0.120833;-0.826032;-0.762249;0.30165;-0.18707;0.008923;-0.296802;0.470831;26.21;0
117161;-0.721566;-0.44669;-0.10846;0.858227;1.396717;-0.359301;-2.0871;-0.334694;-3.009667;0.590089;-1.020868;0.23698;-0.739726;0.569014;0.816324;-0.48998;-1.540468;-0.078455;-0.111973;-0.013344;-0.078736;0.744655;-0.957842;0.840285;0.49303;1.267345;-0.245351;-0.168183;35.05;0
117349;-2.692066;1.442612;-0.398577;0.468505;-0.31951;1.293499;-2.238695;0.930035;0.08338;-0.305062;-0.587071;-0.206411;0.2491;0.022005;-0.488136;0.563035;0.732103;-0.352072;1.773709;1.045931;2.307772;0.9816;-0.408355;-0.524215;-1.136379;-0.724147;-0.578022;0.428876;79.59;0
117443;0.342621;-2.384365;0.751883;-0.652747;-3.310666;-0.611663;-0.690044;0.002817;0.531308;2.084938;-2.078627;-2.78613;-0.513629;0.03563;1.093535;0.014125;-1.136175;-0.124079;0.054509;1.19447;0.357386;-0.531472;-0.178804;0.25488;-0.137594;0.459351;-0.565339;0.255394;33.3;0
117528;0.107647;0.4561;-0.593198;-3.899024;-2.251861;-0.847514;-0.077892;-0.810133;-1.122567;-0.463567;1.910875;-1.085061;-2.516162;0.397465;-1.559187;-0.240085;0.512332;0.256309;0.234891;-0.262369;0.698286;2.066205;-0.040799;0.287347;0.378636;-0.251032;-0.128438;0.621435;2.89;0
117543;3.452743;-0.337879;-2.378919;0.124957;-0.858284;2.54948;-0.128826;1.154514;0.254986;-1.349136;0.606327;-0.121689;1.044499;-1.749401;-0.772486;-0.749946;-0.815057;0.521361;0.782804;-0.124758;0.093711;0.572073;-0.311489;-0.334188;-0.413098;0.403964;-0.194126;-0.142758;14.96;0
117590;-1.747376;-3.305785;-2.809695;1.18903;1.098713;-0.124133;0.230252;-1.131147;-0.29693;1.311254;0.666372;0.102227;0.502464;0.133835;1.853919;1.154693;-0.397606;2.298614;0.900329;-0.431818;-0.968324;-0.109886;0.290285;-0.955005;-0.028382;0.366936;-0.262584;-0.605839;46.38;0
117764;4.404799;-0.062989;0.298469;3.876323;1.103078;-0.025363;-1.736634;0.138241;1.036854;-0.721228;-0.482725;0.349684;-1.294531;-0.061935;-1.049778;-0.335524;0.254551;-1.116543;1.266075;-0.935337;0.206601;-1.495615;0.713513;-1.334081;0.025901;-0.1418;0.332873;-0.069789;117.01;0
118024;0.668681;-1.71882;-0.655299;-0.532641;-0.5937;0.397211;1.9832;0.261209;3.815044;-1.232488;-0.929369;0.770414;-0.375876;0.003184;1.128662;1.406193;0.260915;0.493231;-1.051446;1.826075;-1.18836;-0.066072;0.020475;-0.57159;0.174886;-0.505454;-0.300324;-0.469731;13.11;0
118065;0.666767;-2.290038;-2.59094;-0.874748;-0.269158;3.480355;1.856496;-0.093144;0.322453;0.512405;0.812061;-0.886612;0.980103;-0.550697;-0.033641;-0.710026;0.071808;1.239651;0.088992;-0.427759;-0.141742;0.303816;0.710434;0.662401;-0.566421;-0.517714;0.10716;-0.152283;881.37;0
118067;-1.226491;-0.254187;0.180868;0.524762;0.005176;2.904452;-1.636079;1.229051;0.614452;1.542419;-1.207187;0.049689;0.096663;-0.187254;-0.074482;1.336753;1.244352;-0.649732;1.006653;-0.684316;0.463032;0.221486;0.330945;-0.495689;-0.252059;0.05152;-0.000415;-0.921827;1.93;0
118073;0.543677;-3.610376;-0.121751;-0.293745;-0.251858;1.727431;-2.318314;0.731412;-1.122672;0.893709;-0.150469;-0.481344;-1.660828;0.396541;0.841088;0.083868;1.454321;0.575124;-0.875101;-0.806831;-0.438685;-0.943666;-0.602102;0.567794;0.257231;-0.354248;-0.126163;0.005628;14.22;0
118235;0.852449;-1.436522;-0.734417;1.88103;0.275815;3.815318;-0.121284;0.58958;0.186279;-0.533204;-1.255745;-0.91896;-1.19466;1.554686;0.713601;0.767442;1.521397;-0.3065;-1.52634;-0.471543;0.130814;-0.476202;-0.534973;-0.483082;0.386987;-0.112806;-0.547237;0.143132;29.24;0
118322;1.757788;4.143531;0.392682;-1.077628;0.008543;-1.236287;1.554992;0.131471;-0.460313;0.230129;0.146427;-0.853141;1.752993;-1.613716;1.203714;-1.134482;-0.171418;-0.433783;-1.213818;-0.223781;-0.449477;0.48973;-0.566294;0.009503;0.089684;-0.608295;-0.068326;0.162148;24.5;0
118466;-1.977728;0.854885;2.005792;-0.283364;-2.260433;0.892326;-0.049904;2.25903;0.806692;-0.223235;-1.935251;0.54546;0.033226;0.558913;-0.23482;-1.138715;0.071229;-0.615831;-0.10856;0.96684;-0.816996;0.426701;-0.12837;0.305149;-0.178469;0.248864;-0.256641;0.326474;5.22;0
118867;2.673223;-1.794865;1.959732;1.314223;-0.236435;0.120844;0.312345;1.792954;-1.618643;1.900332;-1.49019;-2.528585;0.986176;1.179149;0.120122;0.237043;1.165321;-0.076184;1.627518;1.405803;0.346133;0.678388;-0.182899;0.610912;0.048821;-0.437392;0.384604;0.10629;64.83;0
118956;0.63476;2.159207;0.237085;0.507877;0.018815;-2.332887;-0.555242;1.144121;-1.230862;-0.386664;-0.857016;-1.826519;1.734805;-1.209737;-0.237676;-0.882208;-0.580474;-0.107686;-1.231871;-1.592715;0.752532;0.085494;0.358727;-0.298854;0.438199;-0.204074;0.255422;-0.213393;57.78;0
119140;1.116046;-1.986235;-0.107913;1.718915;1.415923;0.635919;0.171386;0.948572;1.248021;0.197908;0.647048;3.145518;-0.470501;-0.162236;-1.021817;1.17951;-0.38959;0.63277;-0.954293;1.232468;0.750698;-0.022838;-0.107261;-0.408767;0.104818;0.644769;-0.235205;0.413509;35.59;0
119150;-0.500837;-1.227893;0.25818;-0.549924;-1.097202;-0.632799;1.161152;-0.666687;0.180987;0.274481;-0.521944;-0.647861;0.307969;0.274744;0.145272;0.330324;-0.002069;-1.213082;-0.41768;1.30177;-0.186067;0.368291;0.143554;-1.225184;-0.613879;0.07266;-0.357334;0.235271;54.48;0
119300;-1.879878;-2.257513;0.4866;1.863864;0.331389;2.059556;0.501015;-0.008404;1.406207;-1.174637;1.02327;1.464176;-1.917973;1.938589;-0.160047;-0.556876;-0.03659;0.714015;-0.814608;-0.467338;-1.598336;0.067977;-0.734071;-0.27965;-0.584461;0.370221;-0.357666;-0.02164;17.54;0
119394;0.071813;0.173018;-0.38513;-2.292653;0.826719;-0.505379;0.703631;0.806627;0.350119;-0.12028;1.550712;-0.054012;-0.612777;2.096395;-1.71296;-0.799636;-0.266307;0.695344;-0.96127;-0.691434;0.054473;-1.101632;0.139806;2.008223;0.019046;-0.468081;-0.09852;-0.035598;2.93;0
119559;0.295226;2.097729;0.28356;-2.235804;-0.154719;-0.581016;-2.072411;1.301381;0.510757;-0.102496;-0.294816;-0.545957;0.522719;-1.209875;0.999548;-0.24391;-0.824083;0.259515;-1.661296;0.411855;0.916624;1.094716;-0.306603;-0.150468;-0.862657;0.135692;0.419564;-0.205115;11.3;0
119625;-2.771585;-1.998281;-2.356181;1.886237;-2.371621;2.058982;2.64147;1.111537;-0.390454;1.590753;-1.488016;0.660626;-0.214402;-0.280143;0.124774;-0.489689;0.714665;1.921764;-0.437841;-0.481372;-0.969785;0.663653;-0.351799;-0.884555;0.412033;0.211294;0.472135;0.426908;41.91;0
119686;1.476907;-3.834566;0.142837;0.080436;1.443895;-0.067054;-2.057555;0.741345;-0.26299;0.302703;1.004994;0.089787;0.403805;0.201511;-0.647208;0.445856;-0.353153;1.036077;1.577741;1.163407;1.290069;0.304605;-0.410821;-0.109759;-0.482491;-0.473133;-1.066566;0.012541;42.27;0
119868;1.873223;1.617372;0.739989;1.377559;1.081055;1.566627;0.183963;2.430745;1.010859;-0.322371;-1.552397;-0.167283;0.862682;0.544196;0.292507;-0.057533;0.114466;-0.420749;0.439374;0.38796;-1.513028;-0.985073;0.926988;0.434162;-0.601218;0.029891;0.607384;0.291575;35.24;0
119914;-1.492846;2.418075;-0.719661;0.211249;0.365707;0.584398;-0.196555;-0.11135;-0.207559;-0.068179;-0.901329;-0.033554;0.507849;0.202766;-0.48694;1.038171;-0.026042;-0.99918;0.9428;-0.570871;0.279815;0.603139;-0.741417;-0.382771;0.877726;-0.206215;-0.047184;-0.659185;75.42;0
120044;-2.064041;-3.721489;-0.124164;0.060002;0.105656;0.602236;-0.142564;1.255696;1.251889;0.017014;-1.715086;0.400093;0.28759;-0.900189;0.17336;0.566354;0.560846;-0.577771;-0.49991;0.235102;0.595726;-0.315853;0.409589;-0.680632;-0.26586;0.133297;-0.550145;0.048524;13.85;0
120093;-0.660775;0.525894;-1.658373;-1.81579;-2.408366;-0.304583;1.068584;1.110814;-0.170839;0.047584;1.002428;-0.671325;0.153226;-0.942618;1.252357;-0.752942;0.372371;-0.488046;-0.692455;0.064119;1.061797;0.597698;-0.038904;1.532671;0.147367;-0.648308;-0.020473;0.094337;34.47;0
120177;-0.023405;0.121854;-1.867974;0.031888;1.119026;0.687939;-0.887685;0.578439;-1.347603;1.100898;0.603527;-0.467042;-0.575477;-1.469601;0.352863;-0.364488;-0.239546;-1.535693;0.412352;-1.468651;0.325078;0.393414;-0.853228;0.226898;0.31133;-0.514269;-0.330658;-0.385308;78.11;0
120225;-0.585133;-1.632332;0.338331;2.003482;2.101227;-0.154884;-0.546557;0.621795;-1.447832;1.15679;1.670651;-0.95776;-0.916754;-1.929771;-0.45323;-0.75077;-0.376868;0.415189;0.057954;-0.750024;-0.247438;-0.244701;-0.194464;0.934296;0.754903;-0.682621;0.660928;-0.244576;29.16;0
120264;-0.18879;-2.682235;-1.08164;0.150472;-1.486969;-1.049059;-1.43179;0.59781;-0.23891;-0.989866;-0.430081;-1.185381;1.27139;-1.49149;-0.948163;-0.749982;-0.11524;-1.103643;-0.05501;-0.496486;0.112703;0.757414;-1.458664;-0.244184;-0.308305;-0.563715;-0.231785;0.24841;5.13;0
120272;0.361882;1.445728;-2.663007;1.038551;1.906126;-0.118658;1.381477;-0.792801;0.957314;1.254076;-0.820455;1.841583;0.730717;1.125061;-0.660048;-1.569846;-0.974427;0.195737;1.348601;0.302206;-0.508132;-0.858148;1.056146;1.081772;0.092125;-0.306546;-0.382588;0.199921;7.83;0
120274;-2.738124;0.039792;-1.658785;0.999211;1.611412;1.732815;0.319946;0.527025;-0.781601;0.908969;-0.515307;-0.88719;-0.787576;0.691867;0.728956;0.8383;-0.711674;0.787803;-0.662186;0.446111;-1.462469;0.040472;-0.238195;0.553531;-0.062053;0.251361;0.839633;0.098866;115.15;0
120319;-2.513926;0.170158;-1.439232;-1.368045;-1.52761;0.732892;0.78015;0.940454;0.754965;0.03253;-1.339426;0.998609;0.031529;0.541147;-0.061479;1.147242;0.436232;1.175561;-0.77415;0.93904;-0.186656;1.194254;0.681608;0.311817;1.247126;0.04513;0.159916;0.429803;267.39;0
120381;-5.378442;-1.345661;1.189617;1.287125;-0.493918;1.042026;0.99686;0.433104;0.060809;-1.516621;1.477225;-0.342271;-1.366217;-0.203806;0.499375;-0.85905;0.237457;-0.211186;0.679791;-0.532604;0.348532;0.350396;0.824361;-0.749534;-1.051595;0.043566;-0.204018;0.189583;193.05;0
120396;1.767963;-1.657303;0.290462;-0.375495;-1.875704;0.021952;2.459352;-2.142078;0.616831;0.32178;3.464167;0.545071;-0.488778;-0.029846;-0.264483;-0.947658;-0.85079;-0.601675;0.570789;-1.131206;0.738784;0.657698;-0.362203;-0.448786;-0.083453;-0.478339;0.741159;0.463825;46.91;0
120444;-0.040307;-4.517104;-1.296119;-0.298706;-0.039891;-2.557261;2.243013;-1.837541;-0.368656;-0.295797;-0.718288;0.008102;0.484275;-0.24795;-0.859383;0.503616;-0.123055;1.122586;-0.855693;-0.642208;-0.36463;0.057116;0.008185;0.274534;-0.009062;-0.011021;0.523545;-0.298729;5.45;0
120514;1.97331;-0.664488;-0.867527;3.048727;0.668678;-1.6045;0.390572;-0.923696;0.151311;0.694822;0.624552;-1.763367;0.219796;-1.513458;0.535089;-0.71105;-1.364271;1.265398;0.054017;-0.533665;1.068333;-0.015428;0.104948;-0.211842;-0.057679;0.615702;-0.245904;0.079228;32.8;0
120523;-2.288589;2.21917;2.001247;0.918171;-1.772246;-0.364377;0.185874;-0.083193;0.982617;0.794798;-0.138599;0.038658;0.081143;0.631779;-0.746097;1.131186;0.096316;0.573416;-1.462742;-0.607378;-0.132619;-0.87881;1.168162;0.22725;-0.751249;0.144668;-0.322117;0.032399;344.94;0
120577;-3.129647;7.314945;-2.847385;5.535833;-3.295987;-3.049424;2.771498;-2.463782;-3.686737;7.801843;-1.438703;5.20588;4.525524;-3.214379;3.778716;3.101823;-2.379901;-5.08981;-3.944738;5.420267;2.983949;-4.467107;-3.444298;3.873418;3.88609;4.844564;3.838967;2.905265;7.82;1
120642;-0.022406;-1.81014;1.433515;-0.836673;0.582408;-1.489633;-0.669856;-0.859811;-0.068889;1.527792;0.470575;0.609668;-0.878272;0.828572;-0.381218;-0.620735;-0.309084;-0.581199;0.231393;-0.00663;0.339353;-0.112233;-0.128597;-0.290837;-0.964272;0.397275;0.039498;-0.400044;83.74;0
121127;0.348912;-2.903777;-1.668271;0.161644;0.931994;-0.677396;0.912756;0.818635;-0.62734;-1.066695;1.100893;-0.935432;-1.072992;-1.094317;-1.123763;-1.871808;1.781744;-1.106264;-0.389307;0.547631;0.534526;0.485093;-0.043329;0.257113;-0.801274;-0.247632;-0.064872;0.586111;24.26;0
121300;-1.165476;0.4837;1.776924;0.122;0.951801;-0.725538;0.86682;1.468479;-2.04952;2.42082;-1.145953;2.308498;0.881986;-1.095198;-0.861032;-0.104631;0.484952;0.937637;-0.209174;-0.307126;0.028982;-0.787678;-0.877413;-0.399703;0.448479;-0.234875;-0.28466;-0.150721;85.02;0
121386;-3.099184;0.802738;-0.10175;2.464252;0.677214;-0.685444;-0.914445;1.637067;0.545686;1.065863;-0.468162;0.814069;1.595862;0.347697;0.805108;-0.511237;-0.839713;-0.05177;-0.933345;0.395844;-0.076151;-0.693335;-0.564304;0.27466;-0.008801;0.2555;-0.007976;0.129086;4.93;0
121389;3.334449;-1.283617;1.227414;0.126034;-1.645317;1.931436;0.882531;0.450805;-0.89882;0.868533;1.247219;0.82276;0.497962;0.339231;0.943556;0.139612;-0.851548;1.041417;0.957762;0.75694;1.126702;0.301881;-0.319811;-0.615192;-0.914806;-0.459774;0.699272;-0.161049;11.66;0
121482;2.658603;-0.873363;-0.226595;3.205358;-0.117634;-0.050461;1.24036;1.340152;-0.622604;2.178886;0.539012;0.9279;-0.195409;0.713369;0.983243;-0.297043;0.52845;-0.558783;0.202505;0.001881;-1.25028;0.59523;0.796832;-0.209107;0.744548;-0.059135;0.418605;0.376012;6.51;0
121592;-0.814768;0.186552;1.810602;-1.77136;0.536246;1.263111;-1.400842;-0.619437;-1.227943;0.436443;0.353866;-2.300698;1.146032;1.36703;0.986382;0.517357;0.73622;0.931309;0.794846;-0.865827;0.020962;1.45086;1.163773;-0.131154;1.020891;0.091603;0.155292;-0.084237;66.98;0
121665;0.924944;-0.539101;-1.731027;0.024059;2.066215;0.238047;0.225493;-0.130468;-0.303093;1.216675;0.539878;0.707816;-0.838471;-1.005594;-0.332169;0.382351;1.578355;1.182297;-0.09494;-0.204884;-1.349143;-0.197413;0.300683;-0.550111;0.156619;-0.191305;-0.136314;-0.086264;96.66;0
121769;-1.015342;1.460224;-0.36573;-1.013255;0.053403;1.902943;-0.091504;-1.338716;2.257298;0.275051;0.640049;2.263318;0.98094;-0.068715;0.595508;0.296648;0.974469;-0.203305;0.953681;0.795721;-1.322191;-0.177894;0.207581;-0.39146;0.222083;-0.413968;-0.050861;0.007109;26.29;0
121923;-2.011037;3.94643;1.856854;-0.632657;0.637247;1.377903;-0.016679;1.48621;0.337243;1.006493;1.200919;0.76182;-0.602755;-0.950499;0.948128;0.177879;0.390344;0.259225;-1.523039;0.495303;-0.048763;0.598743;0.414611;0.170835;0.046223;-0.318613;0.273678;0.027899;8.94;0
122039;3.49316;-3.226853;-3.592838;-0.601833;-1.236197;-0.766716;-1.19129;2.389476;-0.758552;1.356152;0.788849;-0.250168;-0.555619;-0.881352;-0.804056;0.009452;1.203924;-0.975402;-0.005287;-0.811834;-0.393902;0.410823;-0.434491;0.431784;-0.326098;-0.675134;0.24142;-0.180998;32.15;0
122079;-3.297969;1.857476;-0.049553;-0.940055;-1.543754;2.628967;-2.274929;-0.364831;-0.551934;1.244232;-0.031741;-1.094166;-0.34948;-0.402605;0.166333;-1.219636;0.044135;-0.954244;0.958031;0.916636;1.507631;-0.18594;0.851758;0.152937;-0.951758;0.135911;0.026157;-0.254745;15.96;0
122131;-0.626732;-0.087901;-0.574255;2.526844;-1.720639;-0.584515;-0.946716;-2.532492;-1.632603;-1.558064;0.380097;-1.189736;-0.127146;1.392742;-0.126106;0.352565;0.005857;0.266527;-1.61463;-0.244566;-0.194968;-0.020399;-0.897243;0.309124;-0.562949;0.408855;0.434287;-0.177924;10.03;0
122145;0.094431;2.131588;1.053838;2.090036;-0.52997;0.286001;-1.120368;-1.086928;-1.293673;-0.361061;-0.048778;-1.308616;0.848341;1.070626;-1.712929;0.654122;-1.062888;-0.453732;0.094692;-0.815997;0.818658;-0.452347;-0.291973;0.052341;-0.028236;-0.247443;-0.465868;-0.05125;55.06;0
122211;3.149911;0.983133;1.635569;0.641755;2.895631;0.521446;0.427997;-0.723705;-1.468468;1.367264;-0.741067;-0.386427;-1.282158;-0.061831;0.286339;0.317107;1.277198;0.202195;0.457484;-0.014569;0.027696;-0.832364;0.395055;-0.423886;0.299255;1.341408;0.39369;0.089634;10.62;0
122355;1.678348;-0.164199;1.122729;-0.60358;-0.504865;0.669525;0.448196;-1.528181;0.247365;0.632968;-0.03266;-1.047453;-0.610236;-2.059858;-0.66026;-0.167328;0.093856;0.13763;-0.321397;-1.164211;-0.887151;-0.097297;-0.308342;-1.053384;-0.120636;-0.371669;0.248375;-0.134092;3.16;0
122372;-3.330887;1.04484;0.38391;-0.900191;0.553184;1.078919;0.377614;-1.176066;0.441383;0.036122;-0.096087;-0.140454;0.171263;0.387067;0.946614;0.529503;-0.104811;0.548095;0.795579;0.51067;-1.296721;1.096304;1.520451;-0.323024;-0.049355;-0.363424;-0.570651;-0.375552;4.41;0
122405;-0.075363;-0.951889;0.081252;1.123368;0.818795;-0.986523;-1.741946;0.293496;0.035358;0.643339;-1.712054;0.211899;0.505512;0.364885;-0.703741;0.218229;-0.702844;0.444948;0.803781;0.891376;-1.005538;-0.517371;0.40392;-0.074189;0.022918;0.37716;-0.262698;-0.398752;2.99;0
122526;-0.028933;-1.609541;-0.497493;0.496214;-1.45631;0.967406;-1.398252;0.83507;0.356825;-1.113027;0.810434;-1.692644;-1.66665;-0.88625;0.289491;0.634895;1.033824;0.773263;-0.510704;-0.760985;0.229385;-1.033209;0.59979;-0.382955;0.055132;0.304265;0.599176;-0.301441;48.0;0
123065;-0.51526;1.132793;0.337059;-0.135653;-0.550447;0.792924;-0.774674;-2.406625;-0.892823;0.947262;0.983353;-0.747439;-0.788784;0.807469;0.092084;-0.067068;0.828413;0.190693;-0.323317;-0.119622;1.155898;-0.72267;-0.480535;0.947244;-0.305172;0.328252;0.210349;0.109309;41.5;0
123249;1.138628;-1.730688;2.224079;0.838494;0.911693;0.020628;0.018697;-0.583272;-1.313105;0.49489;0.574685;-0.563259;-1.708777;-0.904711;-1.577915;-1.246075;-0.795923;0.25813;-0.950779;0.681143;-0.676982;0.382763;0.588289;0.168602;0.214751;0.524967;-0.046174;0.289319;38.5;0
123267;-2.817759;0.841305;-1.234074;1.33532;0.641092;-0.232359;-0.425533;0.094835;-1.320079;0.182922;0.9224;-0.59119;-0.701481;0.804629;-0.301511;-0.147315;0.419015;-0.001743;0.2473;-1.01476;0.60163;0.308728;0.492229;-0.055827;-0.578372;-0.456575;0.131589;-0.364266;79.97;0
123394;-0.86684;-0.216807;-0.587143;-0.148737;-2.701713;-1.054775;0.375192;-1.219453;-1.368819;-0.105014;-0.159427;0.027736;-0.449843;0.241423;0.315123;-0.824826;0.664546;0.881777;0.154019;-0.930466;-0.142657;0.914928;0.960019;0.333713;0.159386;0.182754;0.004995;0.140292;197.93;0
123482;0.863697;-4.299934;-0.09402;-1.048003;0.870286;0.658867;1.199583;0.331059;0.344542;0.341853;-0.504356;0.133534;0.452641;-1.391422;0.921392;-0.397992;-1.091798;1.545939;-0.008109;-0.172508;-0.78734;0.764327;-1.369139;1.233699;-0.78953;-0.68565;0.144133;0.122298;13.62;0
123695;1.255173;-1.263682;1.531408;-1.805984;-0.710367;-0.858424;-1.249124;-0.090217;2.165068;-0.208958;0.987883;-0.410048;-2.229342;-0.337017;0.006869;0.086149;0.531466;0.629718;0.071544;-0.20476;0.248866;0.214258;-0.493964;-0.171742;-0.620852;0.522133;0.374469;0.605656;60.93;0
123720;0.221368;0.30927;0.357187;0.425897;-0.674248;0.336381;-1.201975;-0.483823;-1.202001;-0.263032;-1.059959;-0.655735;0.597138;0.148865;0.814541;0.88125;0.359254;0.417868;-0.704328;0.047579;1.151748;0.468398;0.198544;-0.588188;-0.373088;0.487814;0.724336;0.766786;3.1;0
124251;-0.632365;-0.972381;1.505058;3.147489;0.608715;-0.114768;0.157846;-0.978745;-0.42614;2.039864;-1.095309;-0.010407;-0.518983;0.298152;0.479004;0.596086;0.515933;-0.182574;-1.16738;-0.070908;-0.065089;-0.539558;0.21709;0.196326;0.101158;0.511287;-0.390365;0.350319;261.93;0
124278;-0.303885;-4.675847;1.581506;-1.507142;2.151652;-1.754434;-0.111718;0.375355;0.173183;-1.639315;0.477102;1.437874;-0.357263;1.00185;0.50944;0.193759;1.688571;0.204095;0.349803;-1.013945;0.595568;0.496268;-0.037922;-0.701067;0.122632;-0.025828;0.465997;0.232361;5.12;0
124422;1.373794;2.014898;0.913976;1.631246;-0.2266;-1.221473;0.911771;-0.85855;-0.356909;-1.616906;0.449178;-1.430901;0.902444;1.121463;0.550131;1.10835;2.527028;-0.331794;-0.170485;-1.23356;0.215314;-0.078355;-0.957315;-0.581549;-0.442348;0.503305;-0.148512;0.175729;11.41;0
124805;-0.003893;0.023019;-1.58663;-0.88929;1.677089;0.558352;-0.000605;-2.012286;0.316245;0.941855;0.968674;1.130369;1.261093;-0.21908;-0.259861;0.05169;1.043158;-0.517338;-0.84519;-1.004952;0.216569;0.612521;0.111835;0.868643;-0.737698;0.082254;-0.491339;-0.241362;13.51;0
124808;-2.101603;0.497669;2.528252;-0.603125;-1.938473;-0.677343;2.148246;0.076298;-0.68293;-1.239512;-1.724651;-1.607328;-0.658911;0.546949;-0.910122;0.188097;0.204024;-0.164807;-0.597271;0.397229;-0.596265;0.301454;0.181274;0.790443;0.627125;0.677746;0.523697;-0.377592;3.36;0
124840;-2.47532;-1.088768;2.152695;1.369191;0.230426;-0.722699;-1.978965;-1.424438;-0.798368;-2.093848;-0.079697;0.368216;-0.665381;1.553618;1.418477;-0.32364;0.528888;1.503282;0.73402;0.742327;0.348295;-0.340817;-0.011861;0.396647;0.034695;-0.151316;-0.27636;-0.514257;34.77;0
125007;-2.974793;0.649477;0.115945;-0.292467;-0.696656;-0.99605;1.031869;-1.908974;-0.250574;1.195551;-1.132974;1.049117;-0.370053;-0.967918;0.689179;-0.931103;0.353264;-0.071192;0.687772;-0.05852;-1.077083;-0.792308;-0.032844;0.237822;-0.071352;-0.158243;0.399199;0.051942;45.64;0
125240;2.768383;2.904239;-2.066473;0.422529;0.43917;-0.950915;0.237164;0.204131;0.309218;1.463476;0.8924;-1.300269;-0.670109;-0.573642;-0.072314;0.500092;2.002505;1.363665;0.526986;0.557111;0.253781;-0.360202;0.57416;-0.744815;0.189315;0.209545;0.43158;-0.248071;24.93;0
125325;1.504551;-1.541676;-2.336352;0.395315;-0.358904;2.204746;-1.749721;-0.143862;1.360741;-1.335759;1.380424;0.357253;-1.407687;-1.57893;0.551615;-1.369925;0.098167;-0.816587;-0.043429;-0.458298;0.991948;0.13294;-0.105508;-0.493275;-0.496055;-0.618405;0.777357;0.262001;3.29;0
125404;-0.277651;2.613932;0.404017;-0.887006;-1.800665;-1.469519;-2.57427;-0.980941;0.364299;-1.866908;0.534586;-1.025787;-0.060165;-0.596175;0.351624;-0.809502;-0.376265;0.11673;-0.56245;-0.272693;1.306872;-0.587559;-0.785062;0.807046;0.556879;-0.115947;0.494147;-0.371042;648.77;0
125445;-0.954895;0.419516;-1.039643;1.341039;-1.174625;1.978961;-1.405024;0.322439;-0.327373;-1.238466;-0.549005;1.168613;-0.66358;0.20755;-0.787262;0.166215;0.451913;0.605388;1.06105;0.721608;-0.770857;-0.110063;0.860138;-0.309222;0.299535;-0.024955;0.521332;0.083611;75.48;0
125469;-1.189164;-1.774119;-2.572956;-0.017447;-2.217617;-0.419873;1.489269;0.554479;0.863873;-0.672901;-0.743557;-1.574081;0.063942;-2.0215;-0.31742;-0.737112;1.77544;0.648616;-0.271951;0.368213;0.312466;0.783124;0.825186;-0.487953;-0.147345;-0.65492;0.471864;-0.251923;1722.16;0
125655;2.061812;3.557436;-2.364842;-1.901685;-1.753524;-0.849493;1.348087;0.335396;1.050111;2.176165;-0.400065;-0.873548;1.610344;0.429563;1.197061;0.025654;-0.853035;-0.909717;0.209181;0.145938;-0.524858;0.84593;-0.034591;-0.115863;-0.032345;0.048425;0.090263;-0.454943;9.9;0
125831;3.643645;0.407538;-0.689674;-1.197327;0.712848;0.530485;-0.169529;0.292194;-0.383682;-0.378424;-0.837947;0.140066;-0.131424;-0.443451;-0.014822;0.139689;-0.597831;-1.021249;-0.69894;-0.103509;0.092578;0.344285;0.532544;0.351993;-0.124664;0.242405;0.54215;-0.268426;139.33;0
125836;-1.250516;0.900308;0.314344;-4.355647;-0.296431;0.090544;-0.459218;-1.860406;-0.210548;0.996725;-0.142426;0.714359;-0.755475;-0.050167;0.33146;-0.483049;-0.645435;0.520317;-0.202986;-0.881816;1.393177;0.981562;-0.954894;-0.126575;0.69328;0.409809;-0.105035;-0.213591;106.58;0
125972;2.14991;-0.735979;2.142627;0.143829;0.368593;-0.242675;-1.07156;1.588952;-0.519813;0.876726;-0.745883;0.10179;-0.291334;-1.112117;1.136252;0.058545;-1.049487;-0.464742;-2.169855;0.075839;0.630759;-0.911065;-0.099567;-0.108571;0.224263;-0.734005;-0.249428;-0.006932;21.42;0
126076;-0.015375;-1.647645;0.751173;1.921774;2.555497;0.312445;-0.242363;0.71339;0.852994;1.531439;-1.389282;0.500189;0.093543;-0.08817;-0.017568;0.046776;-0.838006;0.53294;-0.519289;0.248653;-0.486292;0.934224;-1.072803;-1.328624;0.282042;0.496485;0.237923;-0.19948;274.95;0
126294;-0.484236;0.020317;-0.555921;-1.416953;-0.358441;0.069474;-0.59796;-1.081441;0.03161;-0.592319;0.408259;-0.533724;-0.188845;1.622032;-0.857526;-0.993714;0.788722;1.20607;-1.244106;1.710253;-0.527438;-0.979079;0.687274;-0.043196;0.035969;-1.017505;0.495693;-0.305715;18.03;0
126419;2.863218;2.465932;0.593724;0.901464;0.925312;-0.266745;2.110328;0.036008;-1.596071;0.078888;0.486981;-1.070196;-0.570316;-0.373812;0.093113;0.490974;0.169039;-0.551122;0.165959;-0.050785;0.002384;0.007226;-0.937507;0.608423;-0.000122;-0.444328;-0.068429;-0.264528;19.27;0
126489;-0.089823;-0.805711;0.458757;0.681406;0.088827;1.264447;-1.543329;0.262166;0.396775;-0.148927;1.753408;1.459967;-1.620469;-2.11442;-0.518095;-1.777155;-1.132716;-0.438648;-0.492564;-0.274641;0.052045;-0.585272;-0.265031;-0.041844;0.977133;1.000403;-0.157869;-1.231515;0.5;0
126528;0.507911;-0.31628;1.136713;-0.997666;3.862505;-1.904479;0.476623;0.003185;1.588599;0.676415;-0.421858;0.503777;0.578321;1.175221;-1.276334;1.663019;0.569683;-1.701992;-0.254333;0.227036;0.087016;0.531999;0.123752;1.262661;-0.188584;0.075432;-0.574338;-0.125246;61.16;0
126588;0.414134;2.249448;-0.040313;2.251879;-4.114353;-1.196504;2.168768;2.183743;1.675462;1.415314;-1.908009;-0.472858;-0.887503;0.53075;0.720773;0.479991;0.277091;0.672926;1.715589;1.125213;-1.09712;-1.127455;0.500833;-0.440612;0.114049;-0.512178;-0.328945;0.011163;4.53;0
126682;-3.239919;-0.789565;1.584659;-0.317178;-0.940374;-1.028326;0.950483;-2.26485;-0.577018;2.464474;0.851607;-1.627215;1.373977;0.100281;-0.243252;0.908621;0.79841;1.789542;-0.837324;0.281101;1.449345;-1.270704;0.316894;-0.298606;1.071912;-0.667563;-0.278547;-0.139196;14.5;0
127020;0.492402;0.612778;1.264922;2.924581;0.952553;-1.387056;-1.404103;-1.706675;-0.816271;-0.335785;0.966311;1.220941;-0.384175;0.55533;-2.726589;0.592296;-0.539443;-1.047356;0.08875;-0.127852;1.521457;-0.471207;0.698658;-0.409021;0.690048;-0.620506;0.490349;0.06538;7.1;0
127250;-1.167249;1.247816;0.144877;-2.252664;-0.989009;0.134282;-1.922489;-2.685734;2.037655;0.244105;1.184842;1.261711;-0.525858;0.089216;0.220705;-0.027667;-1.075298;1.044927;0.167705;-0.594484;0.339912;-0.522146;0.488403;-0.426066;0.197234;-0.464113;-0.16189;0.318518;19.12;0
127258;-2.841249;-0.610431;-0.160029;-0.312172;0.831179;0.692208;0.330257;0.145053;1.673374;1.034723;1.520751;-0.20529;-0.482632;1.587536;0.231906;-0.66931;0.564698;1.12178;-0.77935;-0.631049;-0.645203;-0.411075;0.801278;0.327524;-0.785071;0.477412;0.192518;0.349625;64.45;0
127440;-1.078417;0.266019;1.40882;-0.143358;-0.032909;-2.590166;0.176649;0.697378;0.464033;0.756828;1.535241;-0.644007;0.114183;0.73192;1.765215;-0.011624;0.689584;0.658546;0.883819;0.611474;-0.467691;-0.485974;-1.098144;-0.167693;1.127775;0.268473;-0.600272;0.32261;33.67;0
127454;-1.094508;0.873708;-1.057346;0.01233;1.243629;-0.610491;1.518187;0.480303;-1.933412;1.959446;-0.976312;-0.246703;-0.861765;-0.428168;-0.013791;0.745783;-0.969821;-0.508635;1.323526;-0.211603;-0.697606;0.49486;-0.31046;1.186049;-0.125037;0.523034;0.520179;-0.203094;96.01;0
127509;1.938271;-0.963583;-2.254985;1.08719;-1.51233;-0.407813;0.670075;-0.294058;-0.716953;-0.027569;1.599039;-0.19868;-0.678189;1.442277;0.961526;-0.71394;0.184766;-0.204464;0.961578;1.555364;-0.763476;-0.061007;0.269851;0.150779;0.043631;-0.518645;0.094208;-0.306493;221.06;0
127532;-2.14439;1.141274;-2.26357;4.895341;0.288522;-0.360188;-0.611202;0.533783;-1.252915;-0.343207;-0.314596;0.771842;0.567462;1.757185;0.578371;0.148182;-0.549986;0.46401;-0.782612;0.074684;-0.472861;1.115347;0.965711;-0.531907;0.536544;-0.976592;-0.540739;-0.185203;19.05;0
127604;-1.610203;-1.216286;-1.182525;0.716194;0.693105;-1.689167;-0.695366;-0.302775;1.943592;1.590163;0.834406;-1.116481;-1.007008;0.883949;-0.546374;-1.582969;0.815193;0.43942;-0.579293;0.385816;0.29829;0.166228;-0.323121;-0.605494;-0.107132;0.313122;-0.207352;0.19904;16.15;0
128005;0.389007;-1.437902;1.016075;0.104421;0.231869;-0.396717;-1.629636;0.931464;-1.728138;0.420325;0.284683;-0.567769;0.496299;0.400652;0.306947;-0.701375;0.54947;-0.210431;-1.651752;-0.416705;0.083778;0.635232;1.208384;1.016682;0.110595;-0.031391;-0.310089;0.102826;139.29;0
128066;-2.655298;-2.911781;-0.618426;-1.486603;0.256189;-1.191793;0.150412;1.36768;1.934013;0.678862;-0.972204;-0.171832;0.764366;-0.809933;-0.159621;-0.745627;1.028117;0.38674;-0.157179;-0.623243;1.102677;0.417475;0.208895;0.134639;0.033532;-0.390083;0.092627;-0.251502;156.89;0
128340;-1.355063;-1.14099;0.328819;-2.613951;1.709355;-0.424722;-1.751516;-1.058114;-0.166077;0.010776;1.203566;0.265807;0.610934;0.668233;-0.635848;1.488708;-0.743457;-0.303324;-0.099222;0.598137;-1.121955;-0.646741;-0.45121;0.796196;-0.189069;0.487889;-0.142954;0.355421;100.57;0
128478;-3.31573;-1.68082;-0.727897;1.73177;-2.26827;-2.267105;1.118388;-0.292289;-1.367469;1.100536;-0.445224;0.867715;0.19428;0.382505;-0.480077;-1.166947;-0.613166;-0.094552;0.621353;0.930642;-0.653021;-0.374979;-0.725806;0.042399;0.18269;0.636319;-0.119221;-0.365842;7.94;0
128554;1.724022;-0.963512;-0.71591;-0.706434;0.222455;-0.415654;0.720552;-0.099542;1.035478;-0.852934;1.91595;0.317871;-1.762006;-0.015731;-0.603588;0.360727;-0.338709;-0.170393;1.418303;-0.755201;-1.470085;0.715788;0.446128;0.009685;-0.329714;0.844629;-0.334867;-0.17242;62.43;0
128812;-0.657658;0.788747;-1.52845;3.767905;-1.618624;-0.936315;0.681245;1.746266;0.642444;-0.409519;-0.758508;1.744583;-1.192287;0.681297;-0.018816;1.413136;-0.475844;0.919651;-1.029637;-0.555924;0.095622;-1.278813;-0.406882;0.817266;-0.590929;-0.505252;-0.491252;0.068995;39.03;0
128917;-0.10104;-3.255416;-0.118762;1.30286;1.095503;-0.3291;-1.649066;-0.917996;-1.442845;-2.796579;-1.00454;-0.971631;-1.331161;0.093575;-0.014301;0.894764;0.296869;-1.199949;0.10215;-0.497344;1.158468;0.350398;-0.17877;0.227403;0.281233;0.602338;0.328284;0.275076;160.58;0
128994;1.71622;-3.686181;-0.244497;0.555014;-1.106348;0.420054;-0.195955;1.356219;-0.077767;-0.594053;-0.656128;1.457019;-0.393242;0.536832;-0.510314;1.348876;-0.946289;0.545913;-0.192984;0.531012;-0.354886;-0.128341;0.090472;0.220689;0.650895;0.190927;0.398659;0.382252;14.02;0
129163;-1.478424;-1.565907;0.643124;0.629663;-3.361975;-0.039498;-0.492739;-1.694611;1.463125;1.105422;1.545105;-0.934336;-9e-06;1.004396;-0.199449;1.479557;1.288235;0.301777;-0.13262;0.288542;0.986761;-0.53632;0.1137;-0.247218;-0.386115;-0.305097;-0.266364;0.100541;2.72;0
129187;-0.678375;0.527929;0.454423;0.643647;1.128425;1.075216;0.11748;1.529819;-0.500894;0.140594;-1.578544;-0.38135;-1.173439;-1.267851;-1.717129;0.05944;1.479692;-1.906113;1.257068;-0.066435;0.496449;-0.191725;1.175747;0.531566;-0.27387;0.592759;0.199547;-0.408285;93.26;0
129299;-2.12984;0.229736;-0.277693;-0.916285;-0.320352;-0.459819;0.645356;1.063741;1.797701;-0.917071;0.951328;0.393351;-0.19577;-0.973688;-0.927691;0.428093;0.934121;0.731661;0.067529;-0.59052;0.622749;1.166653;0.23418;-0.0453;0.002515;-0.433651;-0.357282;0.349412;0.71;0
129540;-2.134082;-1.593558;-2.254194;-2.417134;0.542149;0.843117;-0.64686;-0.135232;-0.869261;1.648117;1.889008;1.176091;0.626836;-0.865733;-0.276124;0.181535;0.410072;0.83646;0.435298;1.248093;0.417707;-1.241117;-0.384965;-0.338592;0.003082;-0.307599;0.31403;-0.343751;11.05;0
129593;-1.865137;1.753076;1.636575;-0.711973;2.019272;1.516233;-0.60022;1.140842;-1.834229;0.240977;-0.152769;-0.379718;-0.988777;1.872409;1.511226;0.433076;-0.12592;-0.340383;0.373934;0.762753;1.306349;-0.877452;-0.472782;1.313017;-1.025529;0.442631;-0.054144;-0.15822;7.14;0
129706;-1.030356;-1.409049;-0.108417;0.043934;0.562533;0.3841;0.833111;-0.546119;-0.000263;1.936188;-0.380948;0.39859;-0.815719;0.618136;0.566245;0.381181;0.142461;0.407207;0.166644;-1.526443;-0.156149;-1.395376;1.023691;-0.182761;-0.220471;-0.301487;-0.29577;-0.325057;7.06;0
129751;-0.820351;0.530045;0.14026;-0.849901;0.283811;-0.007661;-1.41058;-1.048147;-1.656707;1.02379;0.101494;-0.302468;1.103721;0.707554;-0.899352;1.521307;-0.670411;0.224797;-0.631337;0.669674;0.491364;-0.315378;-0.329609;-0.482121;0.933522;0.199108;-0.408806;-0.029964;10.77;0
130010;0.492833;-0.89762;2.436748;-1.756239;-0.015233;0.571102;-0.93586;2.08069;0.087376;0.29514;-1.124857;-2.262609;-0.920208;1.094261;1.459493;0.266767;0.115391;1.874794;1.50607;-0.212277;1.337202;-0.449721;0.352551;0.693832;0.72667;-0.24435;0.436531;-0.336824;205.63;0
130069;-1.807873;-1.772983;1.391415;-0.992459;-1.533283;0.431081;-0.002762;-0.594006;-0.044343;2.090155;2.72123;-0.028051;0.298584;-0.994788;-0.011462;-0.829319;0.268397;0.422034;-0.037546;-0.453158;-0.757013;0.1156;0.109164;0.414022;0.886235;0.08514;-0.556313;0.155837;113.39;0
130184;0.553284;-1.316766;0.694138;1.54074;-0.247042;1.351653;1.105653;0.855633;-0.884819;-0.318381;0.703207;-1.219114;1.159685;-1.946749;-1.042515;0.534337;-0.729799;0.088842;0.420213;0.599993;-0.167062;-0.345224;0.250768;-0.404359;0.321158;0.120712;-0.031415;0.137019;22.7;0
130385;0.875753;0.999821;0.016518;1.132438;2.77398;1.075753;-1.211281;1.369521;2.016551;-1.103431;-1.224926;1.268774;-1.164234;-0.050348;-0.081812;0.653108;1.374411;0.919755;0.195585;0.280267;0.409587;0.324685;0.856938;-0.048099;-0.27661;-0.469695;-0.767613;0.248752;181.35;0
130488;-0.982253;0.354574;0.002415;0.313402;-0.467803;1.09175;2.209227;1.009535;-0.054373;1.833292;-0.803331;1.275622;-1.092415;0.871669;0.88643;-0.71332;-0.092435;1.350461;-1.720395;0.078528;-0.636856;-0.567166;0.165303;0.408044;0.133329;0.101663;-0.385562;0.094092;6.73;0
130559;-1.639213;1.404818;0.382573;0.903679;-0.165299;0.078555;-1.684822;0.763133;0.900802;0.748938;0.202716;-0.817638;-0.252222;-0.179689;-1.041684;-0.749313;-0.904703;1.740489;-0.854149;-0.682489;-0.66752;1.510158;0.49684;0.128894;0.311173;-0.257692;-0.508484;0.073758;5.49;0
130956;0.095904;0.354506;0.634429;-1.537346;1.784777;0.473831;1.912346;0.85941;0.97159;1.609245;-1.300312;-0.969798;0.034896;-1.305141;-0.952885;0.846742;-0.196566;-0.501955;0.082319;0.791327;1.471878;0.442765;0.179561;0.479457;-0.171189;-0.46859;-0.979965;-0.323554;120.95;0
131024;-0.465689;-3.057323;2.604217;-1.059503;-2.076978;0.44896;1.477492;1.308369;1.887112;1.050687;-1.514408;-0.612691;-0.645941;-0.859019;1.63375;-0.459072;-0.538164;0.361014;-0.698141;-0.942035;-0.602792;0.371292;-0.291206;-0.004017;-0.896732;-0.545807;-0.214021;-0.22375;79.0;0
131028;0.359686;3.387938;3.754632;0.511641;0.905771;-1.585815;-1.783326;0.428089;-1.380361;1.881389;0.319643;0.537071;1.862431;-1.122088;0.259749;-0.353952;-0.742649;-0.521778;0.316454;0.606078;-0.27749;0.451086;0.296318;0.499029;0.470839;-0.540318;-0.133339;-0.033454;16.6;0
131367;2.99124;0.379042;0.458294;-1.356403;-2.142654;1.441658;-2.033932;0.002826;-1.98322;-0.467558;1.046118;0.540998;0.487082;-0.57787;-0.43921;-0.396094;1.331339;1.94977;-0.747234;0.079079;0.147622;-0.753085;-0.41355;-0.188443;-0.233247;-0.297237;-0.468808;-0.005794;6.03;0
131464;0.063842;0.620382;-3.231447;0.223926;0.60088;-2.200156;0.882632;-1.579039;1.846423;-0.115612;0.953526;3.38397;-0.80214;-1.103005;-0.106654;0.225715;-0.011439;0.039737;0.003692;-0.017505;0.302956;-0.177658;-0.731442;-0.394024;0.325725;0.281359;-0.244163;-0.110183;295.77;0
131505;-1.3165;-0.921929;-1.417134;-1.722785;0.019075;0.967208;-0.477977;0.428571;0.589233;-0.127096;-0.040932;-0.295593;-1.341368;0.150908;0.249826;0.980844;0.865614;0.803942;-1.393062;-0.414394;-0.408021;-0.146517;0.350561;0.642333;-0.822159;-0.668274;-0.093086;0.183666;2.51;0
131506;-1.807235;1.655798;2.75536;-2.27245;0.895112;0.375105;-1.258614;1.273723;0.088942;-0.112396;-0.26;0.100456;-0.090482;-0.515678;-0.186043;0.5984;0.333849;-0.138899;0.667087;0.136807;-0.16177;-0.339833;0.27769;0.177561;-0.333648;0.04092;-0.757833;0.764538;13.5;0
131589;-1.731793;-2.161076;1.105165;1.115232;-1.347215;-0.358103;2.236509;-1.259859;-0.196627;-1.618081;0.072704;1.922416;0.391285;0.618095;1.218345;-0.396792;0.389899;0.419247;0.355301;-1.049227;-0.741329;-0.249921;0.214034;0.419047;0.201725;0.183631;0.012753;0.1336;46.66;0
131608;-2.922394;0.785004;0.66333;1.528405;-0.688346;0.540283;-1.490439;-0.222577;-0.391712;0.268147;1.03197;0.293478;1.736836;-0.927419;0.080027;1.187498;-0.031777;-1.516911;0.39311;0.960675;-0.414239;0.597083;-0.024253;0.746842;0.32814;0.490249;0.241226;-0.221285;494.35;0
131723;1.74885;-3.867766;-0.231925;-0.825766;0.966393;0.576697;-0.911404;0.556194;0.897283;0.952272;-1.261903;-1.067195;0.042782;0.255133;0.593975;0.775095;-0.391516;0.873743;-0.083446;-0.30031;0.497594;-0.042273;-0.054788;-0.349267;0.389252;-0.267051;0.117577;0.257869;58.83;0
131753;-4.424894;0.901571;-1.775423;-2.089057;-0.653569;-1.719374;-0.764414;1.849715;-1.638147;-0.651765;-0.772966;0.348546;-0.263173;-0.026095;0.065817;0.883368;1.097971;1.094213;-0.574661;-0.521127;0.65171;0.215696;-0.681748;0.32475;-0.035814;0.079712;0.125523;-0.205739;68.06;0
131951;0.881804;-2.137622;2.553463;-3.065889;1.092611;1.903448;-3.481317;-1.328697;0.475065;-0.905899;-0.365321;0.707767;-0.96751;0.390188;-0.043986;0.854737;0.542652;-0.497764;1.268144;-0.141532;0.733261;-1.216;-1.16467;1.415195;0.100277;-0.5661;-0.06143;0.116848;14.1;0
132570;-1.762725;0.209201;-1.223047;2.68564;0.338654;0.115944;0.103296;0.994208;1.084448;-0.058183;-0.227084;-0.328278;0.325567;0.525245;0.80259;-0.442838;-0.175539;-1.520299;1.339858;-0.277691;-0.013543;-1.258776;0.540444;-0.097681;0.202638;-0.638037;0.139518;0.156519;77.69;0
132758;-1.06919;2.078199;1.121261;0.228175;-0.565137;3.098594;-1.140333;-0.375766;0.767577;0.945154;-0.03556;0.797327;0.946024;0.627899;0.821668;-0.799471;0.835173;1.245613;-0.067861;0.96742;-0.153607;-0.679634;0.532105;-0.735899;0.166234;0.177597;0.427031;0.076239;38.78;0
132881;-1.821076;1.153301;-1.94406;-0.79335;-0.385189;1.070395;0.995065;-0.751623;-0.12853;-1.082503;-0.005401;0.709227;-1.745872;0.807527;-1.49655;-0.287812;1.278711;1.139056;-0.472795;-1.32469;-0.964659;1.180405;-0.165562;0.501446;0.297014;1.013623;1.005557;-0.195893;3.06;0
132968;2.749436;1.84818;-0.305177;-0.446754;0.054837;0.085698;1.157166;-1.04243;-0.052928;2.635453;0.707505;-0.443861;0.041704;0.530599;-0.027543;0.881732;0.294801;0.66446;-1.410047;-0.047138;-0.269801;1.446174;0.902522;-1.015518;-0.598636;0.323566;-0.4138;0.024715;108.79;0
133055;-0.038185;1.669068;1.519365;-2.646932;-0.253851;-0.897752;0.277334;-0.730096;1.364263;-1.326069;-1.778073;1.546186;-1.009343;0.295951;1.855235;-1.02829;1.314214;-0.15551;0.172379;1.228714;0.116607;0.707767;0.29997;-0.669564;0.968887;-0.595573;-0.331892;-0.16593;141.97;0
133126;1.471238;-1.177009;-0.357038;0.950256;1.057745;-0.127417;0.291378;0.643937;0.590112;-0.532071;-1.613469;-0.765744;-1.333255;-0.630055;-0.416007;-1.147293;-0.430376;-0.235246;-0.551476;0.062575;0.784315;-0.283931;0.19951;0.003792;-0.095793;-0.55266;-0.38832;-0.16743;110.5;0
133214;2.466027;0.765111;-0.536359;2.910153;-0.462365;0.219275;0.192851;-0.221048;1.880699;1.326148;-0.658498;0.442939;1.596225;0.826708;0.403202;-1.586127;-0.793683;1.120587;-0.398496;0.155106;-1.421213;0.307084;1.240853;-0.017539;-0.049347;0.301803;0.50977;-0.544473;34.81;0
133215;0.248641;-3.254106;0.036061;-1.041515;-0.740783;1.969022;-0.878501;0.899943;-1.966966;1.14461;0.900861;-0.586093;0.821805;-0.659009;1.125007;-1.09536;-0.314956;-0.269434;0.77085;-0.011698;-0.255891;0.908771;-0.788077;0.114814;-0.15134;0.353179;0.621887;-0.040595;7.89;0
133223;-2.401466;-1.4584;-1.997364;3.454509;1.306147;1.651458;-0.772387;-1.285;0.947387;1.049186;-0.644989;-1.665979;-0.611974;-0.270237;-1.01841;-0.684398;0.015471;0.13226;-0.789505;-0.489787;-1.664051;1.335176;-0.039267;1.346198;0.120512;0.026831;0.304514;0.714455;1.04;0
133276;-0.500253;2.139293;-2.281462;-0.095295;-0.532538;0.62048;1.630801;0.879427;-0.942396;-0.657125;-0.021904;0.364788;-0.185014;-0.817187;-0.349682;0.119556;1.317623;-0.004431;1.544262;0.42594;-1.180709;-0.828005;-0.538274;0.051614;-0.750026;-0.103218;-0.531447;-0.82584;41.91;0
133444;-1.517384;-0.936114;1.098497;2.436789;-0.695713;2.373024;0.901699;0.566214;-0.130202;-0.45027;0.150703;1.920035;-0.334594;-0.837182;-1.440416;-1.003298;-0.3476;0.275476;-0.833813;-0.137598;0.951748;0.146954;-0.237982;-0.352194;-0.253387;0.255905;-0.120531;-0.733982;167.82;0
133457;-1.051833;-3.501643;-0.617537;0.506254;-3.380216;-2.661521;0.245548;-1.744278;1.463607;-0.843497;0.342419;-0.043303;-1.110602;-0.294321;0.085058;0.592514;0.310444;-0.090169;-1.66803;0.118399;-0.960267;-0.232268;-0.05171;-0.391096;-0.992216;-0.505379;0.139597;0.018969;147.42;0
133656;-0.254516;3.213699;1.086792;0.504706;-1.384515;0.635507;0.734081;1.842418;-1.152587;-0.25901;1.615867;-1.468491;-0.549169;-0.213708;0.340198;0.049661;0.926833;0.008141;-0.543038;0.432758;0.068894;0.42196;-0.037566;-0.278221;-0.243333;0.503446;0.136608;0.247677;112.63;0
133943;-0.331604;0.702693;1.708456;2.688375;-1.107306;1.690017;-0.085744;0.454487;2.277175;0.507193;0.728537;0.229837;0.722612;-0.771013;0.575543;-1.787726;0.382002;1.50487;0.278998;0.350308;0.73911;0.037641;-0.675504;-0.740357;0.082069;0.173319;0.774679;-0.443821;29.63;0
134011;0.733613;1.052547;1.82995;1.18144;-0.69538;0.748092;0.219334;0.960863;1.166227;-0.848787;1.037412;-0.800496;-0.573175;0.031085;1.422136;-0.006301;-0.444466;0.440788;0.100659;0.08459;-0.35168;-0.720233;0.032167;0.341634;0.296136;-0.395159;0.424802;0.071324;169.22;0
134164;1.016743;-1.966212;-2.427723;0.602284;-0.946552;-1.752635;0.727201;1.425802;0.587134;-1.815525;-0.109332;1.053254;0.415467;0.16049;0.047794;0.134548;-1.119607;0.321441;0.138232;0.701892;-0.903599;0.284272;-0.521437;0.184038;-0.030804;-0.041342;0.405511;-0.053297;132.45;0
134196;-0.331583;0.221418;-1.033722;-2.686698;1.406609;1.867959;-2.582108;1.202366;-1.075241;1.364449;1.522974;-0.216348;-0.565737;-0.513084;-1.058885;1.696523;1.028224;0.690293;-0.234421;0.788995;0.076983;-0.501518;0.731922;0.284726;0.148713;1.70048;-0.168555;-0.198798;17.57;0
134291;0.716764;0.175605;0.831754;-2.070236;-1.019704;1.032594;1.113612;-0.100062;-0.247699;-0.106381;0.09304;-1.744837;-1.16683;2.208054;-0.811654;0.222988;-0.925142;-0.939808;-0.415904;0.614246;1.128678;-0.025463;0.464014;0.488416;-0.876685;-0.143819;0.166305;0.12584;91.37;0
134712;-1.141252;-1.691169;0.855033;0.721148;-0.916864;0.476206;1.024582;0.912941;-0.444216;0.905415;-1.974427;0.513439;1.11663;0.32939;-0.703672;-1.546958;-0.34565;0.854789;-1.014033;0.822583;0.714713;0.009065;0.203218;0.377755;0.081079;0.275881;-0.657409;-0.332471;14.82;0
134757;2.493821;-0.563788;3.416651;2.154252;0.264803;0.137516;-0.978053;-2.103951;-1.405544;-0.246966;2.527554;0.216789;-2.075148;0.123534;0.178999;0.212042;0.00919;0.254405;0.094871;1.053935;-0.191314;1.214673;-0.305053;-0.842698;0.653673;0.408831;0.033308;0.335876;74.44;0
134758;-1.172747;-2.865809;-1.350496;0.252401;-1.470321;2.671624;1.532687;0.518582;1.153142;0.681647;0.067106;-0.28688;1.683583;-0.638918;2.128477;0.16348;1.066553;-0.518333;0.845976;-0.918892;-0.416615;0.230877;0.08595;-0.171549;0.241181;0.094232;0.070963;-0.631267;4.72;0
134762;2.264514;-0.869807;1.783934;-0.769653;2.208309;0.611208;-2.75947;2.111657;-0.494802;2.625546;0.560368;-1.018415;0.928027;0.142328;-0.075558;0.542324;0.838029;-0.080846;0.001467;2.133449;0.834175;-0.064228;0.428225;-0.146426;-0.38814;-0.196964;-0.500793;-0.027186;5.29;0
135196;-2.948331;1.414754;0.582135;-2.541622;1.156976;-0.301753;0.427662;-0.777499;-0.243103;-1.156182;-1.069982;1.781246;0.145405;0.241171;1.24039;2.330513;0.107575;0.447855;-0.626244;0.130494;-1.076848;0.52147;-0.221029;0.840127;0.087906;-0.356713;-0.119609;0.035457;161.95;0
135415;-0.811794;-1.562047;-2.456756;-1.042691;-1.56196;-1.059133;0.039517;1.13939;-0.187541;-0.757936;2.261062;-0.437389;-0.458044;0.006665;-0.113788;-0.462182;1.02299;0.072404;0.108227;-0.177186;0.673992;-0.636592;-0.9958;0.893717;0.709727;-0.085577;0.587431;-0.05491;135.14;0
135678;-0.715407;3.029625;-0.807201;0.255993;1.448861;1.027514;-0.393744;2.159851;-0.285594;-0.891805;-0.789119;0.898127;-0.383221;1.371905;-1.067019;-0.564309;1.212118;0.912378;1.175692;0.139811;-0.397276;0.072685;0.435851;-0.259872;0.296155;-0.069958;-0.015193;-0.169229;85.66;0
135880;0.474034;-2.754438;0.416417;-1.146168;1.735957;1.33169;0.014015;0.870156;0.533505;2.383555;-0.372952;-0.448629;0.164364;-1.623413;-0.752909;0.422787;-0.429939;-0.631269;-0.175259;-1.12628;-1.095628;0.456789;0.318406;-0.604681;0.310318;0.62475;0.249666;0.207531;37.79;0
136270;1.610543;-0.720103;-2.553594;-1.299514;-1.526118;0.095166;0.712586;1.270234;-0.73494;0.070297;-1.539676;0.684016;0.147383;-0.355164;-0.673466;1.616496;-0.358151;-0.945057;-1.01165;0.190222;-1.29955;0.423938;0.189142;0.096702;-0.408826;0.784061;0.955875;-0.134743;0.92;0
136369;-2.506321;-1.405624;-3.111598;-0.002587;-1.55793;-0.721845;-2.248905;-1.817672;1.07015;1.057351;0.391869;0.062918;-0.950808;0.695282;-0.121245;0.600521;0.624307;-0.640104;0.16805;-0.600691;1.183629;-0.381289;-0.480447;-0.194414;-0.188446;0.887487;-0.181908;-0.50087;29.6;0
136446;-2.230567;-0.581713;-2.639476;2.126745;-0.79237;1.788975;1.231196;-1.06256;-0.705541;-2.79177;-0.267146;0.037735;0.035071;-0.850796;0.35905;-0.291525;1.439418;-0.344122;0.467579;0.065935;-0.156828;0.262031;0.585124;-0.050971;-0.035694;-0.171952;0.340172;-0.225509;65.45;0
136460;-2.803721;2.102651;0.411292;1.042302;-1.902983;-1.160263;-0.518739;1.751385;-0.081379;0.49816;-1.554466;-0.808209;0.218362;-1.474806;-0.609274;0.876676;-0.617559;0.112704;0.692449;0.121517;-0.662792;0.489828;0.702302;0.741517;0.939592;0.514287;-0.074435;0.03155;14.85;0
136637;2.504359;-1.973108;-0.711848;0.475938;-1.026798;2.639362;1.249162;1.192817;-1.487253;-0.303283;-0.048922;0.532863;-0.318628;-0.488134;0.70946;1.588595;-1.604225;-0.27842;0.554753;-0.446324;-0.041904;-0.651686;0.164568;0.164014;-0.474529;0.13681;0.442536;-0.180737;11.37;0
136785;0.51033;-1.050698;-0.916133;0.337651;-0.502172;-0.95693;0.787962;0.640265;1.12883;1.603585;0.116691;1.401072;2.119618;1.012179;0.942965;-0.666535;0.538654;-0.997202;0.124533;-1.378827;-0.427756;-0.434969;-0.255662;-0.292709;0.135009;-0.528523;-0.017484;-0.107177;289.06;0
137208;-2.184524;0.862295;-0.864289;0.852671;0.74573;-1.680136;-0.544527;-0.264888;1.408403;0.808049;-0.232426;-1.014036;-0.158615;-0.828042;-0.249651;-0.870604;1.153328;-1.136567;-0.685346;0.220757;-0.40299;-0.23214;-0.242667;-0.40189;0.350067;-0.727196;0.422408;0.255143;30.25;0
137343;-0.934035;-0.108835;-2.130425;-0.086387;0.162091;-1.509988;-0.108364;0.388699;0.737459;-0.367485;-1.837306;-0.813961;-1.722817;-0.33217;0.825508;0.05916;0.091353;-1.073846;-0.80645;0.009191;-0.372269;1.677262;-0.255144;-0.875979;0.385722;-0.158128;0.549397;-0.196988;65.51;0
137343;2.234435;0.033053;-0.669169;-0.513736;-0.15427;-1.455929;-0.035518;2.118395;0.137456;1.812003;0.316612;2.925134;-0.999885;0.414623;-1.777434;0.275011;2.245262;-0.242213;-0.283881;0.158107;-0.00394;-0.538551;-0.28343;0.343067;-0.12919;-0.069599;-0.081393;-0.031381;105.76;0
137408;-0.612332;-1.939928;-2.728801;1.118235;-0.616779;-0.294673;1.981763;-0.071264;-0.089758;1.912075;-1.272993;-0.981586;0.645387;-0.546131;-2.155997;1.22797;-0.739951;-0.681325;0.488357;-0.314561;0.542916;0.234092;-0.229459;0.172133;-0.169576;-0.438145;0.421595;-0.064501;7.37;0
137422;-0.727517;-0.393839;1.813338;-0.250061;-1.754979;-0.602669;-1.424153;0.882109;-1.768458;1.731201;0.927001;-0.539031;-0.723529;-0.412353;0.747838;-0.402518;-0.658283;-0.322401;-0.536947;-0.495827;-1.126114;-0.254206;0.190378;0.343736;1.002348;0.605896;-0.687232;0.354577;44.25;0
137513;-1.593529;1.687631;2.575418;-1.617808;0.86657;1.382771;-0.55321;0.850846;-1.540216;0.921117;-0.546519;1.379863;-0.984039;-0.615968;-0.393943;0.363654;-0.669961;1.115109;-0.407409;-0.155623;0.975825;-0.675024;0.545806;-0.01024;-0.139428;0.729008;0.051637;0.016069;239.72;0
137642;-2.068735;-3.054471;-3.492356;2.119486;0.835736;1.19316;-1.971913;-0.742363;0.775546;-0.212239;0.966171;1.409688;1.309547;-0.535068;1.995328;1.380071;0.054905;-0.982524;-0.727167;0.117146;-0.699844;0.502495;0.889691;-0.644296;-0.217508;-0.091569;0.523497;0.264407;507.16;0
137773;2.237481;-1.476345;-0.688386;-2.585297;-0.801251;-0.27727;0.143646;-0.650535;-0.248853;0.342963;0.034365;-2.393802;0.132996;-1.106418;-0.094497;0.207101;0.07461;0.251665;1.254244;0.528727;0.177016;-1.01578;-0.576129;0.033971;0.483162;0.749964;0.952162;-0.237513;35.16;0
137795;3.194108;-3.410887;-0.590057;2.226018;-1.469594;4.147501;-0.783151;1.867146;-1.545147;-0.36422;0.086703;0.767772;-0.60717;-0.236992;-0.920256;-0.337792;-0.68201;-0.99523;-0.189901;-0.613836;-0.052448;1.039339;-0.47474;0.695089;0.066758;0.208613;-0.504946;0.578496;23.18;0
137818;-1.991129;0.658968;-0.243472;0.789166;2.197424;-0.294892;-0.632693;0.728455;-1.595874;0.331222;1.321823;-0.183055;-2.688006;1.031664;1.524889;0.511773;0.946067;-1.121342;0.534026;0.619187;-0.599049;-0.748327;0.513402;0.03553;-0.676416;-0.961442;-0.451268;0.274109;49.58;0
137862;2.669638;1.850064;1.532311;-1.306194;0.390488;-0.117677;1.831016;-0.759608;0.648404;-0.558146;-0.811571;-0.137861;0.565525;1.529497;0.586765;-0.28072;0.210313;0.311885;1.270039;0.513462;0.818781;-0.479184;-0.57603;1.002039;0.50934;-0.995323;-0.209764;0.547136;47.73;0
137945;-1.020409;-0.587299;-0.683978;0.104441;0.597816;-1.678966;-1.030978;-0.320422;0.911372;-0.094951;-1.097689;1.163472;-0.015137;1.209823;1.399386;0.307107;-0.909944;0.566947;-0.780855;0.41087;-0.589739;0.411735;-0.728255;0.153872;-0.206807;0.167111;0.065802;0.065806;265.11;0
138030;0.970614;-2.00955;-0.11326;-0.538986;0.657404;-0.087119;-0.207807;-1.12285;-1.737311;2.426468;0.586816;-0.334694;1.218712;0.142188;-0.543742;-0.154039;0.507809;0.662786;0.604772;1.419296;1.025727;0.541813;-0.594471;1.200292;-0.212423;-0.075595;-0.259286;-0.199917;7.43;0
138138;2.679917;-1.958906;4.518373;1.216971;-1.609428;0.415543;-0.578664;1.319137;0.117269;0.428925;-1.32033;-0.496831;-1.080821;1.602496;0.321652;-0.117018;-0.381509;0.93321;-0.085448;-1.344734;0.477657;0.167979;-0.119221;1.24989;1.383317;-0.456665;0.357196;-0.075209;21.76;0
138139;-0.352899;-0.783909;-0.148052;1.188862;2.119002;-1.555014;-0.50083;-0.249603;0.376676;-0.378561;-0.794754;-0.308317;-0.388314;2.220745;-0.806786;-0.344507;0.067356;-0.148914;1.128598;1.511967;-0.557153;-0.383617;1.004123;-0.547531;-0.122017;0.213972;-0.112736;0.069179;6.2;0
138215;-0.709487;-0.790509;2.687022;0.725136;-0.506827;-0.64326;3.427019;-0.23375;-0.692027;-1.109274;-1.590745;-0.335612;0.256675;0.184027;-1.59875;-0.494862;0.743092;0.230973;-0.651778;-0.49332;-0.884863;-1.147279;-0.089262;-0.394491;0.035017;1.072415;-0.285041;0.064836;7.26;0
138225;1.492108;1.307469;0.778001;1.129864;1.184418;0.454924;-2.16137;1.050693;1.313707;-0.018789;1.194859;0.353883;1.175708;-0.940942;0.665618;0.884706;0.839234;-0.323696;0.163569;0.195994;0.767592;-0.064744;0.160037;-0.278802;0.474864;0.034908;-0.417183;-0.13501;58.26;0
138341;-2.234408;-1.427156;-0.816101;-0.093062;2.062637;-0.678031;0.788645;-1.948518;-0.429227;0.902441;-1.002729;1.320097;0.218131;1.269459;-0.425725;0.177179;0.768246;1.08607;0.503858;0.043921;-0.842997;-0.612029;-0.752847;-1.041848;-0.484681;-0.207734;0.022021;-0.004625;111.59;0
138539;2.16677;0.482686;-1.068308;2.571579;0.162299;-0.956432;2.999943;0.006086;-1.938543;0.239009;-0.647365;0.433276;-0.709142;-1.145346;-0.916178;1.130949;0.02274;-0.765506;-0.564481;-1.020415;-0.107184;1.736678;0.656048;0.283018;0.290331;-0.343365;0.184061;0.084019;12.5;0
138620;0.208478;-0.798463;0.009018;1.807522;-1.58044;1.060237;1.328066;0.037028;-0.264106;0.031181;-1.295854;-0.002736;1.215856;-0.841048;-1.273203;-1.970343;-0.858328;0.420682;-0.178192;0.417337;0.498668;0.095772;0.530342;0.266328;0.480498;-0.580488;0.36309;-0.268765;105.44;0
138733;-1.196613;-1.55843;-1.680974;-0.607348;-3.390989;-1.685211;0.048208;-0.289874;1.454766;0.553867;-0.37313;0.550925;-0.329792;-1.989233;0.156285;-0.44743;-0.294007;-0.894786;-0.123963;0.675096;0.328407;-0.928217;-0.300663;0.117187;0.689789;0.399153;-0.154179;-0.121542;175.45;0
138842;-1.248127;-0.841551;-1.284438;1.221424;-0.003014;-1.426937;-1.464233;-0.60395;-0.43;0.519776;-0.125803;0.782394;0.142828;0.708317;0.048368;-0.641805;-5.3e-05;0.092392;0.875986;0.335099;-0.158074;-0.2392;-0.436056;-0.74634;0.342902;-0.209083;0.189421;0.441423;603.09;0
138875;-2.767752;0.312211;-0.618822;1.097487;0.395199;0.255915;1.60792;-0.79497;-1.201566;0.858759;0.862497;0.58223;0.690645;-2.212827;-0.449954;-0.213474;1.309717;-1.349406;1.786559;-1.127173;-0.542645;0.545733;0.583938;0.968979;-0.574585;-0.067308;0.630279;0.396116;36.77;0
139220;-1.115536;1.312835;0.462949;-0.298862;-0.75147;1.145392;1.152309;0.386116;0.641029;0.8878;-1.328395;-0.650632;1.47067;0.963137;-0.623517;-0.898158;-0.472422;0.190339;1.267291;-0.944928;0.517131;0.836982;-0.150015;-1.147057;0.226859;-0.200337;0.491863;-0.261983;12.68;0
139312;-0.584874;-0.705914;2.777256;-0.410324;0.237246;0.426347;-1.906819;-1.152003;0.234242;-0.006542;-0.59294;0.430358;0.32413;1.747065;0.687133;-1.404398;0.15351;1.658258;1.154882;-0.526909;-1.383096;-0.222728;-0.421555;-0.807016;-0.699425;0.786124;-0.167105;0.624949;7.36;0
139374;-2.139522;-2.352813;-0.712281;1.794601;0.643876;-0.27777;-0.407149;0.24181;-0.053224;-0.061068;1.471193;-2.088356;2.453791;1.668665;-2.268846;0.601584;-1.080348;-0.469269;-3.400779;0.990025;0.179472;-0.085407;-0.237262;0.540566;0.639616;-0.695821;0.272091;-0.262813;6.34;0
139421;-0.158657;1.459507;0.716892;0.049135;1.42162;-0.386167;-1.505556;-0.607957;0.474837;0.090894;1.081881;1.528582;-0.115966;-1.205188;0.564184;-0.512021;0.272858;-0.203565;0.097476;0.084013;-0.956576;0.406642;0.137954;0.19271;0.558566;0.335966;-0.072724;0.134325;215.87;0
139526;0.852188;-1.823833;-2.438126;0.439444;-0.26542;1.363888;-3.555805;-0.528823;-0.810859;0.700695;-0.671361;1.52577;0.251823;-1.779149;0.413345;0.49898;-0.059066;0.728031;0.041807;-1.530516;-0.65038;-0.673687;0.443749;-0.374605;0.116854;0.426426;-0.174904;0.438466;3.41;0
139596;-0.486271;0.181224;1.621036;2.059568;-0.012572;1.162472;-1.534403;0.284419;-0.710022;1.312059;-0.030463;0.890507;-0.623902;-0.606786;-1.129649;-1.026912;-0.131134;0.037468;0.63857;1.59953;0.258879;0.250021;0.190354;0.033538;0.095704;-0.361651;-0.372028;-0.263065;205.74;0
139643;1.222315;-0.312961;-2.579741;3.667341;-0.196468;0.0863;0.120745;-0.542133;0.750272;-0.277192;2.027396;1.243475;0.279687;0.854024;-1.77023;-1.429688;0.7081;1.026582;-1.177086;1.165187;-0.557232;0.205683;0.158336;0.078796;-0.003943;0.297;0.709436;-0.372172;9.0;0
139691;-1.643923;-0.544326;1.225564;-0.677807;0.096361;-0.349233;0.709596;1.557783;-1.113027;-0.088463;-1.197862;-0.06342;0.255264;1.165637;0.525589;0.222278;-0.60974;0.330604;0.577474;-0.82679;0.834828;0.38419;-0.15908;0.718341;-0.013802;-0.083189;-0.281773;0.161885;11.85;0
139858;1.886596;-1.112469;-0.102197;-0.243678;-0.658194;0.066912;-0.411062;-0.116679;1.726397;-0.796666;-1.939686;-0.732982;0.973875;0.64792;-1.078174;0.566761;1.184756;0.735442;-1.699121;-0.305145;0.5057;-0.027969;0.080268;-0.741939;0.503271;0.398967;-0.063026;-0.023569;26.38;0
139884;0.167539;0.802857;-0.162186;0.175086;-0.664792;-0.947173;1.693915;1.295512;1.302306;-1.539827;-0.526816;-1.231364;0.396734;0.516885;1.421785;-0.531688;-0.673266;-1.661283;0.822227;-0.210468;-0.519182;-1.126487;-0.252675;0.178056;-0.161939;-0.474919;-0.762223;-0.114473;11.52;0
139946;2.943251;-6.466968;-0.4334;0.207366;-0.577932;-0.179734;1.266505;-0.856694;-1.308528;-1.259238;-0.065045;1.008056;-0.536149;2.276565;1.917441;-0.885024;1.154806;0.077242;-1.345181;0.412831;-0.174443;0.163986;-0.177276;0.65805;1.139737;0.132052;0.439984;-0.447257;134.02;0
139988;4.637724;1.696094;-1.944891;0.604424;0.265647;-0.631084;-0.165344;-0.883081;1.573391;-1.004054;-0.798239;-0.733109;0.216147;-0.448922;0.378349;1.10936;-1.3927;-0.930576;0.982154;0.163136;-0.815642;-0.63074;0.871413;-0.608814;0.089994;0.035562;-0.013203;0.434666;502.71;0
140064;-0.986975;-1.848638;-1.864888;-0.626053;-1.119293;-0.114124;-0.323227;-1.929036;0.117413;-0.635688;1.016448;-0.360025;-0.675474;-0.736856;-0.102287;-0.040361;0.243026;-0.33175;0.941585;-0.5146;0.335274;1.242644;0.016144;-0.031452;0.645594;0.265634;0.4752;0.083041;12.35;0
140452;-0.906675;0.435765;1.283145;-1.727991;-0.572372;-0.5834;0.464597;-0.535668;1.473266;0.591272;0.234869;0.231897;0.497514;-1.131566;-0.209313;-0.868351;0.504855;0.362942;-0.280341;1.019548;1.134735;1.263231;-0.237886;-0.035967;-0.860561;-1.167062;0.141295;0.22691;17.32;0
140469;-0.550172;0.344194;0.038025;2.560432;2.545854;0.716856;-0.03213;-0.226801;0.09677;-1.077759;-0.596516;-0.027095;-0.566798;0.425647;-1.562406;-1.307441;-0.329384;-0.192898;0.345076;1.352863;-0.882441;-0.82427;-0.427899;-0.984281;-0.300167;-0.352097;0.053792;0.384472;25.92;0
140624;1.091619;1.935711;-0.444411;0.939157;1.287031;1.108479;-1.777848;0.141663;-0.244903;0.109275;-0.529767;0.272125;-1.372082;-0.162369;-0.270009;-0.595808;0.218893;-0.658721;-0.01259;-0.028077;0.127538;-0.615623;-1.374466;0.178223;0.476526;0.286976;0.336025;-0.573435;74.56;0
140740;2.515641;0.072106;0.689531;-0.524321;-1.270772;-0.485022;-0.376274;0.879847;-0.359609;1.003247;-0.741275;-1.780036;-1.114901;0.80198;-0.427397;-0.337003;-0.332691;1.053494;-1.207727;-0.431757;0.226117;-1.661654;1.283706;0.214643;0.167802;0.858158;-0.004433;0.059069;26.31;0
140759;-1.342977;-1.704359;0.172979;0.6907;1.243249;-1.0598;0.815303;0.793507;-2.744551;-0.814544;0.866329;-0.221161;-1.157998;-0.422527;-0.588918;0.681317;0.365073;0.846065;0.445818;1.238243;-0.922528;0.529521;1.351332;0.912725;0.014786;0.513374;-0.735899;-0.500266;265.31;0
140802;0.673426;-3.046226;-1.177327;2.67279;0.915801;0.966457;1.620278;1.401413;0.969813;-0.446149;-0.461985;0.825922;-0.536941;0.613631;0.346531;-0.00469;0.195311;-1.152395;0.951678;-1.679732;-0.746134;-0.412631;0.379175;-0.013007;0.551011;0.197858;0.105985;0.247741;184.92;0
140912;-0.335058;-0.873429;3.736104;-1.048991;-0.093409;0.265729;1.180603;-1.005889;-0.827811;-1.348864;-1.196769;-0.417499;-0.843404;-0.358502;0.109492;-0.10923;1.886561;0.640472;-0.2712;-0.678655;-1.330082;0.19485;-0.651852;0.267032;1.102578;-0.415297;0.444717;0.444357;5.59;0
140976;1.135313;-3.657643;1.138542;0.369819;-0.927003;-0.467759;0.404535;0.086681;1.005806;-0.948246;1.001139;-0.843542;-0.051221;-0.146197;0.705431;-0.795517;-1.20558;0.142954;0.507315;0.764112;0.399421;-0.388201;1.68546;0.898044;-0.600979;0.146245;-0.345239;-0.029478;72.35;0
141108;2.873443;-1.35728;0.211874;-1.903608;-1.083689;1.849484;1.797141;-1.140199;1.791354;1.583231;-0.261931;0.955247;-0.406288;-0.055271;-0.413644;1.225091;0.152797;0.198101;-0.720398;1.081489;-0.272571;-1.153534;-0.880438;-0.391483;0.520465;0.286913;-0.842637;-0.02279;323.92;0
141190;-0.53864;-0.776251;-0.755553;-0.098045;0.358899;-0.731496;0.5157;0.542939;-0.685313;0.640441;-1.367098;-0.410009;0.465535;-1.62229;0.538385;0.869308;-0.381893;1.306659;0.733681;-0.236036;-0.539708;0.151656;0.233817;-0.720333;-0.230022;0.872623;-0.287518;0.189534;15.77;0
141216;-3.326242;-1.463555;1.458667;0.945565;-1.117802;-2.630605;-0.119802;2.197064;-0.750279;2.433015;1.767078;0.192644;0.337418;-0.124385;-0.002764;0.799096;0.087123;0.130112;-0.001763;1.765829;1.496953;0.927921;-1.072122;0.074464;0.444509;-0.433742;0.131522;0.157035;21.3;0
141229;1.380608;-0.197732;-1.169227;-1.512907;1.564165;-0.921586;1.823602;-1.37375;1.058573;-0.713332;0.642758;-0.198339;-0.340942;0.549657;0.532724;-0.043551;-0.136835;0.599926;-0.022084;-1.872326;-1.325472;-0.020163;-1.356785;-0.120311;-0.236104;-0.185579;-0.471099;-0.072966;15.0;0
141254;-1.693775;-0.67846;-1.29638;-0.195826;1.955513;2.172443;0.883121;0.868182;-0.564301;1.734181;0.067174;0.009571;1.162626;-0.938587;-0.080721;0.362901;-0.319725;0.179792;0.370035;0.852944;0.928067;-0.739395;0.13389;-0.055392;0.275275;0.985144;-0.046279;0.233431;15.48;0
141322;-0.349076;-0.836898;2.576922;1.205897;-0.00907;-0.402546;1.604484;1.297882;1.398971;-0.704417;-0.196083;1.524314;-0.919381;1.843718;1.608014;-2.256034;-0.469828;0.184402;1.228632;0.07654;-1.582468;-0.106691;0.212597;-0.25803;0.322539;-0.097328;0.163785;-0.077762;2.71;0
141345;1.46471;-4.463781;0.06632;0.906664;1.621518;-0.665534;-1.482633;-1.012346;-0.810316;-0.456279;-0.265947;0.576216;0.936186;0.01469;-2.231911;0.188153;0.594365;-0.777282;0.416479;-0.364721;-0.390145;0.369572;0.063776;-0.512304;-0.362185;0.240355;-0.350833;0.101075;4.52;0
141353;0.50992;-2.50984;-1.132657;-1.573837;-0.517938;0.055382;-1.076733;0.569231;1.532032;3.057319;-0.286753;-1.199567;0.119911;-0.59173;0.559312;1.702136;-0.340893;2.061274;-0.886626;0.685887;-1.249937;-0.145317;0.91573;0.569895;-0.247095;-0.519046;0.516591;-0.413831;37.2;0
141541;-0.268354;0.841796;0.028585;0.60076;-0.935805;1.364714;-1.023582;-0.37832;-0.386311;-0.820211;-0.259045;-0.358361;-0.408617;-0.620964;0.769379;-0.500714;-0.038683;-2.58349;-0.5917;-0.29046;-0.608614;-0.790965;-0.039765;-0.012449;-0.098263;-0.167756;0.271218;0.379936;320.66;0
141913;-1.192969;1.121363;1.303782;0.863381;1.56838;-0.090257;0.215403;-0.094187;0.313273;1.819469;-0.581499;-0.398487;1.054245;1.325691;-1.162751;-0.857332;0.139746;-0.609479;-0.068281;-0.827017;-0.404851;1.454253;0.493616;1.369739;-0.84514;0.159275;-0.402249;-0.28784;13.2;0
142017;-5.724793;-3.451084;0.958094;0.223339;2.230216;0.806492;2.252193;-0.417732;1.030483;0.05513;-0.085417;0.224208;0.504867;-0.781815;1.650718;-0.115295;-0.643089;-0.410553;0.391906;0.098895;-0.528112;-1.089034;-0.495261;-0.634391;0.235941;-0.186443;0.278403;0.104523;12.63;0
142134;1.291726;-1.679462;1.491136;1.616862;2.759158;-0.231724;-1.422294;-0.217602;0.512653;-1.083864;-0.601668;0.909695;-1.062584;0.296173;0.010334;-0.748066;0.503979;0.763067;-0.950954;-0.031727;0.17255;1.637715;0.792906;1.223875;0.76584;0.088866;-0.330381;-0.371871;425.08;0
142145;-0.563256;1.5845;-1.866829;-0.767015;0.509064;0.816951;1.112653;1.42508;1.127726;-1.469462;0.247923;0.041519;0.319421;0.857715;-0.123469;-0.803236;-0.844432;-1.185217;0.272944;-0.59103;0.630731;-0.066823;0.84583;0.178427;-0.654788;0.125179;-0.206051;-0.146314;6.28;0
142505;2.881006;-1.512207;1.453215;0.655728;1.239712;0.25975;-1.501185;-0.044178;-1.651584;0.20465;-0.003947;0.012437;0.318465;0.542047;0.327881;0.243207;0.404272;-0.147496;0.710208;-0.431326;-0.092599;0.645989;-0.167825;0.011312;0.342256;0.034776;0.017084;-0.170348;2.74;0
142701;0.706155;-0.462879;-0.250379;-1.584584;0.478652;-0.509329;2.615724;-0.665986;-0.497922;-1.134626;-0.694484;-2.199239;0.937089;-0.53017;0.797629;0.735559;0.325623;0.660986;-0.415193;-0.308043;0.226073;0.154957;0.222631;-0.671407;0.178404;-0.36729;0.32969;0.172341;9.56;0
142812;-1.125194;2.224323;0.154542;-2.202889;1.986663;0.363262;-1.989848;0.132107;0.019561;-0.232144;-0.068557;1.320804;0.531945;0.815653;0.110317;0.251169;-0.134396;-1.023013;1.586477;-1.242211;1.12952;-0.631932;-0.443254;-0.404168;-0.358406;0.405848;-0.017602;0.487784;12.25;0
143206;2.010397;-0.895529;1.846337;1.179132;0.647932;-0.701538;0.907972;-2.475339;-0.89207;-1.985932;0.573798;-0.156188;0.600628;0.159545;0.081619;-0.99875;-0.961575;-0.115046;-0.611527;-1.291827;-0.519533;0.956797;-0.1467;0.767767;1.061268;0.088831;0.165381;-0.252001;2.41;0
143231;2.174702;-1.143165;1.081116;0.099199;1.161016;-1.812991;1.081666;-0.922106;1.017863;0.476309;-2.281542;0.266055;-0.453725;-1.641144;0.752433;-0.578905;-0.014205;-0.141169;0.153215;0.728479;0.649827;0.443478;0.447131;-1.625963;0.598284;-0.326155;0.573418;-0.301069;27.33;0
143237;-0.497112;-0.541673;0.550089;-0.588053;-1.516877;-0.006451;0.758806;1.535823;-0.613474;-1.591265;0.609762;0.263717;-0.231317;1.184335;0.87165;0.292548;-0.907822;-0.502305;-1.701729;-1.086302;1.833679;-0.068825;0.2906;-1.095085;0.644044;-0.394639;0.104504;0.343128;137.37;0
143379;2.257607;2.936401;-2.975835;-1.442522;-0.269005;-1.694868;-1.097789;-0.122961;-0.88982;0.024507;-1.230908;-0.751536;-0.272053;-0.579042;0.296284;0.588515;-0.116313;0.030866;-0.266582;-0.003709;1.314322;0.523921;-1.082059;-0.983247;0.021065;-0.504897;-0.252402;-0.23549;4.81;0
143462;-1.152851;0.501929;-0.048708;1.244485;1.172818;0.814581;-1.319866;-0.51886;0.984502;-1.418335;-0.448061;-0.231469;-1.564751;-0.15858;-1.418326;-0.173055;0.658451;-0.357445;-0.130561;-1.429363;1.179407;-0.098878;-0.715104;0.714333;-0.786471;0.590396;0.279039;0.765802;37.76;0
143531;0.241313;-0.236989;-1.16486;-2.07138;1.049082;-0.029863;1.567777;0.255834;-1.2;1.426208;-2.866276;-0.759322;1.205189;0.307087;-0.936876;-0.776116;-0.033284;0.812806;-0.356559;1.169728;0.521523;-1.584822;-0.37455;0.415249;0.089045;-0.349509;-0.218626;-0.349958;59.97;0
143793;1.044246;-1.177143;1.093678;1.479886;1.290486;1.912978;1.290024;0.926578;-1.14639;-2.2098;0.596975;1.379496;-1.104395;-0.500616;0.977048;0.691491;1.05847;0.444675;-0.607045;-0.197647;0.830347;-1.231663;0.126275;-0.617945;-0.065097;-0.445874;-0.115086;0.239566;29.22;0
143846;1.460324;0.662153;1.516347;0.710416;0.216503;-0.419215;1.273103;1.631202;0.509104;-0.21841;-0.735041;-2.191615;0.227973;0.736631;-0.263035;1.604976;0.233772;-0.15485;-0.429001;0.870641;-0.363207;-0.015898;-0.578877;-0.287687;0.531365;-0.48462;0.22542;-0.507094;43.75;0
144276;1.141968;0.871281;-0.436067;-2.000064;-0.84979;-0.006636;1.423405;-0.486721;1.428204;0.699755;-0.489807;-0.93379;-0.347849;-1.049687;-0.554742;0.99895;0.645043;0.055344;0.50325;1.638097;-0.069399;-0.228715;-0.886605;0.079198;-0.307504;-0.974666;0.234321;-0.335608;44.52;0
144340;-0.718682;-2.126599;-0.987233;0.248865;-0.031346;-1.934603;-1.914741;-0.459343;0.127847;0.481185;0.112473;-0.308849;-0.258901;-0.541405;0.390368;1.756285;0.596372;-0.326818;-1.56382;-0.982395;-0.15425;-0.064474;-1.640207;0.622002;0.693865;1.079838;-0.07249;-0.32334;9.79;0
144457;2.06271;0.917867;2.370014;3.838289;0.114907;-1.448444;-1.951804;-0.215575;-1.827429;-1.269045;-1.990217;1.492521;0.620441;1.186694;0.277523;-0.53682;1.190118;1.122884;-1.516875;-0.514185;-0.49424;-0.244902;1.283427;-0.617975;-0.323004;0.043577;-0.125138;-0.197253;313.52;0
144636;-0.312633;-0.531493;-0.890753;1.758974;0.383602;-2.212701;-0.842442;1.274701;0.703428;-1.806322;0.083299;0.710738;-0.779105;0.034266;-0.208503;0.91763;-1.142398;0.379865;-0.408133;0.681451;0.097003;-0.807581;0.115228;0.081253;0.367013;-0.433954;0.730833;0.273299;215.21;0
144826;-1.179603;-0.227098;-1.783752;-1.105799;-1.285654;1.453067;-0.604755;0.11788;-0.701858;0.941717;0.681211;-1.61166;0.408317;-1.004542;0.666632;1.143788;-0.469772;-0.11757;-0.108874;-0.477333;-0.393014;-0.995482;-0.904419;-0.21002;-0.388365;-0.168582;-0.876969;-0.012798;197.33;0
144863;-1.150959;-1.79982;-1.237333;1.087722;-0.316896;-0.591207;-0.736891;2.627397;1.182834;-0.044803;0.197685;-0.104354;0.417477;0.085579;-1.163893;-0.418669;0.003993;0.368394;-0.643931;0.233584;0.035433;-0.608969;0.630478;-0.06282;-0.019857;-0.615748;0.145932;0.376766;151.49;0
144962;3.712977;-0.961969;-0.818049;-1.940597;-0.072361;1.785016;0.334097;-0.1416;-0.467619;-1.078173;-0.381728;0.724118;-0.774571;0.395588;-1.586513;-0.716557;0.668586;1.586575;0.041237;0.088985;-1.017944;0.543093;0.916014;-0.546858;-0.693026;0.090364;0.00681;0.266281;3.12;0
145468;-1.516868;-2.052146;-1.280658;-1.877266;-3.044266;-3.545213;1.372911;2.148548;1.20834;0.981399;0.061976;2.214634;0.844716;-1.512578;1.35735;-0.835774;0.124796;-0.575789;0.492369;-1.794029;-0.399411;-0.588326;0.122282;0.127993;0.037837;-0.074195;-0.168846;-0.32723;132.83;0
145518;2.448689;-2.135317;1.296541;-0.025574;1.198857;2.078939;-0.374554;-1.012706;-0.50959;-0.523345;-0.057002;-0.32635;1.282732;1.598113;-1.031753;-0.070087;-0.025516;0.743026;0.782833;0.736625;0.950413;0.750347;0.376281;-0.477293;-0.52402;0.545664;0.115292;-0.035302;88.54;0
145873;-2.28416;0.382366;-3.298849;0.853346;0.276342;-0.07047;-1.020993;-1.603918;-0.807606;-0.626546;0.793706;-1.162594;1.913735;1.727827;-1.352748;-1.315011;0.866129;0.347958;1.06183;-0.095602;0.132317;-0.746375;0.801437;0.058244;0.288579;-0.342545;-0.390022;0.403819;3.3;0
145938;0.881416;-0.884352;-1.312666;1.222089;0.41614;0.471997;0.998025;-0.0707;-2.159321;-0.85468;1.30011;0.329145;-0.281551;0.125201;-0.306811;1.496727;-0.310442;-0.181552;-1.082752;-0.9094;0.964335;0.853285;0.365463;0.953124;0.36217;0.177112;-0.52104;-0.281939;23.99;0
145979;0.509313;-2.518373;-0.051721;1.241761;-0.661385;-1.393714;-0.359636;1.40587;-0.775551;-0.737808;-0.39905;-0.032853;0.153478;-0.182078;-0.036937;-1.119722;-0.350451;-0.612885;-0.634778;1.201068;-0.452073;-0.371218;0.382196;0.63667;-0.005917;0.00909;0.416441;0.189474;50.16;0
145994;3.091392;3.496301;0.337472;0.772545;0.859026;0.721296;0.123083;-0.517605;0.144997;-0.777094;0.256158;0.468676;0.212101;0.032026;-0.445321;0.381204;0.4279;0.721704;-0.720512;-0.531219;-0.191259;-0.221783;-0.961252;0.847784;-0.339823;-0.419864;-0.269211;-0.239277;402.01;0
146267;-1.346084;-2.215653;2.574671;-2.221867;-1.098058;-0.477306;-0.422267;-0.683679;0.060489;0.447855;-0.660935;0.69357;0.60914;0.867329;-0.21788;-1.981523;2.038857;0.244259;0.808918;-0.573526;0.146899;-0.215545;-1.702091;0.193017;0.210639;0.176233;-0.049;-0.314358;98.21;0
146741;-1.884795;1.619338;2.353309;-0.016523;-0.881244;-1.567959;0.411563;1.269767;0.622799;1.780193;0.445042;0.326732;1.648598;0.444505;-1.303451;1.809828;-0.03695;1.212793;-0.52247;-1.376654;-0.152122;0.419125;0.524107;0.691031;0.494275;-0.039328;-0.902178;-0.098356;9.05;0
146746;-0.297195;-2.824282;-2.397113;1.445528;0.917095;-1.586196;-1.267241;0.889069;1.318562;-1.432435;0.489327;0.532915;0.437355;0.239659;0.639532;1.109505;-0.575686;0.981094;0.238714;0.468181;-1.027821;0.181495;-0.149062;-1.099355;-0.088344;0.487822;-0.693697;-0.365986;421.19;0
146819;3.176364;0.519749;-2.861152;0.699473;0.542883;-1.609716;0.890578;-0.892974;-0.018467;-0.281697;-0.15013;1.629328;0.463497;1.337037;-1.401958;-1.39254;-0.50756;0.252377;-1.156126;0.042713;0.403804;0.100203;-0.291994;-1.033699;-0.223332;0.197089;0.101086;0.410134;35.36;0
146981;-1.794109;-0.703469;0.057707;0.328591;-1.713088;0.525719;-0.050643;-0.962555;0.024503;-0.088818;0.549397;-0.278148;-1.080883;1.095701;0.010482;0.27844;-0.334683;-0.606489;-0.531354;-1.328408;-0.72948;-0.058241;0.593384;-0.613057;-0.65528;-0.234884;0.433431;-0.932468;22.56;0
147076;-5.117412;-1.358268;-0.99651;0.537501;2.226772;-0.82539;-0.957752;1.036858;1.174173;0.596373;0.023257;-1.202187;1.936698;-0.911517;0.202864;-0.202568;1.1204;1.725618;-0.736465;0.199133;-0.017608;-0.409964;-0.601996;-0.570963;0.113275;0.435589;-0.274464;0.171676;20.27;0
147089;0.046547;0.070364;-1.77996;0.513778;-0.996727;-2.161325;0.648357;-1.891926;0.204117;1.167272;-0.029026;0.320836;-0.486329;0.8619;0.580498;0.146419;-0.334804;-0.520206;0.543564;0.647204;-1.565252;0.789771;-0.032639;0.639227;0.5512;0.14181;0.652826;0.170106;2.9;0
147257;1.78157;-0.16229;0.044343;-2.720154;-0.132979;0.511168;-0.958936;1.334633;-1.065474;-0.083705;-0.877972;-1.25852;-2.583239;1.115556;0.196885;0.569079;0.24194;0.697664;-1.019816;0.365843;-0.483472;0.061892;0.025374;-0.920324;0.743594;-0.254924;0.514463;-0.150831;28.09;0
147400;-2.046922;-1.675565;0.368353;1.709945;2.460567;-2.86973;-0.90413;0.873276;-0.624345;-0.604425;0.195402;-1.100376;-2.214669;0.277129;-1.000354;-0.694509;-0.099082;-1.488266;1.435559;1.030027;-0.102158;0.413405;0.417677;-0.827613;0.123402;0.463853;0.354144;-0.660395;69.84;0
147638;1.583468;-1.753888;-1.246842;-0.086957;-2.792499;1.787666;-1.499583;-2.664285;-2.392889;0.720097;-0.569474;-0.803879;0.282074;0.585072;-0.38422;-0.037181;-1.149305;1.319356;0.164597;-0.45533;0.399759;0.144096;0.201592;-0.074358;-0.728583;0.425021;0.433546;0.150148;18.58;0
147824;-2.090026;-2.992872;-0.922368;1.074773;-2.30464;2.661926;-2.122442;0.068526;-1.080411;-1.697706;0.907075;-1.228233;-1.252189;-0.285141;-0.65062;-1.582366;-0.30183;-1.708469;-0.599862;1.371145;-0.911864;-0.303532;0.20188;0.083565;-0.244416;-0.442938;0.525812;-0.147542;62.22;0
147864;-0.355789;0.258626;-1.130683;-3.204017;0.659868;-1.725523;0.652514;-2.304853;-1.909351;-2.246955;-0.840064;1.166879;0.021634;-1.146243;-1.441452;0.083203;-2.148037;-0.263371;0.266455;0.012806;-0.660566;1.724674;-0.260874;0.53378;0.608668;-0.356547;-0.208073;-0.205767;9.06;0
148001;1.397731;-2.439082;-0.601352;2.428609;-3.370381;1.419759;1.435365;-1.384056;0.336101;2.913508;0.294217;0.058422;-1.464957;1.821787;0.386372;-1.801958;0.130587;-0.892211;-0.669084;0.626381;1.277933;0.885701;-0.244652;-0.163111;0.427498;0.060772;-0.18904;0.393017;26.81;0
148334;-2.385558;-0.263123;0.837581;-1.572105;-2.770021;0.4843;-0.568744;-0.548536;1.282683;-0.790587;-0.245836;0.709721;0.26284;-1.275883;-0.698561;1.159099;0.401009;1.172229;-0.870495;0.993772;1.424613;-0.388878;0.200961;-0.111456;-0.537534;-0.173305;0.278523;0.484315;53.24;0
148629;0.283951;0.754987;-1.607638;3.678704;1.671718;-0.645051;-1.000106;-1.458668;-1.084934;-0.360961;0.291648;0.515162;0.511704;1.624008;0.125342;-1.279045;-0.747216;-0.623425;0.555606;2.050194;0.365735;1.477849;-0.320322;0.541192;1.027862;-0.158251;-0.497429;-0.167916;44.01;0
148734;2.299198;0.089935;-0.947434;3.079321;-0.514245;-0.582985;-2.257246;2.689611;-1.043998;0.682759;-0.039466;-0.197851;0.138803;-0.052639;-0.111109;0.269001;-0.486202;0.444191;1.098831;-0.822499;0.92414;0.667708;-0.523685;-0.548936;-0.562819;-0.389286;0.132889;-0.255625;2.98;0
148917;0.854171;-1.521017;-0.582916;-1.811381;3.080604;0.890456;-2.704955;1.078229;0.987456;0.468224;-0.814362;0.960899;-0.698481;1.207542;-1.043638;0.739193;-1.172847;0.224247;0.298601;-0.559361;-0.298281;-0.786943;0.787479;0.074828;-0.202463;0.084388;0.183624;-0.908906;17.14;0
148961;-1.475221;1.302245;0.009804;1.230192;-1.377982;-0.033135;0.891146;1.677252;-0.545976;1.05491;1.135661;-0.467742;0.81342;0.031999;-1.104449;1.650452;-1.926045;-1.213835;-1.005384;0.156193;0.46692;0.635038;-0.428281;0.347676;0.261603;0.10892;0.279618;-0.527788;410.02;0
148976;2.891501;-0.975791;0.436737;-1.374441;-0.389505;-3.430298;-2.45777;-0.116941;0.232422;1.112016;-0.884912;-0.156283;-0.413389;0.909914;-0.314912;1.570545;-1.315312;0.864336;-0.671083;-0.275562;0.430239;0.299644;-0.294343;-0.225936;-0.041309;-0.701622;0.229383;-0.258863;15.82;0
149016;1.213865;-2.578098;3.103809;-0.837957;0.79607;2.777109;-1.428478;0.086256;0.767447;-1.482275;0.675426;-0.690763;-0.210822;0.4409;-1.205288;1.236634;0.540724;-0.013425;1.22852;-0.607374;-0.697368;0.119213;0.750475;0.525013;-0.169018;-0.189272;-0.515083;0.354886;33.91;0
149144;-3.697874;-0.760849;0.88391;-0.805902;0.700709;0.596122;0.341455;1.931065;-0.828885;1.473516;-1.712347;1.396303;-0.519309;-0.632602;0.889786;-0.004115;-0.290273;1.266421;0.633432;-1.16413;0.13345;0.730614;-0.4377;-0.522624;0.007036;-0.2759;-0.682236;0.149125;29.07;0
149361;1.615275;0.745159;0.919856;0.706062;-0.301761;-0.049174;0.101237;0.566142;-0.807525;0.646674;-0.2747;-0.096064;-0.2872;0.138755;1.213902;0.991776;0.160058;0.515336;-0.923283;0.106922;-0.225599;0.245407;0.189112;0.953036;0.533214;0.135713;0.026366;0.349157;348.05;0
149424;-1.18418;-1.436737;-0.382586;0.530984;-0.844875;-0.935503;0.392631;0.778568;-0.607024;0.502037;1.57977;0.602047;1.766399;-0.127213;0.702557;0.252838;1.735214;-0.638426;-0.587866;0.622522;0.258521;-1.447095;0.243651;-0.191989;0.999984;0.280071;0.978297;0.229115;229.42;0
149560;0.313299;1.249256;-1.459597;-1.636259;0.36928;-0.231317;-0.00142;-1.034304;-1.758913;0.550545;-0.260957;-0.565647;-0.034753;0.627261;0.307654;0.327849;0.838959;-0.168951;0.141817;0.281237;-0.400613;-0.974462;-0.065928;-0.267802;0.15782;0.354485;-0.384476;0.000254;111.2;0
149656;1.895608;-1.602664;-0.777603;0.694731;1.950103;1.708019;-0.452589;-1.039816;0.485344;-2.343195;0.118402;0.848549;-1.248842;0.14588;0.045763;-0.535791;0.443571;-0.1929;-0.126564;-1.245009;-1.072052;-0.616009;-0.250795;-0.891117;-0.326896;-0.181414;-0.128851;0.031381;7.69;0
149675;-1.141729;-1.367189;-1.052602;-0.219835;1.102676;0.367953;-1.420953;0.360638;0.610956;-0.138816;1.654663;0.775075;-0.95088;0.284711;-0.963559;1.542516;-0.43687;0.653517;1.682098;-1.22671;0.002597;1.436822;-0.708372;-0.683257;0.054676;0.262265;0.119173;0.177518;56.76;0
149823;-3.278906;-2.079717;0.612268;-2.515185;-0.822806;0.519248;-0.796338;0.493834;0.037658;-0.963567;-0.12568;-1.599225;-0.295136;-0.974837;0.743081;-0.696526;1.321077;0.625966;-0.602592;0.057129;0.596347;0.469212;0.379273;-0.495077;1.026716;-0.735178;-0.215567;-0.073652;77.63;0
149830;2.865813;0.912817;-2.473435;-0.546326;-1.318646;-1.641397;-0.368419;-1.136538;1.445644;-1.120569;0.284186;0.014084;-0.792855;-1.217007;1.237464;-0.931956;1.042318;-0.565492;0.47546;-0.173914;0.596455;0.389602;0.673653;-0.688056;0.422321;0.65273;0.262143;0.104659;11.61;0
149868;2.200938;-0.36211;0.914726;2.427806;-0.906049;-0.445008;-2.354024;0.476564;-0.337304;-0.441787;0.636732;0.125732;0.881673;0.077803;-0.31888;0.368728;0.748091;0.795619;0.23083;-0.234737;-1.306628;0.077652;0.60766;-0.721339;0.696556;-0.340424;0.284357;0.119398;8.97;0
149976;-0.240149;-1.964988;-0.157032;-0.498399;-1.707765;0.087899;-0.985057;-1.403787;0.629349;0.989743;-1.387287;-0.286724;-1.390264;0.18429;-0.043061;-1.567011;-0.024231;0.341539;-1.354377;-0.203745;0.123178;-0.663519;0.219956;0.026759;0.431933;-0.660189;0.61661;0.080273;427.31;0
150015;1.594172;-0.955444;1.127356;-2.536462;0.253425;0.946433;-0.471551;0.066458;0.484418;0.403041;-0.475222;1.380863;-0.144304;-0.999505;-0.745137;0.113453;-0.8151;0.562289;-1.948501;-0.373591;0.492655;-1.046613;-1.235029;0.366697;0.489143;-0.33757;0.219988;-0.187159;21.09;0
150037;-0.790304;-5.583091;-1.073101;1.226543;1.173025;-0.533036;-0.864316;-1.66061;-0.929023;0.566847;0.152468;-1.195075;0.940211;0.558694;-0.311426;1.448476;1.284892;0.434976;-0.321609;0.124595;0.090034;0.716968;0.467053;0.170539;0.024356;0.708752;-0.132119;0.441696;373.33;0
150037;0.119092;1.075892;-1.341068;-1.247064;-0.048449;1.254065;-0.434768;1.630309;1.220353;-0.396503;-1.607775;-0.4338;-0.63489;0.600443;-1.154369;0.375276;0.728643;0.696376;0.328915;0.857943;0.621199;1.197651;-0.077209;-1.950111;0.74922;0.311142;0.347296;0.437154;147.77;0
150071;-0.351361;-0.565392;-0.59407;0.374489;2.423278;-1.50199;0.819222;-0.320354;0.090993;0.500165;1.417201;-0.830844;0.391496;0.159888;-0.273224;0.037825;-0.19507;-0.783562;1.27776;-0.709337;-1.039706;0.487829;-0.377075;-0.635309;-1.472339;0.877309;-0.016123;-0.416985;61.06;0
150094;-0.711441;-4.432792;-0.63028;-0.174221;2.500072;0.112483;0.971443;-0.775347;1.02207;-0.126964;0.791543;1.029622;-0.068718;0.025109;0.383749;-0.729192;-0.258024;0.159672;-0.64393;0.358694;-0.845852;-0.353389;0.397681;0.693626;0.295899;0.147498;-0.150813;-0.666533;65.29;0
150098;0.63064;-2.790059;1.237586;2.571572;0.474675;-0.109828;1.864078;-1.313429;-1.481027;1.124545;0.639633;-1.008328;-0.060293;-1.206797;0.285895;-1.312;-1.070555;0.846232;0.374425;0.073673;0.420227;-0.294468;0.130135;-0.819644;0.2489;0.664937;-0.165477;-0.14566;4.05;0
150147;-2.425949;-0.999358;1.223175;-0.173222;1.018674;-1.99565;-1.879799;-1.427963;0.070729;0.848269;1.366396;-1.804256;0.461418;-1.222893;0.218127;0.769931;0.633908;0.937206;-0.245074;-1.362987;-0.264241;0.499052;0.615548;-0.073841;-0.451451;-0.175512;-0.197659;-0.264119;45.16;0
150318;-0.560583;-2.543515;2.896585;-1.555317;-1.192632;-0.043452;-0.531724;0.569328;-0.556653;0.264201;0.757711;0.437071;-1.814507;0.388921;-2.231573;0.034631;0.126616;0.935909;1.38918;-0.494848;0.846274;-0.083921;0.20135;-0.668659;0.179264;-0.640542;0.435708;-0.543314;277.42;0
150353;0.543235;1.102494;-0.728193;-0.595764;-0.447913;-0.754864;1.512199;1.244524;-0.986597;-0.78341;-0.214488;-0.12778;1.125228;-0.7849;0.033688;0.559585;0.322071;-0.744176;-0.042399;0.017781;0.213965;-0.113279;-0.175475;0.796297;0.309224;0.179298;0.429795;-0.124157;92.02;0
150466;3.514296;0.454131;-5.034801;-1.674862;1.805733;1.90032;-2.174713;1.125442;1.500448;0.387559;-1.644888;1.039946;-1.851108;-0.717453;0.547969;-1.919104;0.780057;1.745728;-0.366287;1.676583;-0.66364;-0.387725;-0.226321;-0.484682;-0.900456;0.036469;0.112852;0.47093;41.74;0
150466;-2.346692;0.351997;-0.598228;-0.227156;-0.749396;-0.525641;-1.468524;1.711944;0.164826;0.354273;-0.674836;0.81422;1.060479;0.277636;-0.017978;0.654153;0.600873;1.482671;0.128043;-0.548389;-0.700419;-0.477606;0.369005;0.419542;0.189664;0.245166;-0.178254;0.150884;431.78;0
150503;0.945078;-4.77552;0.368293;2.583103;2.102584;0.486658;-0.773512;2.130335;-1.674666;0.220074;-0.645282;-0.032058;0.386652;1.966146;1.023224;1.757486;-0.772484;-0.727033;0.146198;-0.459895;-1.380036;-0.086637;-0.839521;-0.441886;0.675908;0.407811;0.075127;0.270296;25.09;0
150588;1.15879;-1.179043;1.098941;1.842825;1.585338;-1.617286;2.524962;1.189933;-0.597038;-0.428691;0.651164;-1.418746;0.424215;-0.371543;-0.100717;1.190349;-0.000755;-0.25118;1.12106;0.328131;0.491859;-1.140278;-0.320977;-1.479774;0.875114;0.197121;-0.294012;0.43649;13.07;0
150602;-3.729602;-1.476876;0.478442;2.968491;1.087241;0.334637;-1.218421;-0.548443;0.982957;-0.623451;0.102512;-1.176121;1.519982;1.978652;0.351416;0.27106;0.335008;0.575525;-0.005888;-0.077222;-0.095215;0.445903;-1.370381;0.287291;0.326781;-0.046524;-0.036931;0.25452;41.71;0
150644;0.730537;-1.920514;-0.729379;0.750535;-1.568319;-0.532012;1.333938;0.251682;-0.988166;0.441384;-1.576783;-1.745459;1.106114;-0.063206;-0.922466;-0.909136;0.399893;-0.60601;0.338549;-0.961506;0.658922;-1.344368;0.251231;-1.170691;-0.042378;-0.024035;-0.604651;-0.054534;104.55;0
150655;1.646556;-0.988253;2.608388;0.273202;-0.380541;-1.012448;-0.044592;-2.635789;-1.100484;-0.844887;0.902435;-0.126879;0.751608;0.551299;0.523463;0.117181;-1.387635;0.488647;-1.349786;-1.325963;0.178153;0.767053;0.389947;-0.557087;0.508181;0.235996;-0.045573;0.385529;2.52;0
150703;1.077873;-2.218392;-1.540941;-1.347576;0.939008;3.789077;-1.431603;0.80872;-0.211749;-0.18443;1.375951;-0.642116;-0.312748;0.931328;0.705963;0.145597;-0.885188;0.177849;-0.945848;-1.423249;0.073592;-0.379936;-0.486973;1.13819;-0.435099;-0.717043;0.348597;-0.263643;50.77;0
150845;-0.233658;0.102332;-0.394714;0.452928;-1.310332;-0.450087;3.461782;0.227626;0.466239;0.729686;1.52505;-0.168912;-0.376285;1.001217;-0.659362;-0.426138;0.545316;1.082501;-0.314914;0.66452;0.585245;-0.085636;-0.687996;1.909138;0.414066;-0.343983;-0.212923;-0.501366;111.67;0
150928;0.579818;1.056134;-1.610664;-0.115113;-0.212307;-0.261892;0.231364;1.948321;-0.8511;0.571222;-1.132526;0.181829;0.777817;0.335502;-1.310808;-0.358943;0.532199;0.360963;0.074041;-0.783452;-0.081478;0.401786;0.580983;0.012271;-0.017835;1.028441;0.411614;0.461726;22.1;0
150954;0.261197;0.907064;0.049561;1.175651;1.087941;1.219651;0.456491;-0.834598;0.379794;-1.171421;0.348002;1.889318;0.404733;-0.210498;-0.420249;1.856738;1.364331;-1.705649;-0.626952;1.834827;-0.252626;-0.207296;-0.452801;-0.543773;0.619816;-0.233775;0.245228;0.507451;174.24;0
150971;-3.364442;-0.508586;2.419399;-1.523602;-0.734078;-1.002007;0.652789;0.663464;-0.011652;0.415392;-1.006498;0.585059;0.259126;0.804944;-0.918326;-0.839836;-1.353045;0.724624;0.219662;-0.396663;-0.010082;-0.531664;0.388849;0.01581;-0.241047;0.332006;0.174342;-0.134797;86.64;0
151008;0.306975;3.188685;-0.192798;0.144809;-1.118107;0.556352;0.556626;-1.143979;0.122079;2.304751;1.997968;0.080624;-0.084668;0.417047;0.534993;-0.367411;0.751949;1.032888;-0.433879;0.604036;0.604476;0.206233;-0.018771;-0.80157;0.899689;-0.192997;-0.225093;-0.176337;822.27;0
151148;-0.785787;1.702157;-0.183548;-2.164366;-2.435069;0.698726;2.658571;-0.08094;-2.695218;0.826399;0.051189;-1.539149;-0.421495;-0.408431;-0.454885;0.503775;0.303647;-0.052987;1.365622;-0.884547;-0.697537;1.582794;-0.337979;-0.257546;0.637324;-0.100183;-0.363911;0.184285;10.74;0
151486;-1.444403;-0.445696;-2.540903;0.54941;-0.483555;0.345452;2.20457;-1.895966;-0.032494;-0.209301;-0.35759;0.035949;-1.364399;1.362724;0.643752;1.9292;-0.923782;0.124218;-0.177428;0.156225;0.665045;0.567218;0.349643;0.977457;0.197311;-1.064177;0.401439;-0.361779;115.13;0
151505;4.775691;-1.104331;-0.413358;1.029568;1.11699;3.074131;-1.165182;1.663695;-0.32576;1.515169;-0.545299;0.883023;0.587815;0.449103;-1.43306;-0.254919;-1.540043;0.126912;0.338968;1.098389;0.036254;-0.545708;0.009699;0.127774;0.154685;0.305627;-0.470348;-0.07927;7.2;0
151580;2.372601;2.044787;1.757235;-2.232544;-1.154607;-1.049678;2.493219;1.302653;0.379384;2.487115;0.360716;0.396931;-0.204416;-0.709222;-0.763737;-1.572996;0.789183;-0.491669;-0.186788;-0.259361;-0.290375;-0.253457;0.916553;-0.867665;0.89282;-0.263109;-0.156295;0.077407;2.94;0
151604;-2.312836;1.473115;-0.357857;-1.832448;0.074664;2.065009;-0.878165;-0.512494;-0.769184;1.031059;0.545927;-1.027382;-0.266816;-0.821512;-0.705082;-1.870193;-0.865836;2.07438;-0.085343;-0.825907;0.123771;-0.343644;-0.465787;0.247926;1.127284;-0.995443;0.098509;-0.228101;1.56;0
151610;0.605941;-2.710039;-0.459863;-1.770292;-0.259409;0.647947;0.389579;0.361584;-0.45804;-1.797397;-1.661018;-0.362685;-1.770057;1.89056;0.240826;2.227695;-1.150175;-0.657218;0.432544;-0.276671;0.848768;-0.742776;-0.831373;-1.044102;-0.170218;-0.688113;0.965904;0.362793;74.25;0
151625;2.773149;1.608471;1.689629;-0.182227;-0.869941;1.229568;-1.809882;0.095798;0.536414;0.762326;1.444801;0.082639;0.058993;-0.46291;-1.899494;-1.670222;0.370037;0.779476;0.101771;-0.156494;0.843347;0.431897;-0.020032;-1.144886;-0.148775;0.053481;0.287075;0.084877;43.66;0
151627;-2.987588;-0.537066;-0.453482;-1.914428;1.206034;0.473842;1.275392;-0.678749;1.54029;1.560179;0.500331;-0.394032;-1.33884;0.732827;-0.259969;0.07686;-0.02831;0.775612;-0.432576;-0.748977;0.27622;-0.234751;0.285317;0.467111;0.687548;-0.336784;-0.264779;-0.044967;16.14;0
151807;0.080117;-1.759377;1.971001;2.027456;2.316336;2.518109;-0.391128;0.1966;-1.50703;-2.159693;1.436601;-0.600935;-0.447245;0.37178;-0.341641;-1.32108;0.474184;-0.384603;0.261372;1.282776;0.446968;0.228788;-0.126345;-0.465883;-1.215338;-0.398175;-0.007063;0.324267;2.32;0
151827;0.171942;-3.694026;-1.919806;0.689337;1.435986;-0.405704;-1.435365;-0.476898;0.514462;1.111456;1.764921;-2.11573;0.730995;0.700192;0.319022;-0.684079;0.3503;-0.786568;-0.138371;0.02444;0.021561;-1.88268;1.105005;0.95983;-1.317442;-0.21179;-0.093341;0.050002;11.76;0
151912;-2.555261;-0.735225;1.04356;0.920636;-0.910392;0.681303;1.463741;1.216603;1.291926;-0.131403;-0.081403;-0.750499;0.030746;1.845341;0.035871;-0.560465;2.857108;-0.089438;0.461926;0.995783;-0.436893;0.496817;0.741963;-0.643168;-0.375797;-1.53543;0.13114;-0.235999;33.32;0
152214;0.670123;-0.291154;2.505957;-2.186448;2.799465;1.756279;1.77089;-0.200862;0.714175;1.523828;0.894045;0.258631;-0.131165;0.967423;-0.8786;-1.710651;0.602212;0.585728;0.919574;0.837274;0.314782;-0.426244;-0.335836;0.748786;0.180907;-0.791269;0.399061;0.417339;108.83;0
152718;2.10668;2.476077;1.541864;1.906313;1.431936;-0.723261;1.812927;2.894737;1.217791;0.01244;-0.567299;0.876365;-0.727552;0.81234;-2.065462;1.082748;0.547234;0.257697;0.793546;1.319927;-0.337631;-0.723786;0.029858;1.001359;-0.553524;0.313705;-0.247548;-0.008523;32.3;0
153097;2.870693;1.386014;-2.799583;0.992445;-0.581153;1.350581;-1.898459;-0.042639;-0.647874;0.464116;-0.457072;0.085397;-0.55564;-0.178998;-0.711303;0.389067;-0.778744;1.525316;-0.870349;-0.959486;-0.759355;-0.963126;-1.129217;0.094925;-0.62766;0.252351;0.077918;-1.096728;48.33;0
153289;-0.55626;-1.278394;-0.943838;-0.898931;-1.01995;-0.004789;1.941193;0.184197;1.310449;0.482392;1.623826;1.058854;1.491949;-0.62799;-1.162777;-0.365802;1.323629;-0.493622;-2.463263;0.506303;-0.318305;-0.662295;0.641991;-0.184585;-0.225754;0.27437;0.390605;0.092585;18.84;0
153310;4.808208;0.403562;-0.345347;-2.11931;1.597034;-1.622395;-0.382639;0.678509;-0.846908;0.868381;-0.733886;-0.067784;0.718546;2.332687;-1.10969;-0.495867;-0.454578;-0.473241;1.818673;-0.377949;-1.208719;-0.308061;-0.431894;-0.366276;0.734538;0.297861;-0.479197;-0.633322;456.61;0
153395;-4.083035;1.159412;1.545033;-0.038101;0.289801;-1.910614;2.533864;1.046091;0.010641;0.577343;0.220398;-0.85895;-0.473614;-0.030163;-0.678683;0.967874;-0.802938;0.740612;0.414941;-0.099391;-0.91412;0.639867;0.113355;-0.328103;-0.17824;0.21438;-0.055235;0.68919;7.19;0
153576;0.624623;-0.121294;-1.990743;-0.592333;-1.124055;-0.10079;0.764943;0.14279;-0.60263;-0.890016;-0.905912;-0.459269;-0.131308;-0.092421;0.734058;0.089188;-0.201883;-1.401382;0.295633;-0.822298;1.471249;-0.319472;-0.169586;-0.977178;0.602248;0.704817;-0.147145;0.119559;11.6;0
153793;-2.823974;-1.285777;-1.518594;-0.533396;-0.15439;1.337877;0.301651;0.652592;-0.558415;-0.196806;-0.648717;0.504024;0.20744;0.287241;-1.164971;1.84539;0.358492;-0.47302;-0.586518;1.800303;0.811953;0.707564;-0.933397;0.390835;0.080861;0.29465;-0.007787;0.11956;15.82;0
153838;0.105856;-1.190658;-2.403779;-0.931713;-0.511932;-2.74503;0.000566;0.267537;-1.943489;0.082827;-0.495223;-0.2554;0.39056;0.193797;-1.698042;-0.383909;-0.417171;-0.109711;-1.67053;-0.556086;-0.185308;0.210349;0.506806;0.369432;0.832574;0.017989;-0.887419;0.248303;74.74;0
153883;-1.087718;0.396868;-1.226958;1.094439;-1.087202;0.286599;-0.026942;-0.876513;-2.218997;1.43109;1.496089;-0.626072;-0.053343;1.539065;-0.537336;0.38451;-0.773731;-0.011968;-1.632409;0.512653;0.371162;1.309914;-0.666348;-0.139961;-0.097263;0.754644;-0.281453;-0.588375;6.97;0
153990;0.918411;0.444456;-1.869926;-3.622817;1.450129;1.206862;-0.852598;-1.197299;1.244462;0.617915;0.544044;-1.531964;-1.729563;0.528023;-0.26335;-1.07364;-0.792084;-0.426462;-0.283204;-0.979945;-0.703882;-0.360665;-0.331954;0.018271;0.245581;0.262057;-0.84422;0.131251;40.59;0
154146;-0.317417;-0.776811;2.432838;2.100497;1.128779;-1.679673;-1.334399;0.882105;-2.028901;-0.626773;0.878696;-0.874244;-0.06022;-1.247527;-0.324167;-0.371258;0.156915;-1.532298;0.113954;-0.185933;0.472961;0.297884;0.518791;-0.276906;0.144492;0.281181;-0.426463;-0.334934;42.41;0
154234;-1.680669;-4.801133;-0.95754;1.487325;1.207187;-0.823176;-0.459701;1.855505;0.225487;-0.912468;-1.822959;-0.383109;-0.11879;-0.623253;-0.610215;0.923008;0.46188;1.188336;1.355032;0.826658;0.180691;0.899146;-0.612189;-0.742017;-0.042214;-0.245585;0.053928;-0.134594;11.69;0
154254;-1.552567;-2.502604;1.063297;0.369173;1.188045;0.781248;1.466702;-1.890834;-1.478939;0.803674;0.055341;-0.565493;1.945007;0.020281;-0.232659;1.047361;0.532432;1.144032;0.186983;0.277454;-0.524613;0.453848;0.914339;-0.795461;0.446459;0.015576;0.164054;0.143856;54.32;0
154465;3.698296;0.802062;0.047134;-0.134602;-1.214127;1.148555;-1.741815;-1.657129;-0.98341;-0.427558;-0.370145;-0.954853;2.554083;0.994615;0.186112;1.630355;-1.357844;-1.39819;0.53249;-0.715074;-0.245991;-0.122607;-0.621919;-0.34672;0.38906;-0.558781;-0.157646;-0.182881;7.3;0
154500;0.794871;-3.95635;0.025982;1.607932;-0.783088;2.153451;1.652426;-1.668623;0.702733;0.910982;0.52217;1.551803;0.586478;-1.449613;-0.803537;0.401653;-0.734298;0.56602;-0.441424;-0.540624;-0.29666;-0.351069;-0.735159;-0.239463;0.151735;-0.742075;-0.845011;-0.633719;6.2;0
154579;-3.389151;1.778633;-0.87308;0.009992;2.062947;-0.759833;0.167803;0.972422;0.128237;0.029193;2.474656;0.604397;-0.680043;0.484127;0.901966;1.09747;0.780842;-0.113474;-0.380817;0.135352;0.610503;-1.399437;0.018842;0.704854;-0.966083;-0.84192;-0.234705;0.158177;38.45;0
154624;1.004036;1.522552;1.182734;-0.32537;0.199057;-1.064717;0.959029;1.071738;-0.189854;1.681515;-2.418369;2.180214;0.621855;0.71206;-0.176583;0.559021;-0.384823;0.46995;-1.203386;-0.003313;-0.069403;-0.172479;1.00315;0.407765;-0.579394;-0.108176;-0.50196;0.235915;2.75;0
154626;-0.449619;-0.198903;0.25306;1.68698;-1.97925;2.218072;1.023119;-1.111844;1.20912;-0.713347;0.427438;-1.579155;-1.660553;0.857072;0.881268;-0.353464;0.154275;0.235703;-1.004913;-1.001015;-1.162043;-0.664151;-0.013671;0.939607;-0.449893;0.670525;-0.102062;-0.364657;1.33;0
154692;-0.061028;0.764421;0.166083;3.042622;0.349383;-0.984073;1.141148;2.674886;-0.368642;1.658252;2.268881;0.320012;-0.541374;-0.066885;0.229818;-1.322392;2.238627;-1.224096;-1.012883;-0.283402;-0.337696;-0.390058;0.598453;0.420995;0.154484;0.213003;0.038464;-0.259876;73.64;0
154746;1.528782;0.64478;-0.876065;-1.30883;0.953612;0.69469;0.017778;-0.40811;1.302975;1.161989;-0.499984;-0.420263;-1.591329;1.01727;-1.156835;-0.193688;-1.958959;0.673705;-0.304353;-0.102368;-0.581127;0.037201;-0.841331;-0.966831;0.011162;0.425016;-0.644609;-0.065164;159.73;0
154845;2.237293;-0.472191;-0.628962;0.673215;0.773177;2.923543;0.054905;1.758417;-1.226388;-0.390032;0.172836;0.029456;0.498531;-0.772412;-1.789013;-0.997856;-0.131151;-0.463657;-1.357731;0.447668;-1.088913;-1.123992;-0.23719;-0.905578;-0.357293;-0.424311;-0.153335;0.634081;16.44;0
154887;-1.744685;-2.646828;0.909256;-1.472676;-1.24426;1.021103;1.09868;1.012164;-1.35877;-0.867383;0.710101;1.842266;-1.192244;0.917673;0.95914;0.938043;0.588815;-2.180952;-0.667131;0.790054;-0.565669;-0.71483;-0.197693;-0.646712;-0.396005;0.14815;-0.881337;0.571322;12.16;0
154961;-0.127996;1.403382;0.367384;0.782328;2.653676;1.061749;-1.301206;-1.09014;-0.201985;2.19118;-2.179009;-1.712098;-0.30551;-0.04918;-0.840319;0.98799;-0.864298;0.16733;-0.041721;0.526779;-1.585707;0.278893;-0.792051;-0.215147;0.391697;0.99614;-0.077031;0.359452;149.65;0
154965;-1.134916;2.164508;0.206443;-1.035018;-2.020821;1.719828;-1.491129;-0.447459;-0.046397;-0.893865;0.291508;-0.556987;-0.07237;0.05117;-0.09841;-0.883662;-0.135988;-1.313079;-1.956439;0.271443;-0.68947;-0.91081;-0.996587;-0.473485;-0.344926;0.39142;-0.078547;0.684987;5.94;0
155021;1.093881;-2.360862;-1.118604;1.790399;0.203037;0.718074;-0.586212;-0.988176;-0.994227;0.423957;-0.789946;-0.730648;-0.057772;0.040501;-0.558484;0.988688;-1.052214;0.961609;1.190585;0.289245;0.133156;-0.032551;-0.159804;0.422125;-1.252985;-0.183289;-0.603683;0.355523;4.28;0
155039;-0.522994;-2.711471;2.955603;-0.07217;2.446443;1.068134;0.347232;-1.54974;-0.353716;0.466439;2.108724;-0.554344;-0.483956;0.634117;1.211591;-1.028668;0.476902;-0.244453;1.433023;0.377329;0.321223;-1.009209;0.969438;0.718887;0.113977;-0.829785;-0.578342;0.089958;95.72;0
155184;-0.01296;-0.506659;-0.704357;0.136;0.866487;-0.435644;2.37188;-0.251333;1.451241;0.100905;-0.191519;-2.079574;0.293247;-1.050614;-0.077954;1.281273;-0.597135;0.066297;0.826694;0.746717;0.357519;0.378955;0.125498;-0.737062;-0.250737;-0.643532;0.706207;-0.36501;33.57;0
155270;-0.59704;-1.353369;-0.025682;2.386183;1.203983;1.56275;0.049499;-1.376334;-0.483831;0.941664;-0.704547;1.282516;-1.234068;0.859879;-1.266056;-0.132264;-0.390402;0.436533;0.307423;1.312759;0.688868;0.473112;-0.433449;-1.002174;0.425663;0.321745;0.136397;-0.570801;163.58;0
155446;-0.276933;-0.019238;-0.262421;-0.970864;-1.403367;0.569931;2.470189;-0.158187;-2.180006;-0.924322;0.883564;1.321845;1.639708;0.846028;-0.250072;0.413714;0.751188;0.088146;0.254096;-0.738923;0.856956;0.889141;-1.273044;1.00308;-0.361168;0.108213;-0.279572;-0.161537;1.34;0
155523;3.254069;1.81983;2.971614;1.042476;0.528924;-1.945832;0.629168;2.350218;-1.967665;2.197041;0.517773;0.586062;-1.022702;-0.279424;1.013446;1.285436;0.45825;-0.496465;0.420475;-0.335127;-0.75791;0.896539;-0.240668;0.14117;-0.091298;0.880436;-0.13248;0.063064;4.05;0
155575;-5.084528;2.241073;-3.86857;1.887234;-4.050801;-1.544421;5.330819;-4.954529;-3.356313;5.724146;-4.64244;5.479552;4.447814;-4.536725;5.138373;4.720742;-3.489041;-4.686394;-3.086639;5.830526;4.169968;-3.877795;-4.326845;2.642291;4.603511;4.195937;3.907683;4.170255;4.38;1
155592;4.591994;-4.15501;-0.41913;-0.829504;-0.000512;0.343115;-0.572294;0.879059;2.245288;-0.808725;0.933853;-1.314993;0.00811;0.012369;-0.801747;0.535266;0.817102;0.948848;0.059757;0.788106;-1.014963;0.197389;-0.28264;-0.326554;0.175037;0.0317;-0.476195;0.759925;33.84;0
155641;0.66533;2.4656;-0.557336;1.768743;-1.509461;-2.865632;1.412365;-0.612985;1.545633;-0.066887;1.968632;0.284865;0.569965;-0.815068;-1.431142;-0.107559;1.491454;-0.091186;0.137418;-0.75619;0.021089;-1.268412;0.228407;0.964759;-1.112093;-0.727444;0.089276;-0.074567;61.96;0
155720;-0.264941;-0.973536;0.19865;2.607193;1.243799;0.969504;-0.31115;-0.710081;-0.529602;-1.477613;-0.576911;0.867325;0.625407;-1.10396;0.654471;0.779707;0.043365;-0.94432;-1.355489;-0.987573;0.389023;0.001505;-0.167309;0.759569;-0.284761;-0.111544;-0.046336;0.050419;117.98;0
155961;-3.181492;0.615378;-1.027247;-0.303328;-1.080892;-0.290624;0.3015;-0.427333;0.841653;1.230263;1.773417;0.394498;0.714346;0.199518;-0.900835;-0.841366;1.800344;0.298016;0.084089;-0.48408;-0.619794;0.329701;0.381723;-0.360898;-0.374462;0.020852;0.291742;0.113868;43.04;0
156239;-1.552815;0.800396;0.188516;-3.045608;-0.917276;2.554385;-1.6671;2.514648;0.23646;2.148041;1.934997;-0.038867;-1.559056;0.205718;-1.556984;-1.687515;0.146557;-0.067628;0.393907;0.066614;0.18319;0.087071;0.465853;0.530971;-0.22238;-0.188672;0.410478;0.067903;42.39;0
156445;-0.317135;1.00214;3.601121;-0.907155;0.646959;0.67121;-1.880743;-1.245142;1.347556;2.278875;-0.763871;1.406475;-0.910696;-0.31358;-0.870168;1.018504;1.113168;-0.019281;0.264022;-0.358363;1.32045;1.197184;-0.053301;0.702903;-0.243568;-0.001563;0.539648;0.586664;18.47;0
156450;-1.464373;-0.162899;0.47254;3.524344;-0.147679;1.249162;0.676533;0.047895;-1.228345;1.326846;-0.665077;-0.692048;0.100424;-1.189788;0.192219;-1.145131;-0.044769;0.10563;0.919943;0.294544;-0.98546;0.934322;-0.0446;0.511519;0.023612;0.182723;0.343927;0.438202;360.09;0
156618;-1.259306;0.24132;0.417501;-0.770802;0.283617;-1.375467;1.358624;0.603782;-1.197266;-0.314545;0.068167;-0.157144;0.43192;0.448775;0.342026;0.821228;0.702701;0.047022;1.180144;-0.208858;-0.005684;0.018866;0.011233;0.773557;0.120612;-0.992906;-0.086619;0.001717;6.33;0
156638;3.002009;0.230008;-1.064036;2.58485;-0.23221;0.930484;2.402628;1.496432;1.401306;0.091874;-0.183671;0.629344;1.176843;-0.336852;0.302978;0.134285;-0.387141;1.224288;-0.43554;-0.25578;0.748288;0.536961;-1.091759;-0.579218;0.350034;-0.3289;-0.5433;-0.205986;56.74;0
156827;-0.013858;-1.360389;2.600903;-0.790926;2.000024;-0.832075;-1.013622;-0.345878;-1.692567;-0.261966;1.763236;0.324663;-0.523458;-0.709368;-0.991439;-0.002758;1.131913;-0.67288;-0.928674;-1.275184;-0.154378;-1.055805;0.436634;0.015928;0.287939;0.618404;-0.117459;-0.185729;7.53;0
156948;0.160513;-3.311435;2.947939;-0.826019;-1.226542;1.470389;1.805043;-1.095584;0.026783;-1.232334;-0.861203;0.564365;-0.898794;1.234895;0.760637;-0.821607;0.969879;-1.747884;1.007228;0.47106;0.291391;0.136214;1.04231;1.003741;0.641917;0.790138;-0.019399;0.010826;73.86;0
156980;-1.384672;-2.379191;1.307547;1.176446;-0.591436;-1.467408;1.619914;0.394506;-0.099173;-0.232074;0.269552;0.538201;-0.554957;-0.926149;0.612094;-0.386252;-0.203731;0.000494;0.52886;0.48118;0.654383;-0.909942;0.026763;-0.237781;0.527425;-0.625458;0.158118;-0.234565;6.99;0
157081;2.226212;-0.450332;1.007288;1.006264;0.714017;0.166044;-0.619042;1.61445;0.812688;1.08055;-0.760796;0.529618;2.139055;0.549441;0.38368;0.021972;0.114356;0.698751;-0.473908;-0.13399;-0.230239;-0.128922;-0.495267;-0.393532;0.746242;-0.624599;-0.224441;0.2988;101.06;0
157131;-0.484528;-1.631176;-0.334496;1.280087;-1.313327;-1.519984;1.711228;-0.274731;0.103866;-0.855013;0.130638;-0.35117;1.410411;-1.429557;-1.015228;0.184744;-0.832001;-1.313921;-0.190925;0.124727;-0.784652;-0.488689;-0.014329;0.06774;0.660863;0.374132;-0.480469;-0.222994;39.18;0
157408;-1.085684;-1.627178;0.61092;0.076973;-1.374468;0.187327;1.160828;-0.948907;-0.195244;-2.396276;2.204532;-0.68053;-0.192712;-1.368767;-0.602483;-0.784683;0.779842;0.306206;-0.256207;0.123102;-0.083625;-0.46887;-0.279666;-0.965654;-0.245242;0.993208;0.102452;0.513288;453.48;0
157656;-3.152464;2.842704;-1.241088;1.538791;0.240087;2.709908;1.406307;0.181146;-0.468594;-1.275774;1.879502;0.145767;1.203412;0.473371;0.246233;0.664387;0.702917;-1.181571;0.209368;0.819553;-0.809123;-0.584937;0.006989;0.199087;-0.135825;0.107692;0.966888;0.227755;21.73;0
157808;-0.189149;1.215888;-1.680432;1.43533;1.246948;0.979287;2.677527;-1.882069;-1.144287;0.981858;0.406095;1.506077;-0.579585;-0.312691;0.486975;0.720314;-1.08006;0.708758;1.153689;0.181517;-0.411798;-0.2881;-0.203443;-1.016201;-0.096561;0.053324;0.570684;-0.4311;62.64;0
157991;-1.146513;-0.706091;-2.225913;1.70162;1.427071;-0.023396;1.354821;-0.210204;-0.232708;-1.782842;0.662365;-0.014612;0.886338;-1.112094;-0.96153;0.43582;1.847481;0.009063;-0.735425;-1.018282;0.312622;-0.411734;-1.344769;0.772726;0.635622;-0.347271;0.476402;0.485996;10.28;0
158010;3.214931;0.89262;0.640118;-0.815454;0.176601;-3.254672;-2.659754;1.451851;1.231609;-0.424471;0.50092;0.603404;-1.353762;0.921938;1.552952;-0.376038;0.321903;-0.739083;0.227039;1.479135;0.122228;0.455981;0.049166;-0.988902;-0.09421;0.496253;-0.1477;-0.436585;21.5;0
158085;3.525602;-0.997065;-2.061345;1.537753;-0.877543;-0.692464;0.389975;1.091068;-0.364526;-0.328148;-0.290085;0.121313;0.312231;0.366462;-0.164309;0.766329;-0.219765;-1.346966;0.197345;1.002498;0.718412;-0.190373;1.369096;0.51803;0.434235;-0.148359;-0.300497;0.529977;38.81;0
158089;-2.478797;-0.078448;-0.734449;-0.670297;0.430415;0.651289;-1.952834;-0.121198;1.496886;0.371221;1.974879;2.023388;0.948691;-2.032773;0.824642;0.556532;1.010888;1.832106;-1.61943;0.048275;0.159367;-0.03282;-0.83839;-0.445122;-0.950886;0.76924;0.304889;0.245611;3.35;0
158196;-2.258199;0.494018;-0.072456;-0.153084;0.831271;-0.659441;0.177798;2.024602;0.754105;0.345719;1.365942;-0.126537;-0.343568;0.931025;-1.168598;-1.709637;-0.468955;1.936405;2.018917;0.129239;-0.57917;0.209573;0.670245;-0.645211;-1.056617;0.176716;0.504273;0.739847;3.95;0
158512;-0.608823;-0.992458;1.522889;-0.18223;0.411368;1.91811;0.106099;2.322751;0.474237;0.526238;0.25906;0.606809;0.558879;-1.011329;0.14961;0.195959;1.103989;-0.906414;0.159645;0.232756;-0.7376;0.20726;0.238393;0.016007;0.709418;0.126927;-0.104963;-0.837223;81.43;0
158951;-1.661274;-1.455483;-0.853112;-1.347308;1.753154;0.115146;-0.733782;0.840263;-0.228006;-0.07206;-0.201183;-0.7017;-0.569095;-1.629578;-1.189593;1.711178;-1.031581;-0.926196;0.926795;-0.583416;0.448292;-0.769586;-0.579742;0.182587;0.299877;-0.402903;-0.233745;0.046842;26.6;0
159121;0.353962;1.847402;1.701041;-2.394435;-1.349543;1.454532;-1.284228;-1.696648;-0.74125;-0.939537;-0.134997;-1.099236;0.261402;-0.777739;0.100215;0.865294;-0.210856;0.06643;-1.320467;0.868457;0.165359;-0.190313;-0.842857;0.056146;0.65994;-0.385492;-0.21463;-0.008516;13.61;0
159123;-0.706916;0.792415;1.43813;1.807688;-0.911827;0.292518;-0.667612;-2.187095;1.799747;1.072528;0.36555;0.003167;-0.492282;-0.03013;0.383509;1.02504;-0.095183;-0.32391;1.551024;0.788121;-0.150236;0.170816;0.15286;0.207359;-0.75395;-0.302788;0.085746;-0.204225;10.96;0
159127;0.477038;-4.170477;-1.597676;-0.927194;1.561582;-0.347056;-0.428079;1.696353;0.822943;-1.832459;-0.015749;1.179287;0.756372;0.084281;0.433996;-0.606988;-0.487878;-0.27391;-0.295448;-0.056589;0.237336;-0.634244;0.21376;0.421522;0.133097;-0.045489;-0.026601;0.326544;11.61;0
159300;1.911382;-1.425875;1.715466;-0.31303;-1.982767;-0.606864;-0.173314;0.341226;-0.203318;0.94157;1.182299;0.637253;-1.243793;-1.559471;-0.708632;0.120564;-0.653589;0.238336;-1.875703;0.527738;-0.524109;-0.715558;-0.945144;-1.226768;-0.729014;0.54156;0.005838;-0.105834;39.21;0
159408;-2.145232;-1.621601;-0.408207;-0.967618;-0.694352;-1.326165;0.120738;1.996309;1.819027;1.337061;0.508607;-2.055536;-1.004609;-1.346578;-1.692627;-0.15116;-0.438692;1.610904;-1.162053;0.813377;-1.795216;-0.844677;0.564342;0.082489;0.51073;0.402722;0.496986;0.475483;64.56;0
159736;1.870662;-1.344569;-0.733416;-0.294449;-0.959526;1.478496;0.715711;-1.543032;0.641942;2.637054;-0.95282;0.735531;1.223481;-0.72047;0.256174;0.008033;-0.477804;1.144169;-1.005202;0.184798;0.751225;0.145458;-0.316547;-0.832009;0.061207;-0.230227;0.346339;-0.307015;1.44;0
159787;-1.490872;1.221956;-0.401823;-0.648382;-2.108603;-0.549256;-0.397565;-0.14181;-1.612547;-0.732069;-1.149547;-1.506037;-2.391096;-0.659137;-0.400006;-0.442583;-0.423407;-0.269015;-0.636449;-0.783741;0.463717;-0.211565;0.295497;-0.773799;-0.016212;-1.025104;-0.069865;-0.632542;275.68;0
159883;4.119542;-0.236774;0.014706;1.886299;-0.208265;0.714655;1.576764;1.274737;-0.519175;-0.520608;1.030615;0.841592;-0.645368;0.741327;-0.40048;-1.077055;1.213415;0.606576;-1.054752;0.538055;-0.073486;-0.108971;0.425991;-0.671184;0.501815;-0.355193;-0.000388;-0.246145;247.78;0
159938;3.090903;-2.674059;-0.606717;-0.768516;1.079886;-0.679241;-0.057416;-0.818447;0.749818;0.148127;-1.159464;0.548966;-0.166397;-0.386789;-0.876433;0.066614;0.35269;-1.551518;0.646466;0.053403;-0.666016;-1.281723;0.545415;-1.203238;-0.000782;0.075267;0.405691;0.189238;1.0;0
160114;-0.290507;-0.932962;-1.247934;2.504667;0.265733;-1.420428;1.136369;1.257594;1.608324;0.066822;-0.335582;-0.138307;0.308888;0.722925;-0.086187;-0.676961;-0.095736;0.114156;0.135003;-0.832953;-0.16587;0.051057;-0.623487;-0.006737;-0.01795;0.113504;0.211398;0.330617;168.83;0
160316;-1.948988;0.667206;-1.114396;1.687765;1.153453;0.758337;-0.387556;-0.096108;2.547431;0.999739;-0.428417;0.72998;-0.488694;1.061992;-0.041524;0.525701;0.637898;-0.198785;0.404133;0.806852;-1.272659;0.086823;1.237104;-1.077972;-0.705442;0.898187;0.659245;-0.315611;161.23;0
160413;-2.321989;-0.649986;0.229804;-0.603715;1.694899;-0.973116;3.392199;0.083392;-0.021875;0.659486;-1.243264;-0.251492;-1.11073;0.543444;0.922765;-0.017005;-0.101992;0.809302;0.338334;0.192485;0.073589;0.189672;-0.580886;0.247084;0.74907;0.701016;0.270595;0.171884;33.14;0
160596;1.633576;-1.385289;-0.2223;0.524133;-0.482172;-0.512648;0.569408;-1.358523;0.627868;-0.293552;0.336412;0.15787;1.147229;-2.941146;-1.872363;-1.685932;-0.702928;0.522422;-0.208501;-0.166726;-1.423194;1.038344;0.544589;0.926442;0.10627;0.389178;0.103464;0.115969;4.73;0
160623;-0.129285;0.303009;0.816238;0.807472;3.702648;-1.640756;2.01777;0.349149;-0.722739;-0.016913;-0.106292;-1.413848;0.981127;-0.281856;-1.241033;1.22601;-1.400902;0.259458;-1.273117;1.605482;0.067828;-0.546989;-0.319522;0.954535;0.322283;-0.318234;-0.196854;0.068413;151.84;0
160652;1.73739;2.529473;0.099068;1.265082;-0.426673;-0.635854;-0.870488;2.65942;-1.026139;1.10732;-0.630572;-0.243637;-0.394118;-0.149654;0.381231;0.393082;0.830389;0.386606;-1.234154;-0.409751;-0.52493;0.351183;0.022233;-0.665512;-0.660644;0.138057;-0.627688;0.576852;23.06;0
160835;4.228246;0.528265;0.136291;1.405463;-0.243293;0.052063;-0.564466;0.511746;-1.904406;-1.290154;2.146891;0.924624;-1.749044;-0.042247;-2.040755;-0.393008;-1.934101;-0.364177;-1.19974;-0.716017;-0.117747;0.24082;-0.087346;-0.724182;0.770508;0.251461;0.424177;-0.094608;75.44;0
160868;-1.572247;1.980629;0.915146;0.335018;-0.926516;-0.362363;-0.322651;-0.892152;0.378998;-0.164732;-2.459551;-1.307848;0.263921;-1.988892;-0.695083;-0.28602;-1.317424;0.812822;-0.894492;0.130484;-0.841608;0.327803;0.279529;0.476591;0.13062;0.645735;0.428586;-0.309506;924.08;0
161054;-2.46877;-1.269273;2.162566;-1.285281;0.802637;1.108241;3.05652;1.710694;1.340959;0.694648;-0.860632;0.820437;0.144481;-0.723522;2.123574;-1.070746;0.413963;0.386515;1.361669;-0.109435;1.09097;-0.223501;0.639794;0.034571;0.937623;-0.484648;0.54561;0.02501;48.32;0
161070;0.305492;-0.284466;2.223124;0.980061;-0.350895;0.213543;-0.273798;-0.85627;0.803469;-1.072669;-0.568283;-1.988533;-0.670376;-1.297754;-0.290032;-0.044928;-0.034849;-0.136287;-1.221626;-0.420166;0.253164;0.549721;-0.389582;-0.04518;0.562907;0.436655;-0.487932;-0.053616;8.37;0
161175;2.162281;-0.319395;2.044014;-0.265839;-0.058871;4.126127;-1.031058;2.098113;0.04585;-3.769648;-1.365545;-1.1677;-1.906861;-0.8795;0.599164;0.609439;1.234892;0.082944;1.187316;1.094754;-0.512611;-0.525135;-0.553739;-0.797809;-1.230088;0.291865;0.153064;0.298281;20.01;0
161374;-1.903898;-0.064685;1.334378;-3.890671;-0.233194;0.584253;1.603124;-1.467201;1.295972;1.666768;2.323066;-0.301639;-0.290692;-0.238341;-1.567683;1.545527;-0.573976;0.709035;-0.863884;-0.854128;-0.141018;-0.338202;-1.288852;0.073454;0.444314;-0.249334;-0.268378;0.002558;10.13;0
161459;-0.002482;0.492099;3.16897;0.624195;-0.264508;-2.288198;0.062917;0.374523;3.195841;0.067684;2.312304;0.162049;0.705894;-0.70189;0.599785;-0.068033;0.641706;0.788502;-1.107682;0.248514;1.162441;-0.133349;0.101765;0.527706;0.515371;0.638823;-0.040747;0.083551;63.45;0
161768;2.601585;-1.859817;0.681114;-0.972436;0.268435;-0.263134;-0.280468;1.866312;-0.964862;-1.280748;-0.678149;-0.556986;0.850481;-0.808892;-0.380617;0.053096;-0.171742;-0.287482;0.331472;0.07724;-0.703334;-0.165181;-0.11482;-0.471265;0.365458;-0.929329;-0.624911;-0.094569;9.88;0
161777;-3.254112;0.849886;0.511574;-0.580911;-0.571309;-0.14791;-0.76675;-0.981515;-2.715941;1.093257;1.314111;-0.584007;-0.072417;-0.180051;0.225991;1.059418;0.452326;-0.750723;1.016456;0.00151;-0.821977;0.269;0.057422;0.282901;0.143105;1.064752;-0.271582;-0.754252;16.29;0
161845;0.38887;-3.086243;3.408321;0.07855;-0.506548;-0.79613;0.596147;0.14896;0.326639;-0.137056;0.628472;1.106089;-0.628534;-0.462519;0.469393;-1.009757;0.12615;-0.382744;-1.325673;0.899637;-0.853231;0.18741;-0.07295;0.097404;-0.067796;0.645045;-0.041472;0.060093;4.82;0
161867;-1.123201;-2.580859;-4.096213;-2.136179;1.530535;0.116572;1.307693;1.427174;1.140761;-1.037948;1.709237;1.186803;0.675085;0.201702;-0.505468;0.138142;0.413463;-0.339468;-0.082618;1.591641;-0.507333;0.193564;0.460525;-0.398185;0.015345;-0.0951;0.157816;0.389761;27.16;0
161884;0.172105;3.424633;-0.302984;0.267439;-0.355061;-0.835718;0.967226;-2.63407;-1.752069;0.493004;-0.089349;-0.410151;-1.12153;-0.393062;0.405632;-0.655503;0.164877;0.103532;0.951559;0.01023;1.081393;0.951661;-0.32399;-0.031168;0.759511;-0.207263;0.299957;0.192677;43.17;0
161953;1.314079;-1.152509;1.911269;-0.379725;0.579302;0.46265;-0.604374;1.152992;0.866024;0.146193;0.460241;-0.380171;-1.330597;-1.494905;-1.057133;0.125423;0.23241;1.005833;0.72782;0.693899;-0.418704;-0.14971;0.206472;-0.638418;0.796654;-0.01686;0.636351;-0.499865;0.59;0
162145;0.360577;0.992068;1.500197;-1.175652;-1.177499;-2.518555;-1.234751;-0.054633;-0.420818;-0.578376;1.450597;-0.274184;-0.114922;-0.979839;0.011707;0.834338;-0.956152;-0.395247;-1.261369;0.04138;-0.314431;0.760484;-0.029784;0.522069;-0.063534;-0.368419;-0.04761;-0.111714;48.88;0
162271;-2.039934;2.668042;3.894134;0.135663;-0.563672;1.541731;-4.99371;1.765925;0.320527;-0.748878;1.294587;2.205568;1.454589;-0.304929;0.435926;-1.443907;0.04507;0.325936;-0.175986;0.070713;0.137206;-0.766457;-0.605839;-0.62811;-0.378338;-0.110874;-0.188088;-0.082256;30.92;0
162345;-1.04743;-4.274009;0.182303;-2.330079;-1.650934;-2.079126;-1.182381;-0.934722;-1.060922;-1.028492;0.174667;0.026793;1.490594;-0.420056;-0.52819;0.987823;0.49828;-0.154751;-1.313334;0.357548;-0.032746;-0.092364;-0.435585;-0.364721;0.687843;0.402281;0.13966;0.182891;10.51;0
162403;2.711856;1.678406;-0.630535;0.17739;2.609118;-0.330529;-0.471447;-1.600263;-1.128601;0.891752;-0.941427;1.565306;-1.295067;-1.346943;-0.913402;0.32652;-0.064421;0.016055;0.293044;0.139761;0.697719;-0.048268;0.560495;0.55057;0.508215;-0.347031;0.122146;0.047521;694.33;0
162472;0.571419;0.852672;-0.481448;0.73825;1.948134;-0.9545;-0.083209;-0.596213;-1.265094;-1.270709;-0.758624;0.734697;-0.449768;0.659517;-0.452447;0.13312;-0.107477;0.254488;0.124073;-0.69174;0.589541;-0.94196;0.500819;-0.319273;0.135147;0.460715;-0.446213;-0.993801;139.45;0
162511;1.568622;2.567887;0.500283;0.503453;0.871733;0.426874;-0.345806;-0.621061;0.68426;-0.779282;-1.866168;-0.093817;2.30654;0.309735;0.954769;1.19448;-1.639333;1.009337;0.447713;1.035032;0.228916;0.032419;0.448101;-0.570875;-0.476374;-0.121034;-0.48676;-0.339623;6.39;0
162685;0.418076;-2.314035;2.468688;1.190216;3.018522;-0.223711;3.463087;-0.195718;-0.736754;0.200258;0.823013;-0.630914;-0.690882;-0.566761;0.815223;-0.685787;1.299319;0.207771;-0.783573;0.356089;-0.17775;0.083375;-0.114666;0.112048;-0.848735;0.535677;0.916904;-0.119949;116.44;0
162904;1.507776;2.240671;2.487553;1.7248;1.112995;0.354695;0.599293;-0.50761;0.246724;1.680183;0.236407;0.781398;1.52495;-0.147143;0.655032;-1.169031;-1.196169;-2.168518;-0.576212;-0.025967;0.690668;0.430088;-1.40085;1.095133;0.417255;0.667779;0.109216;-0.21464;214.17;0
162935;-0.842485;-1.549187;-0.064582;-0.045514;-0.187327;1.497886;-1.544677;-2.339399;-0.017541;0.234861;0.315049;-0.768269;0.90697;-1.018999;1.362127;-0.891495;-0.551611;-0.167259;0.790682;-0.472381;-0.584664;0.34713;-1.041612;0.710094;-0.265306;-0.489583;0.318595;-0.066938;40.37;0
163057;-1.566648;1.554766;0.402043;1.625538;0.564077;1.042259;0.802904;-0.062998;-1.348156;0.731109;-0.00567;-0.372648;1.113224;0.828945;-0.004269;0.478782;-0.697976;1.318047;0.825091;0.234832;-0.631409;-0.919784;-0.173013;0.372199;-0.278906;-1.033848;0.226723;-0.156819;56.95;0
163133;1.419211;-0.332316;-0.903518;-0.050821;1.927885;0.068289;0.475431;0.325838;0.033692;0.201408;-1.146217;0.662254;-0.458022;1.996173;0.150063;-0.425567;0.235207;0.95935;1.344536;-0.177229;-0.307799;0.861079;-0.951019;0.60646;0.245163;0.081074;0.189875;-0.078756;55.01;0
163169;2.128379;1.06343;-0.745895;-0.923234;-1.164836;0.631145;-1.311889;-0.179959;0.210705;1.078016;0.338869;-0.228179;-0.42961;-0.608803;-1.823599;-0.758711;0.274087;0.664128;1.141075;0.15027;0.838077;-0.332968;0.699749;0.314994;-0.258122;0.125679;0.507244;0.260431;1.45;0
163229;-1.852849;-0.185456;1.599848;-0.487706;-1.568489;2.62681;0.348119;0.391326;1.118895;2.201943;0.637356;-0.381003;-0.904192;1.184975;-0.838117;-0.85007;0.547033;0.990644;-1.345451;-0.13544;-0.620951;-0.435479;-0.511646;0.139513;-0.236337;-0.599356;0.894669;0.384084;25.02;0
163250;-1.193092;-3.452165;2.439339;0.449108;0.610389;1.089637;0.647388;0.151088;1.59377;-0.387121;-0.865539;-0.294865;0.736878;-0.816361;0.45544;0.163787;0.585272;0.692179;0.981532;-0.629922;-0.448277;0.352986;-0.180302;0.557551;-0.352695;0.817275;0.223446;-0.052727;23.14;0
163256;-0.388292;-5.668541;-1.032898;1.610953;-0.759853;-0.370405;1.260385;-1.594572;-1.171426;0.105304;-0.008915;-0.669836;-1.601048;-0.500683;0.780082;-0.014234;1.462179;0.974357;-0.037915;1.249998;0.117;0.612765;1.065823;0.211718;0.368782;-0.177441;0.048254;0.193189;282.94;0
163489;3.088658;0.093154;0.386864;0.072077;-3.068664;1.71956;-2.211834;-0.308015;0.34031;0.279146;-0.641316;0.45497;-0.186864;1.386343;-1.186408;-1.238537;-0.282662;-0.938702;0.579264;-0.716722;-0.051354;-0.339933;0.629003;-0.032484;-0.488942;0.313404;0.406923;0.138381;54.63;0
163685;1.028114;-0.726262;-0.347048;-0.886593;-1.665248;0.540443;0.793617;0.185541;-2.48904;0.667493;-0.199853;0.045883;1.539093;-0.105045;-0.094711;-1.209169;-0.734879;-0.050282;-0.28386;-0.591186;-0.286992;-0.031931;0.204722;0.113668;-0.765815;-0.359075;-0.09011;0.452073;21.19;0
163691;-2.651969;0.418922;1.324446;2.120849;-0.379766;-1.260491;1.738282;-0.232233;0.886357;0.234332;-1.138107;-1.33261;0.540758;0.669504;1.955067;-0.453652;-0.221945;0.123946;-0.751133;0.532188;0.330937;0.656018;0.127095;0.202578;-0.494188;-0.731567;-0.481476;0.221515;28.93;0
163893;-0.251316;-0.706225;-0.566659;-1.967439;0.1165;-0.220361;2.330731;-1.72642;1.157031;-0.502678;-0.253562;-0.472592;0.932533;-0.248682;-0.089822;0.817922;-0.970501;0.045399;-0.240617;0.248529;-0.355372;-0.670056;-0.478836;0.186872;0.748885;0.572173;0.261229;0.681907;153.71;0
163967;-0.549464;3.221274;-2.888947;-0.877432;0.157597;-1.938102;-1.530324;1.505504;-2.988886;0.082266;1.679934;-0.353371;-1.608284;-1.720626;1.3048;-0.364786;-0.316914;-0.484737;0.042305;0.51876;0.760902;-2.014986;0.461938;0.222648;-0.301823;-0.453715;-0.362248;0.230236;25.11;0
164077;-2.357876;0.128829;1.535573;1.337754;2.817171;-3.019077;-0.190981;-1.106865;-0.423134;2.740523;-0.491952;-0.360304;-0.98432;2.253915;0.306032;-1.289304;-1.353915;0.122909;0.224993;0.397418;0.163314;0.387173;0.12188;-0.602023;0.255803;0.385014;-0.314574;-0.53387;11.62;0
164125;-0.274344;-1.04322;-0.43826;2.578369;-0.236523;-1.242224;-0.070841;-1.428214;-1.036805;0.432133;-0.674536;0.603101;1.10679;-0.198102;0.500845;-0.066225;-0.73872;-1.428195;0.778642;-0.569838;0.732037;0.658806;-0.093987;-0.126178;-0.1606;-0.405493;-0.506294;0.443324;21.9;0
164153;-0.635573;0.313638;-0.28116;0.752567;0.433813;0.183033;0.827643;0.098574;-0.425958;-1.99274;-0.61048;-0.685172;0.090751;0.159873;-0.837626;0.043484;-1.471223;0.38066;-0.850558;0.525872;-0.587161;-1.14792;0.387441;-0.772776;-0.102536;-0.107773;-1.004658;0.303644;135.78;0
164171;-0.775183;-1.011607;0.677738;0.42484;-2.193731;0.186927;-0.21414;-0.325751;-0.643923;-0.340434;-0.17402;2.686836;-1.028056;-0.693227;-1.474146;-1.296849;1.019323;-0.565981;-0.921052;-0.485113;-0.118207;-0.014547;0.398547;0.160228;0.714593;-0.077946;-0.528111;0.296567;69.7;0
164201;-0.864394;-0.109231;0.552779;-0.343029;0.007033;-1.857396;-0.897088;0.765715;-0.097989;0.104601;1.848168;1.3817;0.571331;0.758926;0.647391;-1.061657;0.07554;-1.827874;-1.330084;0.821407;-1.395092;-0.35859;-0.61221;0.209935;0.065808;-0.0128;0.042891;-0.432842;35.39;0
164231;2.799217;-2.376241;0.708744;0.848261;0.511195;-3.143753;0.259299;1.088458;1.036053;-0.063226;1.453813;1.376929;-0.542217;0.688323;0.269465;0.664666;1.597073;0.013872;-0.18991;-0.758484;0.966087;0.092613;0.558363;0.804046;0.866925;-0.314825;0.480137;0.360976;44.14;0
164265;-0.779221;-0.284852;-2.440897;0.253702;-1.847858;1.976114;-0.428503;0.907472;-0.395116;0.015402;-0.126288;-1.013362;2.406057;-1.484964;0.045117;-1.072776;0.935084;1.300416;-0.718432;-0.6006;1.664539;-1.489288;-0.063047;0.183202;1.008265;0.352681;-0.213639;0.325932;14.3;0
164283;0.026859;-1.096685;0.860027;-1.001435;-1.238909;0.14674;0.687115;0.047878;-1.136188;0.402031;-0.635676;-2.000271;0.54507;0.174256;-1.217666;0.701753;1.019914;-1.596729;-0.278193;-0.578916;-0.220333;-0.912468;0.041605;-0.22588;0.823775;0.461919;-0.277196;-0.461754;24.76;0
164309;-0.184591;-2.212334;-2.862675;-0.368771;0.725053;2.089097;-1.013864;0.708424;-0.267402;0.644387;-1.7762;-0.325679;-0.915707;0.852017;-0.334654;-1.351125;-0.140125;-0.204157;0.009962;0.248887;0.262092;0.323086;-0.825694;-0.257045;-0.270319;0.598482;-0.025423;0.233898;12.24;0
164473;-1.054783;3.148023;1.182043;-1.161773;-0.70393;2.013126;-1.277664;-1.806416;-0.328571;0.372132;-0.909544;0.300591;0.815779;1.162419;-0.571171;-1.318282;0.401427;-1.362573;-1.453922;-0.030065;0.072664;-0.095918;-0.806869;0.393883;0.091527;-0.21881;-0.028744;0.096626;21.28;0
164839;0.085034;-2.144862;1.708756;0.089334;-0.091508;0.997164;1.621146;1.352289;-0.145254;1.126181;-1.994033;-0.150339;1.520178;0.630591;-0.482063;0.030369;-0.790913;0.215926;-0.459958;0.098348;-0.953202;1.083251;-0.911991;-0.415462;0.771106;-0.548249;-0.022381;0.00307;249.45;0
164860;0.057434;-0.257952;-2.046465;0.299812;0.796273;0.098661;2.807934;-0.431747;-0.740774;-1.539931;0.77492;-0.514525;-0.035716;0.714964;0.197914;-0.654082;-0.477837;0.731675;0.283778;-0.080811;0.90065;0.423756;1.473696;0.093496;0.414072;0.104767;0.424673;-0.027667;6.57;0
165001;0.085525;-1.658858;0.515934;2.390824;2.860884;-0.508876;2.249616;2.394226;0.348891;-0.185396;1.382267;-1.713578;-0.767216;-0.50849;0.632669;-0.460611;-0.007951;-0.679762;0.045731;-0.030931;-0.210452;-0.693368;1.396356;0.581729;0.605293;0.181565;-0.123448;-0.628453;11.79;0
165137;-1.745505;0.243878;1.61634;-0.778304;-0.256064;0.975733;-0.099188;1.388512;1.372769;0.563351;-0.362736;-0.65542;0.012549;-1.169877;0.250329;0.143457;-1.515678;-0.355835;-0.313016;-0.361155;-1.505268;0.51797;-1.065096;1.235144;0.649995;0.184393;-0.195796;-0.02267;5.05;0
166073;-0.471943;-2.474686;-0.657995;-0.186703;2.491493;-0.192611;1.298358;-0.18477;-1.445892;0.369218;0.411573;-0.230649;-0.618285;-0.288439;0.16696;-0.486447;-0.455586;-0.124893;-0.038844;-1.153492;-0.53259;1.23007;-0.948875;0.704887;0.677823;0.751441;0.005374;0.256115;3.65;0
166094;1.412628;1.183817;1.037191;1.858037;-2.653108;-0.764194;-0.860991;0.075479;0.445787;-0.621006;-1.090767;-0.480414;-0.277982;-1.191695;0.093302;-0.824365;0.661938;1.041103;-0.230258;-1.064223;-1.027902;-0.052039;-0.327625;-0.320497;-0.510143;0.05428;0.260721;-0.27191;25.02;0
166263;-0.420642;3.25255;-4.185963;2.633227;0.254741;-2.770213;0.620142;1.459033;1.005703;-0.489765;-1.958684;-0.486048;-1.36329;-0.69947;-0.169044;0.441643;-0.44156;-1.174464;-0.817041;-0.607111;0.079219;0.290022;0.67642;-0.455273;-0.026704;1.02827;1.145493;-0.018742;13.11;0
166311;0.245475;-1.722403;1.678276;0.74409;-0.411043;-0.09053;-0.733915;-2.639541;-0.527351;-0.827477;0.076788;-0.780304;0.810206;-0.713818;-0.765906;0.169026;-0.653174;-0.381256;-0.953715;-0.237999;0.074842;0.594274;0.377622;0.384417;-0.333524;0.430985;0.698346;-0.167785;465.23;0
166346;0.255722;1.835356;0.065291;-0.29006;-0.684793;1.478572;1.548065;-0.140675;1.327421;1.154566;0.411009;1.64831;-1.133308;-0.893076;0.03263;0.048065;-0.350629;1.319396;2.166723;1.137728;0.8559;-0.120111;1.333819;-0.130446;-0.058117;0.446108;0.098681;-0.141558;21.67;0
166405;0.743921;-0.930651;-0.369322;-0.601685;0.958133;1.694891;1.383096;2.074694;-0.116635;-1.928793;1.758053;0.711363;0.553835;0.520995;0.670021;-0.005966;0.623315;-0.610978;0.499211;-0.77484;1.325758;-1.522926;-0.198822;-0.902128;0.112621;0.042897;-0.204978;-0.606143;229.09;0
166445;1.019369;2.335019;1.505903;-2.547155;-0.246177;0.090861;2.564183;1.055376;-1.288575;-1.306871;2.124447;0.95645;-0.321936;-0.962218;-0.11492;-0.695703;0.290437;-0.331381;0.865859;-0.831195;1.385356;0.40024;-0.442347;1.581319;0.056108;-0.152649;-0.034281;0.217954;141.46;0
166514;-0.409594;3.516103;2.631227;-1.247431;-2.744436;-1.161985;-0.294338;-0.94688;-1.448715;0.54632;-0.264139;0.280044;0.183985;1.772157;-0.847531;-0.879173;-0.213747;0.151309;0.47904;-1.391714;-0.75851;0.575825;0.024669;0.105537;-0.304423;-0.299071;-0.268758;0.006358;24.21;0
166757;-1.847104;-0.67431;0.753431;0.214219;-2.14195;1.220649;1.948002;0.424225;0.81329;0.682061;0.950357;-1.311747;-0.485716;0.959584;-1.098036;-0.293363;-0.004838;1.954824;1.118322;0.395954;0.442063;1.053475;-0.117762;0.762076;-0.656476;0.089728;0.086701;-0.269663;784.62;0
166773;-2.446495;-2.90006;2.449158;-0.187;1.046397;-0.000436;0.618017;-1.112265;0.712144;-1.637019;0.341392;0.741047;0.158368;1.151914;-0.877942;-0.681113;0.717045;-0.938594;0.454367;-0.154364;0.571699;-0.792173;-0.02691;-0.203414;-0.790611;0.429249;0.129086;0.395135;49.54;0
166861;1.914489;1.370186;-2.325458;0.955239;-2.209375;-0.466348;0.083482;-0.356346;1.670719;0.772819;0.022317;1.34474;0.385342;-0.65159;-1.050798;-0.000979;1.104354;0.634502;-1.714966;-0.986475;-0.392145;-0.758924;0.056269;-0.019129;0.952575;-0.096464;0.24438;0.28269;320.38;0
167038;1.431988;0.118242;1.025583;-0.207188;1.083373;-1.916367;0.407872;0.447267;0.68779;0.28675;-0.018227;1.489118;-0.366829;0.202285;2.621003;-0.334644;-0.428307;-0.997746;-0.689003;-0.012017;0.199601;-0.496136;1.304419;0.092443;0.646001;-0.181609;-0.786828;-0.022047;269.05;0
167304;1.196261;0.598099;-0.179326;-0.961001;0.222187;2.818003;2.095536;0.656692;-0.15942;0.652072;-0.127848;0.627402;-1.690362;-0.991179;-0.808733;0.025848;-0.090904;-0.846341;0.181374;-0.439158;0.281503;-0.120898;0.064531;-0.166429;0.178902;-0.505235;-0.350036;0.412406;61.68;0
167422;1.511847;-0.857932;-1.170211;0.554709;-0.184993;1.00207;-0.173602;0.918008;0.480539;0.168974;-0.083963;0.010978;0.293535;0.218662;-0.044972;-0.071747;1.05056;-0.43129;0.159279;1.007298;-0.36412;0.387648;-0.669202;-0.463156;-1.485346;0.250898;0.581074;0.522472;102.18;0
167461;-0.385034;-1.800173;-2.892309;3.627477;-0.062434;1.145511;-0.110517;1.518207;0.029296;0.553764;1.709746;0.008127;0.345196;-1.687012;-0.088961;1.563437;0.429672;0.390468;0.096447;-0.506288;0.925821;-0.807192;-0.190127;1.340492;-0.426056;-0.523522;-0.440793;-0.310405;84.45;0
167495;-1.288509;1.737402;0.943798;-0.380636;0.760366;-1.127536;-2.571471;-1.370534;-0.41583;0.591431;0.23887;0.523597;-1.40543;1.029805;1.276116;-1.209853;-1.226507;-0.461783;-0.913756;1.317554;0.161638;0.683464;0.439925;0.216524;0.260926;0.195005;-0.307058;-0.368029;5.95;0
167514;-1.981794;0.283237;1.341688;0.26722;-1.574931;0.126067;-0.19234;0.078585;-0.654299;0.604382;1.796699;-1.614598;-0.971836;-0.6091;0.38073;-0.154866;-0.78813;0.111649;-0.464678;0.142615;-0.135317;0.647136;0.362235;-0.962564;0.440777;0.138794;-0.129752;-0.736594;36.09;0
167524;-2.194232;-2.767354;2.046454;1.272634;0.108362;-0.088387;0.317809;-0.961913;-1.945318;0.356032;-0.896276;0.642194;-0.363885;0.300731;0.37629;-0.964781;-0.761409;-0.602697;0.190523;-0.294061;-0.9032;0.667708;0.32844;0.06204;-0.161128;-0.068066;0.56857;-0.233858;165.9;0
167544;2.293709;0.918294;1.796501;-0.741698;-1.522514;1.060186;-0.955187;-0.424639;-0.866361;-0.003262;-2.869387;-0.470829;-2.233068;0.478935;0.148691;-0.415102;-0.377489;0.06845;0.019403;-0.187862;0.83047;-0.223432;-1.063376;-0.877646;0.289392;0.590584;0.265325;-0.127826;326.78;0
167585;-1.031632;0.571072;-1.145282;1.877316;0.27583;1.828426;-1.25974;-0.847781;-0.071615;0.00319;-0.452152;2.197372;0.64959;-0.521805;0.240335;-0.708965;0.298058;-1.090069;0.618128;0.235789;0.04473;-1.609211;-0.976862;-0.515849;-0.048575;0.77913;-0.111168;-0.538312;11.24;0
167595;1.986975;-0.832767;1.968965;-2.172237;0.942138;-1.887507;-2.305536;0.64429;-3.026773;0.340881;-0.83277;-0.287492;-0.499253;-0.75633;0.283252;0.572297;1.601293;-1.069185;-0.880604;-0.196496;0.047151;1.152922;-0.091439;0.065152;0.590828;-1.032175;-0.184302;-0.276668;73.2;0
167600;-0.434427;2.532277;2.128485;-0.508972;0.279005;-1.409321;-0.734967;1.303093;-0.616353;0.989701;-1.50345;0.202592;0.247028;-0.105399;-0.580941;-1.287043;-0.091357;-0.43137;0.383575;-0.702738;-0.627674;-0.426879;0.266566;0.328954;-0.019105;-0.728653;-0.272969;0.244054;41.53;0
167601;-1.38867;-1.33944;-0.372576;-0.371934;0.889871;0.878831;1.752262;1.367347;0.962631;2.231568;1.346663;0.153272;-1.04978;0.780847;-0.844797;0.697111;0.547185;0.51331;-0.474041;0.495812;0.642471;0.516683;-0.525255;-1.539136;-0.036752;0.286488;-0.502223;0.087004;27.75;0
167601;-2.204011;-0.562347;0.062927;0.284644;-0.91602;-0.655679;-1.847497;-1.265156;1.427552;0.66603;-1.34312;-0.675216;1.906789;-0.131106;0.043364;0.476126;0.95508;0.162789;-0.298423;0.77347;-0.838373;0.087611;0.916422;1.046664;-0.259369;0.829666;-0.324642;-0.250829;56.49;0
167799;-1.216901;1.059761;-1.390573;-2.729503;-0.035808;1.103783;0.968381;-0.096725;-0.630189;0.501374;0.614442;0.462729;-1.393766;0.588839;-0.4986;1.818766;1.258663;-0.650473;-0.055183;0.800927;-1.621891;0.812688;0.32529;-0.401895;0.393037;-0.667226;0.70449;0.408979;45.92;0
167857;2.695566;-0.1372;2.256138;1.990891;-0.278407;-0.476169;1.08039;-1.298153;-0.671499;1.414818;2.074478;0.348669;-0.508535;0.772328;0.157774;1.596651;0.955949;-0.950518;-1.412469;-0.11341;-0.52739;-0.036932;-0.331261;-0.136988;0.216496;0.206533;0.595516;-0.444564;74.6;0
167924;-2.18421;-2.665052;-2.262799;0.658189;-0.368746;-1.64087;3.031548;-1.337812;-0.84198;0.522141;-1.152913;1.022577;1.12112;-0.174755;-0.992132;-0.692171;-0.662373;0.868401;0.092975;0.85072;0.243325;0.049516;1.713725;0.935455;-0.601451;-0.855288;-0.137235;0.165157;287.89;0
168136;4.057656;0.047973;0.827806;1.664421;-1.054885;-2.319935;1.27756;-0.73746;-0.664229;-1.065738;-0.215556;0.723243;-1.133439;-0.098169;-1.35112;1.098436;-1.267594;1.145124;1.008739;0.252916;0.237029;0.129536;-0.298638;1.044008;0.201809;-0.907954;-0.197796;-0.076607;107.36;0
168219;-1.709184;-0.986894;-0.881212;2.360511;-0.545915;0.66389;1.173679;0.458524;1.206914;-0.70933;1.399762;0.195276;0.057378;0.143255;-1.174184;-0.275437;-0.560616;0.426488;-0.995017;-0.215377;0.092559;0.300654;-0.239028;-0.377924;0.097165;1.013596;0.456173;0.031506;52.77;0
168375;1.392402;1.212604;-1.652858;-0.981601;-1.485532;0.696505;0.445945;0.667509;1.742129;2.083522;-0.403707;-0.800592;0.571769;1.106708;-0.077229;0.277922;0.124897;0.298656;1.494787;-0.42198;-0.135627;-0.889422;-0.267954;0.648552;0.501057;0.190517;-0.241749;0.099231;542.91;0
168444;-0.35324;-0.008392;-2.81084;-3.471983;-2.287933;1.310387;-0.008937;0.828533;-1.907325;-0.687642;0.359037;-0.771818;-1.476211;-0.31955;-1.480168;1.52368;-0.659006;-1.795751;-0.534503;0.718917;0.105791;1.350451;0.015901;0.096821;-0.046711;-0.753453;0.266811;0.395042;175.02;0
168627;-0.695091;-0.106502;-0.305263;1.69784;-0.916989;0.456072;1.046727;0.754907;-0.942612;0.711461;0.67208;1.650441;-0.671909;1.102241;1.76419;-0.65723;-1.417595;0.498657;0.467115;-1.285822;2.078017;-0.050887;-0.67635;1.619249;-0.506449;-0.105789;-0.442674;0.234089;28.83;0
168630;-2.549271;-2.083475;-1.889524;-0.336663;0.913824;-4.977389;1.53839;-0.958943;-2.09982;-0.98769;0.197067;0.096275;0.152557;0.254922;1.766531;0.059227;-1.065214;1.334268;-1.081792;1.079336;0.172341;0.41406;0.447047;-0.410737;-0.234855;-0.382635;0.067536;0.360888;5.34;0
168856;-0.261866;-0.667944;0.105193;-1.539099;0.373011;0.689567;0.201415;1.457483;-0.081498;1.48988;-0.43728;2.065794;0.405188;-0.697146;0.795799;-1.703722;2.565659;0.900659;1.738918;0.107018;-0.318355;1.091415;0.532386;1.006314;0.953835;-0.209256;-0.188694;-0.335842;7.53;0
169350;-2.328658;1.408275;2.691699;0.888346;-1.684112;-1.918418;1.591939;1.005903;-0.587204;-0.411585;-0.776498;-0.800076;-0.819406;-0.030314;-0.346162;0.791381;-0.208595;0.855168;-0.868766;-0.449702;-0.08643;-0.005649;0.403622;-0.356968;-0.110576;-0.153535;0.183579;-0.095205;134.27;0
169549;-3.349075;-1.613408;0.321256;3.568251;-0.510296;-2.464065;3.565182;-0.441101;0.344813;0.18023;-1.096676;2.181873;1.736945;-1.065809;-0.450077;1.860332;1.528114;-1.390472;0.157753;-0.54044;-0.161399;-0.717144;-0.290927;-0.654908;0.537317;0.103463;0.516223;-0.312275;12.87;0
169755;0.163217;-0.326312;3.035894;-0.084647;1.005601;-2.624246;0.077865;-0.396154;0.67954;-0.158783;0.628444;-0.924078;0.431706;-1.282167;0.259848;0.514466;-0.22187;-0.591622;-0.444161;-0.331304;0.040603;-0.740027;-0.288129;-0.185028;-0.712599;0.220171;-0.242161;-0.43133;7.3;0
170031;-1.309075;-1.890052;-1.463233;1.420585;-0.568918;-2.74665;0.112762;-0.732474;0.557488;0.640305;-0.651044;-0.424002;0.715586;0.592575;0.532925;1.213942;0.661656;-0.121665;-0.050418;0.553548;-0.675386;-0.323811;0.370121;-1.000747;0.205894;-0.336232;-0.426382;0.298193;10.62;0
170050;3.21448;-2.318048;-1.914221;-1.332254;-1.906517;0.391041;-0.124225;-1.487293;-1.860533;0.276984;1.239896;0.447722;0.65927;0.775858;0.259595;1.014917;-0.143141;-0.597782;0.080799;0.249921;0.573224;0.24001;0.123691;-0.567911;-0.797347;-0.361185;-0.119258;-0.646218;11.81;0
170105;1.880042;-0.416806;-1.530794;-2.325196;3.165527;-0.952475;0.155841;0.84257;-0.078272;1.081861;1.640951;0.997563;-1.530775;-0.021703;-1.202531;-0.611809;-0.013711;-0.974295;-0.274214;-0.343409;0.206709;0.315298;-0.507142;-0.195278;0.036499;0.198133;0.535003;-0.192698;118.63;0
170181;3.239993;0.030676;-0.078302;1.367795;-0.180403;-2.00041;1.506651;1.028254;-1.915291;0.804241;-1.159948;0.681299;-0.140179;0.055774;-0.182817;0.295297;0.649424;0.352057;-0.560632;-0.406467;-0.586052;0.813501;-1.264947;-0.154391;-0.385022;-0.318895;0.052888;-0.181073;26.18;0
170320;-1.397722;3.179383;4.131653;0.845424;-1.555739;0.0507;0.097948;-1.052002;1.86056;0.397196;0.772956;-1.88398;-0.045588;-0.543693;0.475272;0.444635;-0.366099;0.837263;-0.048241;0.251809;0.734431;-1.10637;-0.25475;0.559014;-0.480737;-0.32261;-0.029918;-0.070052;4.23;0
170381;0.195469;-1.057946;-2.489793;-0.591298;0.286344;-1.450891;0.224581;-1.415912;-0.440145;0.800012;2.120165;-0.55668;-0.274185;0.173084;-2.159;-1.016442;-1.04697;-1.172975;-0.065867;2.12261;-1.398946;0.159626;0.313655;0.50133;-0.542356;0.051761;0.461534;-0.377476;34.69;0
170417;-5.180308;-0.356793;0.955691;2.492831;-0.068133;1.324824;-0.319566;-1.064479;-1.55311;0.853403;-0.85244;-1.124068;0.16916;1.91222;-1.015833;1.281302;-0.712474;0.871851;0.25231;2.114752;1.561378;0.443285;0.296832;-0.021689;-0.111193;0.014975;0.207363;-0.243274;46.22;0
170470;-0.619515;-2.432627;-1.036948;-2.435574;-2.07724;1.948792;0.596431;0.181191;-0.648692;-0.34323;1.244655;-1.3575;-2.053006;0.979309;0.468541;-0.434131;-0.717116;0.187533;0.382419;0.819419;1.366197;0.41627;-0.948992;-1.059706;-0.988261;-0.217662;0.928267;0.615523;16.14;0
170490;0.122072;0.789175;-0.317943;-1.676643;0.178849;-0.269411;-0.633964;-1.594553;0.178671;-0.426343;0.593169;-0.00607;0.092962;-0.063015;-0.294047;-0.180804;0.052045;1.363348;0.646907;-0.586341;1.249354;-1.740139;0.50913;-1.302311;-0.748404;0.515631;-0.436445;-0.086328;187.51;0
170491;0.230394;0.418704;-1.87961;-0.700872;1.407555;1.851775;-1.530423;1.392094;0.756573;1.781784;0.999694;-2.080456;-0.321183;-0.146662;-0.293122;-0.222007;-1.650565;0.667658;0.444932;0.590635;-0.372466;-0.267827;1.137626;-0.323247;0.048687;0.241996;-0.003651;-0.291545;17.61;0
170495;-0.152618;2.304923;1.347499;-0.436084;-0.271416;1.849536;0.545113;1.32087;1.380341;0.859849;-0.751532;0.999908;-2.061399;-0.351335;0.998682;0.042985;0.242482;0.109111;0.097101;-0.562982;0.16569;0.585881;-0.227735;-0.509656;-0.908502;0.988865;-0.553044;0.077716;174.6;0
170534;0.059856;1.653106;-0.046327;2.150804;-2.793074;0.132528;2.444437;0.55497;0.019201;0.530795;1.963289;0.747341;0.375526;-1.344625;-0.058968;2.588116;1.069017;0.115694;-0.217767;-0.166233;-0.463931;-0.584969;-0.136161;-0.360956;-0.791246;-0.121708;-0.436245;0.024966;81.06;0
170601;-5.360823;0.337934;1.662055;0.139861;0.521852;2.325493;-0.369531;1.013586;-0.417215;-0.78383;-0.663064;1.613216;-1.163948;-0.453596;-0.440843;-0.523751;-0.456919;0.001789;-1.25166;1.061543;0.304395;-0.85413;-0.334392;0.989431;0.929065;0.345597;0.525409;0.635223;132.94;0
170666;0.429633;-1.083224;0.28462;-0.203995;0.882002;-0.80681;-1.301094;0.119919;0.703576;-1.85919;0.673457;-1.045979;-0.3953;0.657263;-0.290802;-1.350356;-0.582984;1.527605;0.115815;-0.177943;0.003407;0.406008;-0.228961;-0.370456;0.817041;0.714275;-0.361013;-0.090169;6.37;0
170669;0.872708;0.084076;-2.896752;-1.73341;-0.759249;-2.580489;2.365396;0.603533;0.673399;-0.229009;-0.0445;-0.948562;-0.274224;-0.884738;-0.260837;0.153973;1.6719;0.514126;0.876523;-0.207777;-0.345985;0.215401;0.741148;-0.527913;-0.43289;-0.437596;0.626331;0.1607;38.38;0
170678;2.53915;-0.462053;1.67578;1.61302;-0.749105;-2.047323;0.046495;-1.497217;0.080656;-0.403398;0.567386;1.051642;-1.802342;-0.258855;-0.769432;-0.749445;1.245902;-0.309107;-0.6313;-0.379422;-0.353764;0.165954;-0.496295;-0.002124;0.171121;-0.175683;-0.443376;-0.395976;30.59;0
171065;0.649039;1.379378;-3.019631;-1.54403;3.165842;-0.868021;1.161252;1.704671;0.840585;-0.248255;-0.983088;1.126516;-1.694975;-1.063454;-0.212503;-0.349586;0.347715;0.478194;-0.551198;-0.619172;0.050215;-0.465335;0.140187;-0.317133;-0.428486;0.600865;-0.037022;-0.237157;3.92;0
171081;-0.324937;1.15938;-2.803553;-1.739948;-0.858336;0.730622;-0.913918;-0.52995;-0.721274;1.019614;-1.231911;1.345171;0.493561;0.764027;-1.047311;0.555454;-0.66287;0.391513;1.047417;-0.191631;2.133422;-0.94656;-0.180525;0.364197;-0.406503;0.329929;-0.477571;-0.205008;173.75;0
171159;2.084637;-0.782799;-1.364976;-0.498367;-1.498196;-1.515914;0.002116;-0.103273;-0.076425;1.754876;0.312771;1.152621;-0.609665;-1.212302;-0.313324;-0.947046;0.482122;-0.355167;1.312317;0.58013;0.94304;0.683599;0.108246;0.149791;-1.630524;-0.011204;0.262017;-0.489206;9.72;0
171274;-4.666802;-2.799249;-1.344822;0.301736;0.084657;-0.878815;1.726687;3.009769;-2.286271;1.299318;-0.354598;0.226954;-0.40719;0.578971;-0.479641;-0.310412;-0.887322;-0.688924;-0.686249;0.531193;0.052537;2.402915;-0.187343;1.130722;0.794948;-0.676988;0.081766;0.015644;13.27;0
171584;-1.07415;2.03676;2.127992;-0.952602;0.843282;-1.641804;0.152158;-0.211809;1.478855;-0.570231;-0.389316;-0.445464;0.039928;0.997495;0.200532;0.267816;-1.157741;0.992841;2.05671;0.236244;-0.142266;-1.166558;0.498861;-0.178019;0.288375;-0.63599;0.503126;0.083056;7.24;0
171920;-1.563329;0.736642;-0.238446;1.073965;0.784759;-0.84836;0.167571;0.929888;-0.590861;0.67661;0.575715;0.737649;-1.717887;-0.300441;1.368217;-0.674946;0.368874;-0.220413;0.328169;0.915814;0.444787;0.734567;0.63537;1.177892;0.386055;-0.222058;0.337587;0.042033;94.8;0
172167;-0.137318;-0.822718;1.903552;-0.331826;-3.355934;1.805804;-1.855857;0.662294;1.48512;-0.441179;-1.504571;-0.427433;-0.421397;-0.649446;0.226206;-0.024821;-0.431315;-0.267581;0.737999;-1.317892;-0.457452;-0.12328;0.22191;0.425719;0.276821;-0.393377;0.049317;-0.531669;3.36;0
172219;-4.357451;0.669171;-0.837555;1.564932;-0.861809;0.495576;0.965922;-1.536054;-0.77181;-1.916812;1.251021;0.114231;-0.136194;0.466113;0.083865;0.267328;-1.760008;0.488728;-0.295233;0.050482;-0.176483;0.228352;-0.143583;0.323623;-0.103553;-0.381922;0.046009;-0.318626;83.66;0
172260;2.50329;-0.14049;0.499646;0.787257;1.640986;-0.747396;-0.984494;-1.139694;0.282446;0.006659;0.141903;-0.367962;1.663954;1.548328;0.202791;-0.092361;0.484617;-0.434932;0.199105;-0.535926;-1.434631;-0.043004;0.477793;-1.212904;-0.252562;-0.898126;-0.506125;-0.130224;158.66;0
172303;-0.557129;2.011209;0.735804;2.613901;0.500831;1.643227;1.378428;2.472707;0.010218;1.464191;0.798086;0.273966;-0.91348;1.29801;-0.795162;0.148095;1.235749;0.192058;0.33492;1.53796;0.056323;1.580555;-0.474516;-1.304924;-0.017988;-0.664702;0.152782;-0.385092;74.13;0
172443;0.551654;-3.60852;1.071059;-0.557965;-1.655392;0.054135;0.240953;0.739204;-0.712194;-0.274818;0.557895;1.239646;0.727324;-0.06081;0.62878;0.324014;0.547281;-0.319404;-0.738623;-0.187177;0.074881;-0.577471;0.2563;-0.982071;0.762156;-0.431733;-0.038593;-0.673443;96.44;0
172699;0.365028;-0.95714;-0.682039;1.268439;1.764525;0.197762;0.351112;0.029919;0.47757;0.998215;0.614148;-0.335955;-0.031723;-0.837855;0.359825;-0.582451;-0.448973;-2.166596;1.329333;0.581057;-0.406972;-0.433042;-0.328969;0.130275;0.011994;0.057501;0.263581;0.316145;103.47;0
172751;2.391855;2.496364;-0.550561;-2.467272;1.381559;1.539891;0.947952;-0.587421;1.354644;-0.63551;-1.202426;-0.48637;-1.120166;-0.212809;-0.050939;-1.282001;-1.860714;0.324534;-0.041741;0.777905;0.319515;0.054849;0.123294;0.460085;1.00937;-0.168572;0.299626;0.498358;7.97;0
